Date,Close,High,Low,Open,Volume
2005-01-03,774.6522827148438,784.3896817897995,773.948401954868,775.4735246717269,379590
2005-01-04,777.233154296875,784.8588380748821,775.5906706871626,778.4063364165684,379110
2005-01-05,790.13818359375,797.2945661170445,781.5739681594621,782.5124995650056,558800
2005-01-06,791.4288940429688,797.060227385511,784.8591006171735,786.0322831293068,408765
2005-01-07,792.8362426757812,796.3557880604965,789.0820466110182,792.4843024583766,311070
2005-01-10,794.2444458007812,796.473520893477,789.551716431205,792.1327319055455,253345
2005-01-11,787.791748046875,794.7135507969474,784.037551158791,792.4844762556428,326070
2005-01-12,783.4510498046875,788.8477308256719,775.4734252577521,786.0320649359968,308465
2005-01-13,774.3004760742188,784.272527660023,772.1887618241831,781.9261625810102,291650
2005-01-14,775.942626953125,781.3392356745031,774.3001434612192,776.6465075323139,235175
2005-01-18,794.2444458007812,794.2444458007812,770.7807989529,775.9428299015809,303705
2005-01-19,786.1492919921875,794.2442770772128,785.2107606387206,794.2442770772128,235685
2005-01-20,780.7525634765625,788.4955354639455,772.5402900816174,786.1491716368183,328665
2005-01-21,775.7081298828125,784.9762268363185,774.7695983895333,780.2834977645596,299175
2005-01-24,778.7581787109375,785.0933900020252,775.2386327948543,776.6464654823566,237115
2005-01-25,786.0320434570312,788.4956973391571,778.8756609572515,780.7527237621706,272145
2005-01-26,786.6184692382812,792.4843787777165,785.6799380330398,789.5514240079989,216890
2005-01-27,778.9929809570312,786.6186652585685,775.2387835952027,783.6857097579773,233975
2005-01-28,772.6576538085938,776.8811520660976,768.9035286090547,776.0599103266928,241175
2005-01-31,777.7025146484375,785.0935482408362,774.769559127219,778.4063953313862,253450
2005-02-01,782.9818725585938,785.9148282220507,774.6522355111586,777.2332508160731,257565
2005-02-02,784.2721557617188,788.1436419851726,779.8140785466703,785.4453377449075,239625
2005-02-03,777.5849609375,781.3391573962077,772.6575825607799,780.7525664372016,240895
2005-02-04,792.1326293945312,793.6577519212018,777.1159116762957,777.585141589309,308855
2005-02-07,794.2444458007812,795.6522789327277,788.965125260008,790.7248987735991,201280
2005-02-08,794.5963745117188,797.8812707011015,792.0153590752873,792.484660647499,268215
2005-02-09,813.1326293945312,814.1885221143473,802.9260005946812,803.6298813376483,494025
2005-02-10,851.6129760742188,855.7191137185393,814.0711461832883,815.9482090356917,849275
2005-02-11,857.8307495117188,861.8195256125782,847.0374600761054,849.3838242314408,484570
2005-02-14,838.7083129882812,850.5574292221874,825.216712386826,844.6915159172067,720760
2005-02-15,842.9315185546875,845.2778832549094,828.384028771165,832.9594685787448,391875
2005-02-16,828.266357421875,837.6518118969104,820.054084756219,834.7188573734619,358535
2005-02-17,817.4732666015625,828.0319054194495,816.4174456829851,825.9201919769425,347980
2005-02-18,808.6743774414062,816.7693622755688,803.6297089181725,815.3615294863209,394585
2005-02-22,796.590576171875,804.8028501530283,795.8866956156289,797.7637581691826,386040
2005-02-23,805.3895263671875,809.8476041075811,800.4621471360771,800.4621471360771,262125
2005-02-24,799.9930419921875,806.6801238428055,797.763966971738,804.2164696457742,311145
2005-02-25,801.8700561523438,803.6298295016173,795.4175538716738,803.6298295016173,365590
2005-02-28,783.6856079101562,799.5235655550472,777.8196976713078,799.5235655550472,619230
2005-03-01,780.7525634765625,792.0150812046362,780.7525634765624,784.2721092172532,412775
2005-03-02,764.70849609375,779.871051641598,762.8279013042911,779.871051641598,726195
2005-03-03,763.5330810546875,772.8186879019408,759.3017070489032,772.8186879019408,559690
2005-03-04,765.1787719726562,767.764643921813,756.3633483324182,763.533197530438,532405
2005-03-07,773.6412963867188,789.2739606335305,767.5292573249374,770.4677307450174,378925
2005-03-08,784.4552001953125,789.9794749968879,772.3486275703235,772.8188121977392,458005
2005-03-09,771.0556640625,790.3320843601009,768.1171897329936,784.4551357010879,376060
2005-03-10,777.1678466796875,780.9291088550857,771.1733149107407,773.4065845042892,300200
2005-03-11,760.5945434570312,770.8204468140601,759.4191539157655,769.8801495290644,424645
2005-03-14,750.486328125,756.8334612405757,742.258600173747,746.9601590030344,1162815
2005-03-15,727.8015747070312,746.4902345210155,721.6895317513413,746.3727242053774,1358920
2005-03-16,739.3201293945312,745.3145882341246,717.222817140615,721.6892837014979,854930
2005-03-17,714.6370239257812,739.9079055284199,713.8142366883724,739.4377208955855,741965
2005-03-18,702.4129028320312,714.7544955044623,688.0732049285239,714.6369852226691,1621390
2005-03-21,680.550537109375,692.3044323962381,679.1400553269347,688.7782638101792,1074115
2005-03-22,660.5689697265625,675.7315245960372,657.1603111155675,658.2181904748666,1463295
2005-03-23,666.4457397460938,671.7349916488405,656.8075330419633,657.0426252523217,1133280
2005-03-24,653.63427734375,670.0897355069528,651.1659873153113,668.7968353473143,1055190
2005-03-28,670.2074584960938,674.3213239021237,636.8263505054035,640.5876132246547,1356845
2005-03-29,684.076904296875,701.0025471198497,671.2651260186409,675.8491752073936,1501380
2005-03-30,671.8526611328125,678.7874884117554,665.2705081230365,675.849014435947,1263065
2005-03-31,651.2832641601562,667.0335114526015,648.8149750164512,664.0950378338675,1308645
2005-04-01,598.8612060546875,655.8676211550846,589.5756322123453,646.4645011385243,3518355
2005-04-04,626.482666015625,643.5258154663316,589.4578930709868,614.141075034079,3371440
2005-04-05,622.95654296875,645.2889473393278,619.4303738576061,635.8858297096108,1217260
2005-04-06,622.8389892578125,630.7140423314212,610.1447239509134,622.9564995239512,660895
2005-04-07,620.1354370117188,631.7718211105298,620.0179267642874,629.4210422412813,731760
2005-04-08,610.1447143554688,623.5441845286513,606.5010352814026,620.6057105205049,1042560
2005-04-11,612.3779907226562,620.0180232364705,603.562568591332,610.0272114876365,776215
2005-04-12,625.3074951171875,631.1844452592663,615.9043748898613,615.9043748898613,998795
2005-04-13,606.61865234375,630.5966331676951,606.61865234375,627.6581586422166,840620
2005-04-14,604.032958984375,610.1449296862701,602.8575689663007,606.6187596320475,582810
2005-04-15,600.7416381835938,618.4900285081499,600.0363972420134,604.15026088618,679410
2005-04-18,602.5046997070312,609.439527266856,600.0364101634137,604.7379687151349,522140
2005-04-19,606.2660522460938,610.6150089097367,591.6912257136925,601.2118903894713,646960
2005-04-20,599.5664672851562,608.2643464174033,599.331374928856,606.2661689990236,496825
2005-04-21,610.0274047851562,611.0852844721578,600.5067386925327,605.3258448253476,431300
2005-04-22,591.8087768554688,611.4378012799266,588.4001535371634,610.0273191419826,961355
2005-04-25,608.3815307617188,611.4375862759929,586.6368625166713,590.6331793421929,828545
2005-04-26,600.2713623046875,614.1409424463708,596.6276481037256,603.5624381745673,764995
2005-04-27,609.4393310546875,612.9654988332103,594.7469653108426,598.2731330893654,630095
2005-04-28,601.09423828125,609.5570219357543,600.6240896121183,609.4395116710045,521410
2005-04-29,597.6856689453125,606.0309072099662,587.6948563867379,601.2118380836329,936620
2005-05-02,628.12841796875,640.5875227425616,622.1338861797541,633.5351830426436,1354255
2005-05-03,626.482666015625,631.5368270219547,619.900512854836,628.2457504415602,700795
2005-05-04,639.0596923828125,639.8824799046919,627.423300227971,630.0091731223944,529945
2005-05-05,633.7700805664062,640.5873258327558,629.8913092717667,640.234723304168,316860
2005-05-06,636.3560791015625,638.7068587484245,632.3597250058566,635.2981995644341,345575
2005-05-09,641.5274658203125,642.3502526786193,629.4209703740177,636.23821396843,397325
2005-05-10,626.1302490234375,639.999836269502,623.1917741094361,639.999836269502,413965
2005-05-11,625.4249267578125,627.3055936107952,617.4322899179248,626.1302037302204,319265
2005-05-12,616.8447265625,628.2460251842132,616.0219391225602,626.6004503043337,295175
2005-05-13,611.7906494140625,620.841169046408,607.9118757830945,618.2552960457192,374825
2005-05-16,620.723388671875,622.6040555898055,609.6747664569763,611.202759006471,261480
2005-05-17,627.4231567382812,628.598546717836,614.1412643173353,616.4920442764447,263685
2005-05-18,625.8949584960938,632.3596012599031,622.838974249237,628.9509427429505,362430
2005-05-19,622.95654296875,630.596576042895,620.7232738356545,626.4827120798939,336440
2005-05-20,631.8892822265625,635.0628478013087,620.958175682501,622.9563519140131,389940
2005-05-23,628.2457275390625,633.5349806240499,626.4826431774001,628.2457275390625,327485
2005-05-24,632.359619140625,632.4771294072548,623.3091046673603,625.8949761940202,306385
2005-05-25,635.6507568359375,637.0612388714952,628.2458158243804,632.9473747828416,427420
2005-05-26,654.8096313476562,656.3376954854856,634.3578917947674,636.0033944768985,768490
2005-05-27,662.9198608398438,668.9143202471421,656.1026142075962,660.5690811914754,746220
2005-05-31,652.9287109375,670.0893648331707,650.9305349178511,669.7367624156009,850150
2005-06-01,660.8807373046875,665.5928994245071,656.168575184868,657.3466157148229,685870
2005-06-02,658.4070434570312,663.2369820611907,656.2865124582241,663.2369820611907,417275
2005-06-03,648.9826049804688,657.3466646044636,646.1552787375418,657.3466646044636,403835
2005-06-06,646.1554565429688,651.1032428786485,642.9747316198952,650.2785998390498,282615
2005-06-07,650.6319580078125,658.4070708896096,645.4486213218563,645.4486213218563,333110
2005-06-08,647.3333129882812,651.9277001123763,645.8018745808804,649.6893942002495,238245
2005-06-09,654.4011840820312,654.8724288169083,646.1549045346429,647.4507197027776,262830
2005-06-10,648.9826049804688,657.1110421005709,644.977238119971,657.1110421005709,249210
2005-06-13,653.8124389648438,658.5246006871129,646.2729514484604,649.1002772425746,280340
2005-06-14,654.63720703125,656.286420808794,649.1004015667264,653.8125641915302,216715
2005-06-15,652.7520751953125,658.1711034983153,647.6865164895811,656.757440814842,380705
2005-06-16,650.6319580078125,653.8126827366427,647.6868558333232,652.634641866847,319870
2005-06-17,654.4011840820312,657.3462839203842,650.6314419085692,657.3462839203842,448355
2005-06-20,655.93310546875,658.4070342989788,650.8675443905258,654.401666803506,296010
2005-06-21,663.1193237304688,664.4151401011044,654.4017913584458,656.757873415542,408675
2005-06-22,659.1136474609375,666.6531352811194,657.8178316958521,666.1818903291512,323580
2005-06-23,650.2783203125,663.0011426338899,649.9249225622718,658.5246033599411,405980
2005-06-24,642.5033569335938,651.4564365228808,642.1498872403691,650.8674162366938,430390
2005-06-27,648.2759399414062,649.9252260818754,644.035021154365,646.7445010406366,401195
2005-06-28,649.9252319335938,652.0456913462064,647.6869252802206,652.0456913462064,326500
2005-06-29,688.9180908203125,691.6275696717433,674.4282066131927,678.1979507073909,1541600
2005-06-30,684.441650390625,694.3372210847429,683.3813849941486,690.920874275562,766265
2005-07-01,690.44970703125,693.5126563540341,687.5046049335192,688.5648704494649,393300
2005-07-05,700.8163452148438,702.93680380407,690.5673781480472,692.0988164679391,442635
2005-07-06,696.6931762695312,707.2955407057487,696.5753290791087,701.5231135297206,519860
2005-07-07,698.2247314453125,701.9944760342423,685.1484366432649,694.8083846830547,505940
2005-07-08,707.4132690429688,709.0625543843374,698.4601906518034,700.9340467619757,355345
2005-07-11,712.9502563476562,717.3090213811738,705.2929916867387,707.6490731208672,452650
2005-07-12,712.8321533203125,714.0101936146127,708.1199921431116,708.5912370215812,260425
2005-07-13,713.7750244140625,715.0708406693377,708.5916155891377,712.7147588219923,261000
2005-07-14,714.481689453125,719.7828726395044,713.5392712670373,716.2487505152515,352975
2005-07-15,721.0784912109375,721.5497361258938,713.3034534273121,714.5992690906234,289755
2005-07-18,708.0025634765625,719.6651968603176,706.8245226055532,718.0159108801412,322005
2005-07-19,715.0707397460938,717.8980663246314,712.007862537596,712.5968829162996,269650
2005-07-20,714.481689453125,718.4870566213712,708.4737106026546,715.0707098071672,308435
2005-07-21,713.3034057617188,716.4841289704283,708.5912445345564,709.7692848413469,264870
2005-07-22,715.5416870117188,716.4841048450434,710.2405058096618,713.1856064774712,209685
2005-07-25,712.714599609375,718.0157825816761,710.1228957758708,715.5419259553605,227235
2005-07-26,710.358642578125,714.717408165039,709.2983770373943,713.8927651780161,235055
2005-07-27,716.1307373046875,717.3087776214237,710.3583109919301,710.3583109919301,329660
2005-07-28,715.4239501953125,719.3114692960817,712.7144715433755,716.8376131142875,290050
2005-07-29,709.1804809570312,716.8377452863015,708.5914606240104,714.4816639542183,280030
2005-08-01,707.8846435546875,712.3611835697437,703.4080316377373,710.0051023089885,268245
2005-08-02,715.6598510742188,717.3091371049484,706.9423196007808,707.8848098480039,275500
2005-08-03,718.9581298828125,719.4293748613384,710.7118460718305,711.7721113225693,275475
2005-08-04,720.1364135742188,721.1966791829458,711.8901269789591,716.2488928454075,321040
2005-08-05,716.484375,718.3692113773387,714.3639161000192,717.4267931886693,343175
2005-08-08,718.6044921875,722.963255127043,716.8374319608093,716.8374319608093,311845
2005-08-09,723.5526123046875,725.6730711842619,717.4267862844407,718.7226022936533,402605
2005-08-10,733.2125244140625,750.7652868404614,732.6235040930042,738.6314826070404,871575
2005-08-11,738.2779541015625,742.0476978693775,728.8536306329659,730.3850688162364,401580
2005-08-12,733.91943359375,738.2781990243669,729.9140660300684,738.2781990243669,270235
2005-08-15,732.2699584960938,734.5082642449246,728.5002863534756,732.38780568923,266285
2005-08-16,726.1443481445312,734.8618065664014,725.2018580216036,732.3879497484696,346595
2005-08-17,724.4950561523438,730.6208823896218,723.0813928819102,725.4374743653325,234560
2005-08-18,723.1991577148438,725.908636731752,715.7774443659787,724.2593511204726,280890
2005-08-19,721.0784912109375,724.730459547151,719.1936553548704,723.905816896917,274555
2005-08-22,718.6044921875,726.4973755804241,715.7771670640492,721.9029902302827,284510
2005-08-23,715.0707397460938,717.0734234140662,712.007862537596,715.7775354397774,286650
2005-08-24,705.0573120117188,716.60209572276,702.8190060699718,713.6569941688264,438995
2005-08-25,703.2903442382812,706.4710687182319,701.8766809247584,705.057405404709,237855
2005-08-26,698.2247314453125,703.1725167244143,695.3974050281406,699.1671496170705,350230
2005-08-29,701.2874755859375,703.0545362863397,683.2634708222112,686.7975922230156,369030
2005-08-30,698.3424072265625,702.1121512782325,691.9810315473889,698.6958050028687,331380
2005-08-31,699.1693725585938,699.1693725585938,685.5875350849049,695.6262845219792,527430
2005-09-01,700.9404296875,704.0110750192339,691.0197612423805,693.854258536489,422005
2005-09-02,700.704345703125,710.3887959079183,698.6965824034048,710.2707218661654,345300
2005-09-06,709.7987060546875,710.5072948975542,703.1849699068734,703.1849699068734,366900
2005-09-07,710.5067749023438,712.0421697453821,705.192146217483,706.6093949502989,280880
2005-09-08,705.7830200195312,710.2709886401894,703.893402136108,707.790784073357,297080
2005-09-09,723.14404296875,725.0337326211154,706.019122452514,707.4363716707156,415835
2005-09-12,720.5457763671875,732.4742127213992,717.5932038167822,721.2544370298592,356345
2005-09-13,720.4273681640625,726.6868046509317,712.6326090799248,718.6558254554624,388765
2005-09-14,717.711181640625,726.5688972143921,715.703418360383,723.734399397077,347700
2005-09-15,719.8370971679688,725.9784617165288,717.3569653715703,721.962934719779,327495
2005-09-16,723.9710693359375,724.7978043866269,717.8297016392256,721.6090103821497,658865
2005-09-19,712.7511596679688,723.9709376577712,711.6882044983706,723.9709376577712,350840
2005-09-20,714.640625,728.222458612771,712.6329333507616,716.2940944474446,434020
2005-09-21,701.5313110351562,714.8769259359688,700.9407964635778,709.0899263850793,525980
2005-09-22,701.1770629882812,707.7907977927612,693.2641527900016,701.5313573377529,527175
2005-09-23,709.3259887695312,717.3570436392641,700.9407117008444,704.4837987018597,473430
2005-09-26,716.7666625976562,722.7898827871613,713.6959433744493,718.8925007772284,371530
2005-09-27,717.5931396484375,722.7896957061827,711.3337008181658,719.7190493620596,335570
2005-09-28,719.8370971679688,723.1439635912606,714.522467246302,720.545685657145,391870
2005-09-29,735.3086547851562,736.9621242823272,716.2941159891529,717.4751450344771,459505
2005-09-30,731.7655029296875,736.4896186931699,726.9233131058326,736.3715446327972,282565
2005-10-03,726.8056030273438,729.8762509776633,721.6090442513791,729.0495158881705,287105
2005-10-04,722.3170776367188,732.1196728837666,719.6007262182517,728.6946610403081,271455
2005-10-05,721.726806640625,731.6474792609303,719.8371890388006,722.7897615943331,375135
2005-10-06,728.1043701171875,731.7655311413199,722.1992251851746,725.7423121443823,388820
2005-10-07,730.7022094726562,735.1901025088733,724.6789220087833,732.828045954628,322735
2005-10-10,730.466552734375,738.7337570498813,724.6794808798003,732.3561706013418,247150
2005-10-11,728.8131713867188,734.4821698434359,723.9709799629417,728.9313175704143,293455
2005-10-12,726.5689697265625,734.8361717538187,723.2621033325163,723.2621033325163,341890
2005-10-13,735.4267578125,739.2060649527655,725.0337172399861,725.1517913038773,361775
2005-10-14,737.4344482421875,742.2766377293827,730.9387895190187,738.1430367237299,292545
2005-10-17,745.229248046875,746.1740567654183,733.418958854373,734.0094733139981,353855
2005-10-18,741.8040161132812,747.5910849410006,740.8592076739684,745.2290278005868,311080
2005-10-19,749.7169799804688,749.7169799804688,735.8989302226436,738.7334278442427,317330
2005-10-20,741.686279296875,749.8354089700017,738.143191975393,749.717262808708,329715
2005-10-21,743.1033325195312,749.2446966727723,740.6231287985015,744.6386555367723,334220
2005-10-24,752.5518798828125,752.9061742538352,745.819998496152,747.5915424355728,331580
2005-10-25,752.9061279296875,755.7406268920851,745.3475120861623,748.7725256587009,284630
2005-10-26,749.9535522460938,757.1578016307997,747.1190532936472,749.363037638026,341250
2005-10-27,745.5838012695312,754.0872268584858,744.2846978408521,749.9536242053853,259210
2005-10-28,759.4014892578125,760.2282238029419,747.1187613754538,747.5912017110347,383910
2005-10-31,765.3069458007812,767.550930185462,760.4647547613806,763.5354019447609,391035
2005-11-01,768.61376953125,772.9835918777474,761.8818888444081,765.3069022716276,472345
2005-11-02,782.0772094726562,785.1478552193545,765.8971020744303,768.6134536325511,554995
2005-11-03,778.5344848632812,788.9275276975256,773.8103679309608,784.2034107652051,433960
2005-11-04,779.3609619140625,783.3764167275546,769.5583648549626,778.5342273075471,312215
2005-11-07,783.4945068359375,784.9116836780182,771.2117789198893,779.4789802253092,302975
2005-11-08,777.70751953125,782.1954148702307,775.4635358196185,779.4790628559225,254370
2005-11-09,783.8486938476562,788.2185140711898,765.3065304673203,770.6211591511211,492170
2005-11-10,793.5335693359375,795.4231872722764,782.5499398175189,783.8491152225175,357500
2005-11-11,794.1240234375,796.9584501260185,790.3447157685106,794.2420975179099,225275
2005-11-14,797.1945190429688,800.7376057942708,789.5178310818143,791.8798889160156,291185
2005-11-15,787.510009765625,796.9582404096859,780.3057627332402,795.3048432975428,562815
2005-11-16,783.3766479492188,792.9430276466037,778.4163109303119,785.1481917356639,486980
2005-11-17,792.1160278320312,793.5332768039757,782.3135032428542,783.3763859086047,327805
2005-11-18,793.29736328125,798.9662892761041,783.1404684596773,798.9662892761041,490050
2005-11-21,798.7301025390625,799.5568374673378,787.7465444471408,792.1163672814753,340960
2005-11-22,807.3515014648438,808.7687508675991,794.3601807608001,794.8326212564849,396720
2005-11-23,815.7366333007812,817.2719563742237,804.6349333833733,807.3512852955068,473650
2005-11-25,813.374755859375,819.6341956746131,809.0049337710518,818.6893868111557,109395
2005-11-28,805.8162841796875,815.9731795011071,804.0447402138443,814.6740040089036,416460
2005-11-29,803.80859375,809.9499611457571,800.9741663949455,808.4146373178967,313555
2005-11-30,794.6943969726562,806.0572902282482,794.3392478605643,806.0572902282482,325840
2005-12-01,802.624755859375,805.1104385624966,796.7065669141105,796.7065669141105,325795
2005-12-02,796.469970703125,804.8737708840636,790.6701161037566,800.1392192906279,268260
2005-12-05,785.2251586914062,796.7063848263641,782.147657797123,794.2207749348477,392410
2005-12-06,786.7637939453125,798.8369098696626,783.5679585177649,791.8534203147805,409380
2005-12-07,780.1356201171875,793.9841963827178,775.6378110698272,790.314948217546,429715
2005-12-08,779.5436401367188,787.1189491462028,778.3600026192056,781.7925803173939,291130
2005-12-09,781.4376220703125,786.5272497191154,776.3479944215097,782.5028526515903,284010
2005-12-12,778.5967407226562,786.5271264994926,776.821284455163,782.6211371597077,221405
2005-12-13,780.3721313476562,784.1597855150694,772.9152301001363,777.0579610424802,385265
2005-12-14,781.0825805664062,785.2253126937611,777.2949253155501,780.0172776933946,293560
2005-12-15,772.9154052734375,783.3314024118812,772.9154052734375,783.3314024118812,372055
2005-12-16,771.1400756835938,777.7684188872256,769.1278768470733,775.8746271843372,522570
2005-12-19,779.070068359375,790.9064411018647,777.0578705444545,781.2006010043259,388355
2005-12-20,774.3357543945312,782.3844758547745,771.9684791271945,781.0825033551424,285455
2005-12-21,786.4089965820312,791.2618827470964,778.9520205204893,780.0173234560008,356515
2005-12-22,803.6901245117188,804.4002783458367,782.5029774570785,782.8581266176608,444525
2005-12-23,806.0570678710938,807.2407052688486,802.9796395343283,804.8734304733388,182730
2005-12-27,804.2821044921875,815.4083317446085,801.9148282464415,809.6084760451158,280865
2005-12-28,809.7265014648438,811.383623100893,804.7552810437165,804.8736159133585,223010
2005-12-29,817.8936157226562,819.0772533720377,810.3183058692107,811.0285318049449,294590
2005-12-30,807.5960083007812,817.8936709950073,804.9919908474634,813.1591200775252,244890
2006-01-03,824.04833984375,824.5217514389914,791.1432358696064,815.9996202897387,438190
2006-01-04,825.2320556640625,832.6889572504416,819.7872799748907,826.0606163388819,309935
2006-01-05,826.2975463867188,829.1383060973084,821.7997370478857,827.36284933907,197095
2006-01-06,829.8483276367188,831.7421912230959,821.4445292179159,828.5463551189354,287175
2006-01-09,825.9423217773438,828.4280041404656,823.4567116577294,826.7708825650511,292405
2006-01-10,833.28076171875,835.7663714571602,807.0039959772151,807.0039959772151,321220
2006-01-11,838.3705444335938,841.4480457114997,835.6481922503187,840.3827429146265,334650
2006-01-12,831.6240234375,840.3829734668195,829.1384125542354,840.3829734668195,264465
2006-01-13,829.1385498046875,839.7912934852617,821.4449015909395,828.5467307113223,319545
2006-01-17,817.1834716796875,821.3262035014401,811.9754370635089,819.787416744267,335450
2006-01-18,812.0938110351562,820.2609402029808,809.726535594455,817.3018459021042,349245
2006-01-19,806.0570678710938,813.9874528847503,804.8734304733388,813.1588922576232,350660
2006-01-20,789.6046752929688,805.8205261191378,789.4863404211947,805.8205261191378,513095
2006-01-23,788.4210205078125,793.8657971180891,785.1068494913673,788.6577624897393,366275
2006-01-24,787.5923461914062,794.2206866610762,786.40870880443,792.6819725067056,311285
2006-01-25,778.951904296875,790.4332038876288,773.0337160793223,788.7761545328191,405795
2006-01-26,786.4089965820312,795.5229500021039,781.2009612761161,781.2009612761161,364440
2006-01-27,788.8946533203125,796.46996471022,783.0947987645842,787.1191964861332,283780
2006-01-30,782.029296875,791.2616547631023,780.2538406563842,790.0780172840252,340510
2006-01-31,774.8091430664062,784.988469759422,774.6908082039608,782.0293757632265,341995
2006-02-01,784.3968505859375,786.2906423280625,774.9277473882646,776.4664622091816,369640
2006-02-02,774.9276733398438,784.9885945259973,772.5603977666312,784.3967756326941,385410
2006-02-03,773.50732421875,777.6500566361419,765.4586013993783,774.0991431355203,290275
2006-02-06,781.3189697265625,786.1719261075874,774.0988109378407,775.2824482634337,300875
2006-02-07,778.833740234375,786.2906445751482,774.3359306513313,781.319350933458,264230
2006-02-08,785.6989135742188,787.11929366563,777.4134473251067,782.9765605410742,247085
2006-02-09,794.457763671875,807.9511922285384,782.9764617269476,786.5273753855731,527675
2006-02-10,803.6901245117188,804.8737623975975,794.5760983417472,797.2984510305638,503715
2006-02-13,804.1631469726562,807.2405748120838,795.4042027473904,803.6896631926758,288630
2006-02-14,809.4895629882812,813.0404748208191,800.3755415027367,806.0569859861001,350010
2006-02-15,808.306396484375,810.4369303760656,797.5352476395886,807.2410934167657,340120
2006-02-16,807.0042724609375,809.2532132755186,798.6004726152271,807.7144985177363,254460
2006-02-17,798.0086669921875,803.2166302779212,790.3150208315043,803.2166302779212,315215
2006-02-21,796.114990234375,797.7721125406289,790.9070257241503,797.2986283835451,245690
2006-02-22,803.80859375,807.9513270429848,797.7720684204935,801.0862406061742,365865
2006-02-23,795.4046020507812,800.9677141626377,787.5926214637612,799.9024112446267,314525
2006-02-24,792.681884765625,798.718405873631,791.3798404379774,797.4164337894681,210515
2006-02-27,794.3394165039062,797.5352534866361,788.5396337697575,792.6823666842332,261885
2006-02-28,785.462158203125,793.6292894076407,784.2785201876028,791.380348280736,355115
2006-03-01,785.5806274414062,793.0544242883418,782.496153925071,786.4110654037727,265980
2006-03-02,780.59814453125,784.5129839661545,777.2764647806397,781.7844638998386,328885
2006-03-03,776.8018188476562,780.5980548725454,774.1919020550964,778.2254164078872,303625
2006-03-06,783.08935546875,786.2924321195029,772.5311569475385,775.6155582217834,281590
2006-03-07,788.7838134765625,790.0887358792523,781.6658969371098,783.0894223192472,315095
2006-03-08,794.3591918945312,799.1044680047905,784.9873150210697,787.5972313631456,358975
2006-03-09,789.9700317382812,796.9692719947902,789.0209183954754,794.3593551164386,256085
2006-03-10,802.5449829101562,806.6971003383685,795.3084643552877,797.7997058493423,286825
2006-03-13,807.5277099609375,810.3748333583275,802.5451535065087,805.5109522999547,242005
2006-03-14,813.9334716796875,817.3738258894044,808.950989592744,812.0353901615347,300330
2006-03-15,814.5267944335938,817.3739896885608,803.8499208382425,811.4423932466989,310755
2006-03-16,821.40771484375,824.4921168214966,815.5947198773796,818.560518858752,356995
2006-03-17,816.4251098632812,818.2045891470254,795.1899614477214,814.4083521935983,977630
2006-03-20,811.56103515625,819.9839459521858,806.1039951307488,817.3740289110904,362770
2006-03-21,798.7485961914062,815.2384598317611,796.0200768772843,815.2384598317611,433770
2006-03-22,805.3921508789062,806.934351390092,796.9692409364343,798.7487197740746,247325
2006-03-23,796.7320556640625,803.3754875448117,794.9525766185883,801.2401271716803,248195
2006-03-24,799.93505859375,803.1381350613985,788.9023040115658,794.8339002823294,276260
2006-03-27,796.61328125,800.4095168781209,790.5630827603372,796.2573999989326,280730
2006-03-28,783.3267211914062,796.1389568163839,782.021798754556,791.9868387263416,413420
2006-03-29,785.1060180664062,787.7159347412614,782.9706580259526,784.7501367941934,435550
2006-03-30,783.8011474609375,787.0042239357817,778.4627108052575,787.0042239357817,418375
2006-03-31,784.0384521484375,791.6308522029738,781.6658135550481,786.0551370270717,368130
2006-04-03,779.05615234375,787.7162715708433,778.225714082038,787.7162715708433,370160
2006-04-04,783.8011474609375,785.1060696805646,775.8527939588222,779.0558704336664,336470
2006-04-05,782.3773803710938,789.020737807133,779.6488611529763,783.8009776522923,335760
2006-04-06,776.3275146484375,782.377715173634,775.2597981288397,779.4119164049697,310030
2006-04-07,763.7522583007812,775.3781715504207,761.0237387228825,775.2595685976676,434910
2006-04-10,761.4984130859375,767.5486127552917,756.8717386984175,766.5995717650069,323210
2006-04-11,752.0079345703125,765.1760516119193,747.9744194438994,752.0079345703125,396695
2006-04-12,752.0079345703125,757.1090937662866,747.9744194438994,753.3128570132849,265180
2006-04-13,752.1262817382812,754.4989198510202,746.4319647491412,752.0076787955119,269125
2006-04-17,746.43212890625,753.4313694338182,744.4153715854579,749.7538085131624,303890
2006-04-18,753.0752563476562,753.7870911632479,734.2128284526618,747.6182181306003,442905
2006-04-19,755.2111206054688,760.6682348760826,752.9571565345898,753.3130379766011,274980
2006-04-20,755.6854248046875,757.4649038269905,747.7370706902966,751.5333070859804,291385
2006-04-21,756.9904174804688,761.9729736874397,753.5501344952507,761.0239326021103,288465
2006-04-24,762.5657348632812,764.3452131209307,753.7870189031706,757.3459754184696,235710
2006-04-25,754.9733276367188,766.8365158622665,749.8720987740095,762.6843999833249,309280
2006-04-26,759.718994140625,759.9562001015602,750.5843200216652,757.7022366223312,283605
2006-04-27,770.395751953125,776.5645541437174,755.685364251295,759.7188786748493,386415
2006-04-28,774.0733032226562,779.4117397966055,766.7181094615567,771.1075051260176,387510
2006-05-01,767.4299926757812,780.598108089493,766.362276331022,780.00494843289,303375
2006-05-02,774.9037475585938,777.9881486416502,766.3622344884321,769.9211922337344,263000
2006-05-03,771.22607421875,775.8527480091985,768.616229934063,772.2937904495233,281285
2006-05-04,770.8702392578125,778.8185927667233,770.5143579618992,771.2261205537259,270890
2006-05-05,772.7683715820312,775.4968913161682,771.2260986648772,775.4968913161682,313415
2006-05-08,775.1410522460938,778.225453434026,772.8870166345548,774.6664955677119,299205
2006-05-09,785.4617919921875,787.1226675784299,775.2594774114602,777.6321154448542,384350
2006-05-10,789.3766479492188,791.3933322120631,781.9027807364231,785.4617375397881,465470
2006-05-11,749.16064453125,773.3615874267248,745.6016865999851,769.9212324636283,1505385
2006-05-12,749.5164794921875,755.0921943877989,739.4327659771893,745.0084808728008,653270
2006-05-15,757.8208618164062,759.6003410187337,750.3470636480698,750.940223382179,401415
2006-05-16,759.8373413085938,765.7689364788403,756.8715437234704,759.244181791569,288665
2006-05-17,741.4492797851562,759.2440625,736.8226073164344,758.0577436523438,543600
2006-05-18,730.1795654296875,742.7545216716129,728.6373647444984,738.0092442358392,523155
2006-05-19,725.552978515625,732.0777357771224,721.9940200093537,731.0100916695586,530700
2006-05-22,726.6204223632812,731.2470956481354,719.383905078939,720.6888270786831,528495
2006-05-23,723.4174194335938,731.9589319868364,720.5702968539637,726.0273361036368,449365
2006-05-24,716.536865234375,728.1627800232972,712.1474692937209,724.2479407708377,553860
2006-05-25,722.5870971679688,724.8411329271804,717.4859383734866,723.6548135606876,382350
2006-05-26,729.230224609375,730.416543480577,718.0787982572119,726.0271491756977,270795
2006-05-30,718.9093017578125,733.1451295153929,717.129823288115,731.0097698331887,347350
2006-05-31,723.07177734375,725.3314056826854,716.6497292339214,723.0717773437501,325865
2006-06-01,727.47216796875,728.3046665590579,719.3851943490115,723.0718804944237,285340
2006-06-02,726.758544921875,733.1805937559365,722.1204630633625,731.3966993672359,267350
2006-06-05,718.196044921875,726.7586815276417,717.482443480153,723.0719947994289,233100
2006-06-06,717.0068969726562,722.9532136747454,709.7523470439831,721.1693186641186,386270
2006-06-07,716.2931518554688,727.2343869118247,716.2931518554688,720.0988082994438,351065
2006-06-08,719.1472778320312,725.5692538299473,714.6280934067913,717.1255164192844,457295
2006-06-09,716.0550537109375,721.8824700658078,712.3683683186472,718.90931326982,254950
2006-06-12,707.6115112304688,719.1473772754628,706.8979824387602,717.839144374856,271965
2006-06-13,703.3302001953125,713.5578334398748,702.7355686674459,708.4440168175937,451120
2006-06-14,704.876220703125,708.2061427089867,696.4324095385282,703.3301932632809,430685
2006-06-15,713.9147338867188,714.5093655279017,700.4760733133611,710.584811213469,420190
2006-06-16,712.01171875,713.7956131150391,707.0168000105208,710.7034859968628,465010
2006-06-19,707.2545776367188,715.3415498844622,704.0435536684981,712.0116286750193,272925
2006-06-20,711.7738037109375,714.8658580340091,707.849250889549,709.989909466048,301905
2006-06-21,711.417236328125,717.6014192731403,710.7036348805101,715.1039230867824,273820
2006-06-22,706.0655517578125,712.9632635601208,703.8059227217926,710.2279728127924,254500
2006-06-23,704.7572631835938,711.0604154966791,703.4491028470234,703.6869699773608,201515
2006-06-26,704.04345703125,706.4219822239232,702.3784603616475,703.2109586964488,227400
2006-06-27,698.4541015625,706.8979118848579,697.1459413793135,705.2329147545764,316670
2006-06-28,697.7405395507812,705.8275125401912,696.194512338913,700.0000954490977,291715
2006-06-29,704.876220703125,706.4222481429691,696.6702766647018,701.6651959669222,532110
2006-06-30,702.2598266601562,708.0872446036789,700.0001978444584,704.8762198712654,529635
2006-07-03,708.44384765625,709.9898747421734,702.3785639681581,702.3785639681581,191015
2006-07-05,705.7085571289062,710.5845054537698,702.8542974446492,708.5627442263243,315890
2006-07-06,707.135986328125,711.0606136049888,702.2600354385776,705.7089283222224,267735
2006-07-07,701.308349609375,707.3735613902529,698.5730594451918,706.422165583604,337860
2006-07-10,709.9901733398438,711.417303783529,703.3303280518059,704.0438569802136,249810
2006-07-11,707.135986328125,711.179510909855,702.3789327434437,708.8009841175143,434695
2006-07-12,701.189453125,709.3953970629003,698.2162955513918,709.276499794698,263765
2006-07-13,694.0537719726562,703.3300802954859,692.983478957068,701.6650832665565,338545
2006-07-14,686.9182739257812,695.5999518214609,685.3722465562946,692.8645888752318,422940
2006-07-17,690.0103759765625,691.4375060295254,684.0640612449251,688.4643486637068,256110
2006-07-18,694.2916259765625,698.6919129670854,687.3939160765538,698.6919129670854,294365
2006-07-19,705.7085571289062,709.3952426831358,696.3133522061627,698.6918777474305,431005
2006-07-20,707.730224609375,708.562723041296,702.7353791915225,705.7085360292141,243260
2006-07-21,703.5679931640625,711.179305738481,698.9299108091861,709.7521755574205,391020
2006-07-24,711.6549682617188,716.2930501490899,704.6382879210981,705.470786491708,270675
2006-07-25,712.8442993164062,715.5795898067893,706.1843827019349,709.3954074458001,276590
2006-07-26,716.2931518554688,719.0284424728429,709.1575732430878,712.9632296870628,307400
2006-07-27,718.3148193359375,723.5476053327272,715.3416619711364,719.2662151753038,288760
2006-07-28,724.26123046875,727.234388229295,721.0502055699895,721.288072708205,285915
2006-07-31,721.5260009765625,725.2126878772432,718.0771086473848,721.8827654206824,257060
2006-08-01,717.72021484375,721.5258709311288,709.7521382891747,721.5258709311288,338515
2006-08-02,716.8875732421875,721.0499928791459,712.8441234326738,719.5039658170717,229450
2006-08-03,713.201171875,721.8827789162572,709.8712493561865,718.909620848233,305335
2006-08-04,714.3905029296875,720.8124814142312,711.7741090640405,719.5043207748447,334585
2006-08-07,711.2984008789062,714.0337647313892,707.6117134235509,713.5580303430766,251785
2006-08-08,709.7522583007812,714.5093110676589,707.6115990730592,713.3200478759395,294290
2006-08-09,695.6001586914062,713.5580061446299,692.6270003324703,712.2498455014477,674480
2006-08-10,717.3632202148438,723.7851947508868,699.2864140419712,701.664939259801,712750
2006-08-11,732.2293701171875,733.1807661641799,718.3149760959686,723.0720289177962,587640
2006-08-14,733.7753295898438,739.7216450646399,733.7753295898439,733.7753295898439,330390
2006-08-15,744.3594970703125,744.8351585624939,734.3696621057215,740.3159751592092,379090
2006-08-16,749.3545532226562,752.2088133277306,745.6678671248808,747.4517615438399,381850
2006-08-17,756.13330078125,757.5604307096887,747.3327992984241,749.3544880612985,354810
2006-08-18,759.9389038085938,760.5335351887256,756.3711155278022,757.0846441492251,362400
2006-08-21,758.1549682617188,759.9388623046875,752.92218336761,759.9388623046875,267475
2006-08-22,750.543701171875,756.4900149906566,747.2137799507251,756.0143534372572,371515
2006-08-23,751.6140747070312,752.0898088523411,746.8570236012905,749.2355491541608,204815
2006-08-24,749.2357177734375,755.538797389716,747.9275574596866,753.1602713015463,255150
2006-08-25,751.0195922851562,751.2574594049926,746.0246731160076,746.8571717420081,209830
2006-08-28,755.419921875,758.8687412500533,752.4467641791655,755.1820547419617,347190
2006-08-29,756.3711547851562,757.3225505253793,752.5654992374223,754.5872605521724,264830
2006-08-30,757.74267578125,760.7235675034422,754.4040916075302,755.715654855024,280180
2006-08-31,760.9620361328125,763.7044418998784,758.1003510341587,759.5311935834856,265925
2006-09-01,764.6581420898438,768.3544905823082,760.9618663730382,766.08898431997,270785
2006-09-05,765.8505859375,769.0699631289873,763.1081804690727,765.3736869901072,252495
2006-09-06,763.1080932617188,764.3004496574403,757.5040036466962,760.961866304552,342255
2006-09-07,761.9155883789062,765.3734503628713,755.4768359865732,763.1079445422536,398990
2006-09-08,765.9696655273438,769.3082483912176,761.319447154901,762.5118033759737,280000
2006-09-11,771.693115234375,773.8393423065951,766.0890253189327,766.0890253189327,348585
2006-09-12,775.0317993164062,780.3974040809045,772.6470860877404,773.8394427020734,426315
2006-09-13,778.0125732421875,780.9934643274065,772.0507910717492,775.6278603740121,285860
2006-09-14,778.9666137695312,779.9204845697604,775.9857220340167,776.2242079279932,274585
2006-09-15,783.6170043945312,784.5708754021916,779.6822410031239,782.7823399719434,519760
2006-09-18,781.5895385742188,786.9551418138586,779.9202106782924,783.6165587976575,278115
2006-09-19,782.0667114257812,782.9013028128389,777.6549775162221,781.5897396826023,331850
2006-09-20,781.9473266601562,784.5705253425735,779.8010996566005,782.7819907103337,275810
2006-09-21,779.6818237304688,782.9011275614436,776.2239613056352,780.9933865671137,259710
2006-09-22,775.6275634765625,780.3969873872562,774.0775152607138,779.6816029109054,221755
2006-09-25,786.9552612304688,792.2016587489369,776.2240531227804,782.1858354048295,478910
2006-09-26,792.6784057617188,796.4939602461715,786.955110422864,789.3398228786908,441460
2006-09-27,790.4131469726562,794.2286295232205,785.7629275476169,792.9170664934222,362585
2006-09-28,789.816650390625,792.3205689021836,786.477995341033,790.2935491293986,227855
2006-09-29,790.0553588867188,790.770816425944,786.4782895175806,790.770816425944,300965
2006-10-02,790.5322265625,791.2476112319333,785.0474166951028,790.5322265625,284875
2006-10-03,795.1825561523438,797.8056821565733,791.1285150583581,791.7246932912582,319555
2006-10-04,800.6671142578125,802.3364418936992,793.2744919463205,795.1823053552824,304205
2006-10-05,801.7405395507812,803.0521025902542,797.9249841964071,801.26356784061,223125
2006-10-06,799.1171875,801.8595923685839,796.0170175295411,801.8595923685839,212110
2006-10-09,796.6132202148438,799.2364186474108,792.0822807998571,799.2364186474108,299325
2006-10-10,797.0902709960938,800.667340275059,792.9170235039677,796.6132993153008,252320
2006-10-11,799.2363891601562,801.8595874959423,793.7515794563179,795.3016280443026,301045
2006-10-12,803.0521850585938,805.6753841825908,800.6674718141733,802.4560067474887,279430
2006-10-13,802.0982666015625,803.6483155630935,798.9980959028321,801.2636024605325,251825
2006-10-16,803.4097290039062,804.2443930403252,800.1903521638094,802.5750649674872,172150
2006-10-17,801.38232421875,803.6478294059602,796.2552087049645,803.1708579637187,271960
2006-10-18,799.1171875,804.840483046534,795.8978110126836,803.648126775354,269730
2006-10-19,794.2285766601562,797.8056458949727,789.6976368511873,797.6864393640761,344540
2006-10-20,792.6784057617188,794.4669401035889,788.1474666507775,794.4669401035889,324795
2006-10-23,796.9708862304688,798.5209346829047,787.9089357516267,788.7435996185212,284235
2006-10-24,795.3015747070312,797.5670805668299,792.9168623390941,794.705396615047,313700
2006-10-25,796.851806640625,798.5211347927486,792.3208666535701,795.420964335328,251935
2006-10-26,808.178955078125,810.5636672930358,796.3746732797016,799.8324623259374,462445
2006-10-27,803.5289916992188,810.5638506592504,802.8135342075095,808.2984172079824,423110
2006-10-30,803.5289916992188,806.9867815276777,800.7865138111534,805.1982469618913,214460
2006-10-31,800.906005859375,806.0331250880839,795.6596072958681,803.5292051411284,278625
2006-11-01,796.136474609375,803.0521279714418,792.5594049970301,800.6674148965451,409525
2006-11-02,795.0631103515625,796.3747458546799,790.7706570838012,792.9168837176819,394440
2006-11-03,796.7327270507812,797.686597814408,791.1286362479218,796.4942411659559,247435
2006-11-06,804.8406982421875,807.8215897171585,797.0903804072627,797.0903804072627,416710
2006-11-07,809.252197265625,812.9484725113435,804.8404646081982,804.8404646081982,392370
2006-11-08,815.3328857421875,819.983102496718,807.9402651884619,809.2519002406842,346720
2006-11-09,811.2792358398438,820.937292523983,810.2060860857611,816.7640455757855,461435
2006-11-10,830.2378540039062,834.2918953978169,822.7260222687601,822.7260222687601,883675
2006-11-13,842.3992919921875,846.4533304340309,829.7603508333365,829.7603508333365,721185
2006-11-14,849.4346923828125,852.4155832561721,844.4267811604371,845.380651684781,476355
2006-11-15,858.3775024414062,863.7431068725635,847.6462935790917,849.554034933236,668960
2006-11-16,862.7891845703125,865.0546911626051,854.9196603219681,861.4776214541449,395020
2006-11-17,859.0925903320312,864.1005006253895,850.2691258734646,863.265836780556,470580
2006-11-20,857.5429077148438,858.6159850225259,851.8196104135177,856.827450067382,243220
2006-11-21,856.588623046875,860.8810757547875,853.4884536239261,857.542493340229,248280
2006-11-22,853.3697509765625,858.7353564172449,846.6925094294155,855.8736710719418,269475
2006-11-24,848.9579467773438,850.6272752211648,843.3538558881447,845.9770551102885,127625
2006-11-27,837.63037109375,846.4538375650012,832.8609454932161,845.9768658946841,502690
2006-11-28,832.86083984375,841.5650259054552,831.0723054704276,834.6493742170722,501255
2006-11-29,838.1795043945312,840.2113244629137,834.8330158425963,836.625785382702,288680
2006-11-30,840.4500122070312,843.1989097256899,834.2350658944458,838.7767321793532,322950
2006-12-01,833.8771362304688,839.7334747119767,826.7060559239686,837.223625783902,367735
2006-12-04,837.821044921875,841.8846854459116,835.550174108798,838.1795842744697,268180
2006-12-05,840.2113647460938,842.4822354516276,833.9964154528276,837.5819547049447,263230
2006-12-06,839.733154296875,841.1673844005193,836.506227748642,840.2112553140809,275730
2006-12-07,839.852783203125,845.8286816563307,838.6576035124838,842.7211706918762,221055
2006-12-08,840.8088989257812,845.5896176119263,837.2233599111723,840.4503596139159,187615
2006-12-11,848.577392578125,854.4338009455255,842.6014954472931,842.6014954472931,323680
2006-12-12,849.7725830078125,855.8679689810036,848.57740356617,848.6968923311487,423935
2006-12-13,850.3701782226562,855.7484857447954,849.7725884979742,854.5533062954312,241975
2006-12-14,860.887939453125,861.1269899872007,846.6653445253868,848.9361422291528,347485
2006-12-15,862.0830688476562,866.6247369380299,859.3341702362179,866.6247369380299,548875
2006-12-18,870.2099609375,872.1222914583465,864.1145760944372,867.1025241445562,428790
2006-12-19,863.278076171875,869.2539732420777,862.5609977026356,867.7002545934174,394865
2006-12-20,859.931640625,862.6805388546387,855.7485124218207,858.138871395066,390620
2006-12-21,859.931640625,864.1147688281793,857.5412816517547,862.9195893415566,272210
2006-12-22,856.585205078125,862.3220523754359,853.9557954570325,860.4097942589893,209325
2006-12-26,860.64892578125,862.4416954416314,852.9998189990798,853.3583583415592,191475
2006-12-27,863.9953002929688,867.2222266240492,860.0511495363709,865.7880695648884,184705
2006-12-28,859.0950317382812,865.3099798850607,858.0194139298577,861.7244412943768,204335
2006-12-29,856.465576171875,860.0511145699397,854.4338294380107,859.334036069513,228635
2007-01-03,862.3218994140625,865.9074374573642,855.6289242457492,858.8558501263542,508395
2007-01-04,854.6728515625,865.9075683084221,851.8044644631791,861.7244399591061,435035
2007-01-05,850.7288818359375,857.7804711287994,848.0994719497189,854.6729601912762,384880
2007-01-08,854.912109375,860.5294691101777,845.8287719358096,850.848541761883,401695
2007-01-09,852.0435180664062,859.3340840369057,848.5774682422852,857.5413147378023,275275
2007-01-10,853.1190795898438,854.6727982902946,845.5894636199937,848.0993112939555,264675
2007-01-11,852.0435180664062,857.0632137455202,850.1311870452475,856.1070847089256,366020
2007-01-12,849.4143676757812,853.7169861272448,846.0678785526438,852.1632668502158,234895
2007-01-16,850.6096801757812,852.7609897368833,847.6217299664719,851.2072702176431,270555
2007-01-17,853.4777221679688,857.5413619823358,850.011745100866,854.3143624765706,329965
2007-01-18,847.8604736328125,857.4219108411984,844.1553729457769,844.1553729457769,232510
2007-01-19,852.999755859375,855.0315759136739,847.860497802957,851.4460368583154,338800
2007-01-22,842.1237182617188,850.9680785948503,837.8210998525142,850.3704886520169,411340
2007-01-23,834.2352905273438,839.016008524635,831.7254427579527,836.6256495259894,438580
2007-01-24,835.1914672851562,835.3110290107044,828.4984908854975,832.4425688691525,420800
2007-01-25,823.3594970703125,835.1917348113457,820.4910360099434,832.4428355148225,510330
2007-01-26,819.7734985351562,825.8688836929267,815.9489102439484,823.4785251294161,520470
2007-01-29,816.9053344726562,825.2715924701816,815.7101547587241,821.566564536184,422840
2007-01-30,815.1122436523438,821.0881398668038,812.6023964214513,816.9050125166817,387195
2007-01-31,818.1005859375,820.1324062189802,812.0051980410466,816.3078162093682,400015
2007-02-01,823.5982055664062,825.1519973526881,817.7418694915474,819.8931781098215,383665
2007-02-02,825.5106201171875,829.2156479484717,823.5982888591226,823.7178505959896,266105
2007-02-05,828.2596435546875,830.6500032763461,824.0765140417851,824.6741039721998,233430
2007-02-06,830.649658203125,834.1157075388397,827.0641201101619,829.5739675960523,377555
2007-02-07,832.3228759765625,835.7888521039883,827.6616476266317,833.0399543621116,255155
2007-02-08,831.7256469726562,833.9964448101412,825.6301862607027,832.3232368690448,296995
2007-02-09,823.9569091796875,833.757324299697,818.9371398816465,831.7255771808526,303070
2007-02-12,819.5346069335938,828.2594027918799,817.0246861866556,825.8690437650636,268225
2007-02-13,826.1080322265625,827.303211650227,819.2954949220816,822.5224939555686,268915
2007-02-14,827.7815551757812,831.2476060047456,826.108347113653,827.6620663670545,364420
2007-02-15,826.1080322265625,828.6178798370729,823.7176733792332,826.2275209897438,371200
2007-02-16,831.3668212890625,835.0719214644721,824.9128958333908,826.5861033450242,324385
2007-02-20,835.5499877929688,838.8965488655804,831.6059098979281,833.6377297068794,296725
2007-02-21,832.9208374023438,835.4306858200334,830.649966587873,831.8451463959132,290130
2007-02-22,828.737548828125,834.5938849934054,824.673909082443,830.0522171851545,410930
2007-02-23,822.1641235351562,828.737611715063,821.8055112760519,826.825280475758,374180
2007-02-26,820.849365234375,824.6739546862835,818.6980564639191,822.2835953973378,491460
2007-02-27,798.0214233398438,821.6859645286751,781.4083979323658,817.5028359819836,827025
2007-02-28,804.0720825195312,809.8232155814213,790.7727518534733,794.6068161851686,664330
2007-03-01,807.6664428710938,808.8645833133464,788.7358385092383,796.1643238769431,564415
2007-03-02,833.1869506835938,839.1776533110896,817.1318383904273,820.1271897041753,1171780
2007-03-05,830.0714721679688,838.8178805410713,827.6751918943148,828.7535472689273,546005
2007-03-06,835.5831909179688,837.5001864136482,828.5141329113559,832.8274093409799,476150
2007-03-07,830.3114624023438,837.5003062326671,829.4727493297324,834.864382202475,416355
2007-03-08,831.030029296875,837.7396584218757,826.8365385170031,836.9009456401661,426475
2007-03-09,827.5556640625,837.3804308605007,823.3621722816564,835.703004896686,371855
2007-03-12,824.080810546875,829.3526566502776,818.68917967558,824.9195233081447,335275
2007-03-13,807.067138671875,824.0807426451613,805.9888564636675,822.5231751475274,615865
2007-03-14,802.75390625,811.0211025956851,792.210287480212,811.0211025956851,803510
2007-03-15,803.3529052734375,808.6247507563774,799.5188424793599,802.7538352471337,577860
2007-03-16,801.1962890625,811.0210523802949,797.6018688093068,811.0210523802949,683440
2007-03-19,813.0580444335938,816.1732533440817,800.956855671188,803.2333516777489,546505
2007-03-20,819.2880859375,821.2051537411379,809.9426089218263,813.0577435508311,642820
2007-03-21,823.0027465820312,826.477310188086,812.6986943061506,819.048824391217,669650
2007-03-22,817.2512817382812,823.0024123607706,813.8965042942716,823.0024123607706,569705
2007-03-23,816.17333984375,820.4866164800951,813.5374160643418,817.2516224384892,455065
2007-03-26,814.1365966796875,818.6895166637815,808.7449635890935,815.6941649467849,506810
2007-03-27,809.8231201171875,815.6939641601446,807.7862668252693,814.3760389805607,380340
2007-03-28,804.5510864257812,809.9427169379421,802.0350214382405,807.6662214702288,558270
2007-03-29,805.1503295898438,812.9382420040313,800.4775528898574,812.9382420040313,427585
2007-03-30,805.3900756835938,807.6664988043092,798.0813746024901,804.9107902220251,555625
2007-04-02,804.5510864257812,808.7445768241287,800.7170234358442,808.7445768241287,481415
2007-04-03,810.4223022460938,812.6987254278497,803.9523139849007,804.551384263578,592580
2007-04-04,806.5880126953125,813.4174265916902,803.9520895791538,812.3390711395922,406795
2007-04-05,805.5101928710938,807.5470472302086,802.754483151691,805.1507651909498,414820
2007-04-09,805.5101928710938,808.8649731003112,804.4319098306619,808.5055454201672,356820
2007-04-10,801.5558471679688,807.0672632034517,799.5189940666193,803.9521277275143,565940
2007-04-11,796.6435546875,803.9521816326873,795.3255564141705,801.5559009124705,566220
2007-04-12,798.4407958984375,802.7540721090412,792.5698786569116,802.7540721090412,481265
2007-04-13,801.6759643554688,802.0354650914092,796.883401249165,801.5561795292949,515520
2007-04-16,810.0626831054688,812.3391790829867,802.2747706216348,803.5927689191872,609480
2007-04-17,816.5325927734375,821.8044392049575,799.9982716981117,799.9982716981117,583700
2007-04-18,820.127197265625,824.0810464104873,816.7724183890357,818.3299864608063,493920
2007-04-19,826.2374877929688,827.4356280439032,815.4542255345581,818.8090767401167,517650
2007-04-20,833.0670166015625,835.3435126433897,827.4357420207433,830.3113082705579,616960
2007-04-23,833.3067016601562,835.822767410098,828.3943549564831,831.5094909448576,442165
2007-04-24,831.7491455078125,833.9057837711373,826.8367256055085,833.3067135241753,440880
2007-04-25,838.4585571289062,838.6981998117311,833.9056386699499,836.9009893835632,563720
2007-04-26,836.1822509765625,839.4171716950718,832.4679716969302,835.7029655441294,521765
2007-04-27,840.375732421875,843.8502958146847,831.0301785029999,835.7029554624374,498495
2007-04-30,837.6198120117188,849.7210723054005,834.3848918686716,849.7210723054005,471225
2007-05-01,839.0576171875,841.5737556339029,834.6244835588955,838.698189731922,368235
2007-05-02,843.7305297851562,846.9655236652687,828.633916054195,829.1132014915045,494085
2007-05-03,846.4856567382812,848.6422934673005,841.3336709054466,844.4488047219587,526965
2007-05-04,848.8823852539062,852.237163399816,845.0483217462897,848.2833151161124,427930
2007-05-07,857.8684692382812,862.5412457383982,850.7994120978339,851.2786974773726,579600
2007-05-08,859.6658325195312,861.1036157850242,851.9977038560326,853.4354871215254,341610
2007-05-09,862.6610717773438,867.4536332872179,856.6703698900011,862.6610717773439,598125
2007-05-10,865.0573120117188,865.0573120117188,856.3109022916302,862.661031369027,519440
2007-05-11,869.6105346679688,874.2833128065355,860.2650515195425,870.4492478119047,1086035
2007-05-14,868.292236328125,871.6470143348815,863.8591028665974,869.2507338831017,460460
2007-05-15,863.4998779296875,872.2462890041277,861.5828092414737,869.9697927895903,567510
2007-05-16,868.17236328125,868.771433383743,856.3108191290953,863.859087794771,651185
2007-05-17,865.0573120117188,868.1724475957453,864.6978845410513,868.1724475957453,442695
2007-05-18,865.2970581054688,868.0527665481375,862.6611344577764,866.7348412886365,448125
2007-05-21,862.5413208007812,865.0573864406153,860.2648247428833,863.8592460161823,425145
2007-05-22,861.9425048828125,865.6567120428621,860.5047213235738,863.6198580946663,418750
2007-05-23,861.582763671875,866.9743956676406,861.1035513716871,863.499832258694,507540
2007-05-24,857.1497192382812,864.6979895537186,854.2741528663573,861.4629956674768,618845
2007-05-25,862.0618896484375,862.6609597593815,857.6287562017167,862.3015323185502,386725
2007-05-29,861.343505859375,866.8549246429371,857.8688680640539,865.8964265669327,436370
2007-05-30,865.726806640625,868.7290495915261,857.2003926818976,861.2834724139019,497305
2007-05-31,868.7288818359375,871.010542059855,863.685099993012,864.7658632684678,493395
2007-06-01,872.451416015625,876.1741663109658,868.968786412695,873.051864340481,519030
2007-06-04,871.2505493164062,873.2920883504801,870.5300406205764,870.8902949684913,414320
2007-06-05,868.4883422851562,874.6128849670743,866.0865493437133,866.4468036255489,448605
2007-06-06,866.68701171875,868.6084167844898,864.6454730258357,867.6477142516198,445345
2007-06-07,857.1998901367188,870.4097513762216,856.8396358532041,865.3659715163034,674570
2007-06-08,859.00146484375,860.6827496795115,851.5558900376863,857.2001196469728,552205
2007-06-11,860.4425659179688,865.0059591448202,854.4380818571316,856.1193667129359,357795
2007-06-12,859.1214599609375,869.9295293987059,858.761132342149,860.4424169067888,676795
2007-06-13,870.7701416015625,870.7701416015625,857.0799636124083,863.2045072790147,534455
2007-06-14,868.7288818359375,871.8511845831647,864.7658632684678,867.648045263549,484970
2007-06-15,871.13037109375,873.7722848189275,869.4490866350849,869.8093409342539,570605
2007-06-18,870.6502075195312,875.5738552363885,868.8488622625943,871.1305955734848,329005
2007-06-19,871.97119140625,873.052027912258,867.0475435387211,867.888186010402,462975
2007-06-20,864.8856811523438,873.6522110158709,863.5646510132138,873.0517627608772,525255
2007-06-21,865.2459716796875,865.4861656511248,855.398605226033,864.0450751194104,559345
2007-06-22,855.6387939453125,868.2482077508224,855.0383456688597,865.846414645011,625580
2007-06-25,853.9580078125,861.0433309283197,848.7941642808279,855.7593536931032,703050
2007-06-26,851.9160766601562,857.8004260171838,846.5120419645878,855.3986328191534,527635
2007-06-27,847.8331298828125,849.034026667349,839.6670464073485,846.632233098276,718965
2007-06-28,846.0319213867188,852.2766003345527,841.8287819618024,849.0341638330874,448970
2007-06-29,840.9879150390625,851.435730624301,835.4638197303649,851.435730624301,630320
2007-07-02,843.0294799804688,845.7915277198816,839.066535545927,845.7915277198816,453845
2007-07-03,845.9119262695312,848.9141689475223,843.1498043682271,843.9904469774527,252130
2007-07-05,843.8702392578125,845.4313905184183,839.0666518116851,841.2282515030569,427515
2007-07-06,841.58837890625,844.110305913064,838.2258828607478,842.6692152373012,403050
2007-07-09,843.3899536132812,847.7132268179583,841.228353659411,842.7895051095986,407605
2007-07-10,827.7779541015625,841.1079494118499,827.417699806021,841.1079494118499,795055
2007-07-11,824.2957763671875,828.1385883452457,818.4113514182582,824.2957763671875,779995
2007-07-12,832.34130859375,833.6623386802511,822.7341368965922,826.4569599073827,741155
2007-07-13,835.2236328125,838.2258744832853,832.4615851347605,835.583887153611,584845
2007-07-16,838.10595703125,842.1889624215161,832.8219814709901,835.2237752171212,467045
2007-07-17,836.5446166992188,840.0272464679604,833.7825689327606,837.2651987015022,545180
2007-07-18,834.6229248046875,837.8653594597101,827.4175470365894,833.0617742809782,899790
2007-07-19,836.5446166992188,839.4267981145165,834.6232112869657,837.0250047007411,657145
2007-07-20,829.09912109375,840.627700235353,827.1776423722036,832.9419319430052,839400
2007-07-23,826.8173217773438,833.9026411447454,823.8150802313112,830.2999512895065,700750
2007-07-24,813.1270141601562,826.2168157044697,812.4065055582467,818.4109882305177,1082305
2007-07-25,818.5310668945312,830.6601661422694,810.6051789084128,816.6096617151418,939790
2007-07-26,800.037353515625,816.0092641141049,794.513185012201,805.801642708704,1420940
2007-07-27,784.906005859375,803.3998432285433,779.622104680265,794.8735064980968,1156195
2007-07-30,783.1047973632812,787.9083847068301,773.617756337928,783.1047973632814,965400
2007-07-31,770.7354736328125,792.5918078417719,769.7747709493573,788.9891178061274,967880
2007-08-01,775.4188842773438,775.659078236591,720.5378995985404,765.0911304049547,1937960
2007-08-02,766.292236328125,785.0262708157483,760.7681402402571,777.2204414368033,938875
2007-08-03,740.232666015625,770.0148859280831,739.6322177379669,770.0148859280831,1497585
2007-08-06,775.2987060546875,775.2987060546875,735.789257477397,742.3941878438064,1269015
2007-08-07,787.1878051757812,799.7972208193293,765.3314700675809,768.5739058924486,1107555
2007-08-08,798.3558959960938,804.1201839407248,783.3446912981494,790.7902634877094,872375
2007-08-09,772.1764526367188,812.2864252184148,752.481720637953,762.6893409294182,1292260
2007-08-10,776.6198120117188,794.3930662572615,759.8072603448984,761.2483508614362,947380
2007-08-13,777.9408569335938,792.5918111320854,776.3797059043836,782.624383318141,731880
2007-08-14,761.7286987304688,782.1439409307327,757.8858149510367,781.5434926307249,803220
2007-08-15,759.2068481445312,772.2965771575074,755.243904008436,756.8050549351508,709325
2007-08-16,767.9732666015625,772.6567919949846,739.1517522959526,755.4839144170378,1112395
2007-08-17,792.1112060546875,800.9978683961318,778.6612255227345,786.707172459811,1144665
2007-08-20,789.589599609375,798.5963250802043,783.3449219568827,795.3538892513219,537700
2007-08-21,790.3102416992188,799.196908315565,786.5874905284675,790.6705694163956,529355
2007-08-22,800.878173828125,806.7625246739223,795.1138100569103,798.5964403939416,869825
2007-08-23,805.5614013671875,807.1225522427409,796.7948710996255,804.6006987743016,673445
2007-08-24,811.8060302734375,812.6466724789597,800.8779014923648,802.1988583175388,624915
2007-08-27,805.2010498046875,813.247070480013,803.1595112308137,812.4064283264296,317135
2007-08-28,783.344970703125,803.3999619922107,783.3449707031249,802.1990651880369,609175
2007-08-29,794.15283203125,796.1943707181132,780.4626560603936,786.5871988240787,366650
2007-08-30,787.788330078125,791.8714086686421,778.7816037433904,787.1878816558094,352815
2007-08-31,792.5919799804688,798.4764043021269,786.587495283647,795.3540282816202,437715
2007-09-04,799.31689453125,801.3584337858048,786.2271631639044,792.9521560409879,532755
2007-09-05,788.9579467773438,795.1009487115359,786.6693370665872,793.6555883866572,536690
2007-09-06,779.803466796875,791.7281277065194,778.5989511382563,790.2826942126167,474350
2007-09-07,765.4699096679688,777.2741516359167,764.1449714895194,773.4196857743076,681445
2007-09-10,772.6968994140625,779.201314256629,761.7358348466462,770.5287856391442,496765
2007-09-11,781.8516235351562,784.2606565129479,772.6973276266885,776.1904548516274,485645
2007-09-12,779.2015380859375,785.5854590694905,775.3470716467516,781.2491567562192,493275
2007-09-13,784.139892578125,788.355698452201,778.7195707400274,780.5263446860599,487190
2007-09-14,782.45361328125,784.0195429937487,776.6719508220933,780.8877570865781,463165
2007-09-17,782.57421875,783.2968990895603,772.6971708415984,778.1174939418123,360065
2007-09-18,805.2188110351562,805.2188110351562,784.7420424673213,785.8261360927424,866840
2007-09-19,813.77099609375,818.3482157974455,805.9416419407663,807.3870758725742,671655
2007-09-20,808.7117309570312,817.1433394033365,805.7004422262079,809.4344108453123,478345
2007-09-21,809.796142578125,817.7459927844022,803.8940579208897,817.0232390286533,786050
2007-09-24,804.1348266601562,807.6279523563721,803.8939822820613,807.0256943754949,453665
2007-09-25,807.9892578125,810.8801254039417,798.7144706009258,804.01437001263,560380
2007-09-26,813.4095458984375,816.5413312464501,804.4961726413561,809.6755761379837,778750
2007-09-27,812.6868896484375,814.855003557444,808.1097439476869,812.6868896484375,539725
2007-09-28,814.8551635742188,817.7460316991308,808.3507470520817,810.3984391807419,496155
2007-10-01,826.177734375,828.1049309890756,810.5190229526611,812.807559742146,566565
2007-10-02,830.5138549804688,831.1161130333916,824.0094386017716,825.093532504164,516055
2007-10-03,830.0319213867188,833.4046249001807,824.973013152166,826.5388692018047,400020
2007-10-04,830.152587890625,834.1274766860674,827.0208016291892,831.1161861565148,382945
2007-10-05,835.813720703125,841.1135472390679,831.2365008758585,834.3682867322948,548795
2007-10-08,835.57275390625,838.9453839623333,831.1160300560085,832.8023818429609,284055
2007-10-09,844.486083984375,844.7270018724747,832.5614204605257,836.5363083018088,451655
2007-10-10,825.4547119140625,842.0770162347565,813.5300488986538,841.95659405475,720465
2007-10-11,820.6368408203125,828.2252778851307,817.2642102934856,828.2252778851307,635560
2007-10-12,820.1549072265625,822.2025254460781,817.6253797212174,820.6366694767595,577085
2007-10-15,804.4964599609375,821.4801102525716,799.9192392420324,819.9142537782388,657185
2007-10-16,797.8714599609375,800.7622543667417,793.173817964496,799.7986562314736,569090
2007-10-17,792.5715942382812,802.6895588910077,779.4423393338897,801.0032069429438,891125
2007-10-18,781.4898681640625,791.4873350076658,779.321754339324,789.5601390563013,598955
2007-10-19,762.0973510742188,783.658145150711,761.4950930242973,779.5628345219419,950765
2007-10-22,765.3494262695312,770.0469941320295,752.9428537825013,752.9428537825013,684930
2007-10-23,774.1425170898438,775.5879511225887,764.2654703035528,772.5766608534652,601360
2007-10-24,768.9628295898438,773.9013144069542,750.4132589502451,771.492283078061,852345
2007-10-25,744.2705078125,773.1788934440405,704.1600639344764,768.9630872061075,3216220
2007-10-26,748.6068115234375,764.3859441934673,728.8527166151223,758.1225188244329,1134690
2007-10-29,761.254150390625,764.2654405424867,748.6067317528061,748.7271539517502,674950
2007-10-30,756.5565185546875,767.0358231281268,755.3520024776905,760.0496445851095,440545
2007-10-31,760.2908325195312,766.5543330479481,750.4137824767799,758.2431397578378,549775
2007-11-01,714.1575927734375,747.0408661115324,712.9530767279555,747.0408661115324,1393645
2007-11-02,712.1097412109375,715.4823706789263,678.9855573832094,714.7596906207174,1884985
2007-11-05,717.0484008789062,737.0434117268254,701.1487740710429,708.857706316621,1331870
2007-11-06,747.4019775390625,750.0519267318832,717.6504256151719,717.6504256151719,927005
2007-11-07,697.4148559570312,739.0910856450854,690.1877590041086,728.491358151032,1457825
2007-11-08,674.5291748046875,707.1715393925618,650.3184249018718,675.1314329964774,2073125
2007-11-09,687.2967529296875,709.4598752127299,662.965590217121,665.735962123047,1581775
2007-11-12,683.9242553710938,702.835173632554,678.1425925537753,680.9129649956329,802895
2007-11-13,712.8325805664062,718.132480570339,685.4900516475179,690.9103738487934,915445
2007-11-14,715.8438720703125,724.998238138742,702.2328554419832,722.7096282421783,1014385
2007-11-15,685.9718627929688,711.507616726052,674.7698786835839,711.507616726052,1112350
2007-11-16,679.8287353515625,689.2239437280267,671.87888709624,687.4171700587909,1137305
2007-11-19,666.6995239257812,674.5288769619467,657.3043149859453,672.8425253624165,1056965
2007-11-20,655.7385864257812,670.0722837341184,639.1162056297827,670.0722837341184,1272155
2007-11-21,618.2781982421875,648.872941479096,612.6169937227392,642.8503600165424,1844825
2007-11-23,638.7548217773438,645.5001555057877,618.7598855318553,626.34832164826,628885
2007-11-26,633.0936889648438,645.6206869242391,628.15520192349,643.4525724552992,1200870
2007-11-27,656.3409423828125,661.520347620143,638.3936206223323,638.3936206223323,1044130
2007-11-28,695.2465209960938,697.2942125199904,661.3995835610493,663.8086151143846,1214640
2007-11-29,690.5492553710938,697.6559317230099,670.9156522441785,696.4514152916918,906105
2007-11-30,700.1849975585938,721.1436012188761,692.8374808194943,709.2188657711624,982840
2007-12-03,685.36962890625,697.4147893439697,673.2040462712831,695.0057572564258,878240
2007-12-04,670.3130493164062,681.7559495293548,663.0859544450703,675.8537926439727,630290
2007-12-05,702.9525146484375,717.9424172169108,692.7980550010196,694.8531329990689,1542280
2007-12-06,741.6358642578125,745.6250888688617,698.3586761775232,703.798548042495,1166210
2007-12-07,742.8447265625,753.120040111371,739.5807886786147,742.2402963537429,792980
2007-12-10,743.5701293945312,750.3397930593594,734.6246051780386,746.7132112405931,666515
2007-12-11,716.2496948242188,752.3946456458373,710.809823724288,743.2072635183921,1088130
2007-12-12,703.6775512695312,740.0642905772148,686.8744373656708,735.3497058930006,1215070
2007-12-13,689.6547241210938,695.9408117355836,673.5768986834535,691.5888708718742,935765
2007-12-14,672.7308959960938,689.5340871523199,667.2910235217319,680.8302764367423,1058405
2007-12-17,664.9938354492188,686.8742450267904,663.0596890235906,673.3349986985232,891365
2007-12-18,685.4238891601562,686.8745364864051,660.5213928943405,675.7530053624821,942435
2007-12-19,687.7208862304688,707.3043706718464,684.2151606643937,684.9404475759254,1191390
2007-12-20,685.907470703125,698.116932124047,676.7200867205305,690.8637691928882,778735
2007-12-21,705.1284790039062,706.4582701331935,690.0177192370516,694.3696623197097,1127020
2007-12-24,725.0745849609375,725.316371841484,705.2493150670683,708.3923231651827,453860
2007-12-26,719.5137939453125,725.799883385683,714.0739216228171,725.0745228062226,503135
2007-12-27,701.2597045898438,716.7331726776162,698.7211279288932,711.8977323459283,469915
2007-12-28,700.4137573242188,710.8099274298976,692.4352342771537,704.2820516443884,424535
2007-12-31,704.7660522460938,713.1072237155628,690.2597184091244,697.3920287255127,578775
2008-01-02,680.58837890625,714.0738254491749,679.3795185529528,708.271310509945,734185
2008-01-03,682.4019165039062,693.402520188552,679.0171210457851,680.5886253174477,542605
2008-01-04,668.4998779296875,685.0612820671842,667.2910173909358,674.544180623446,712825
2008-01-07,680.58837890625,686.5118241505978,667.2909150199822,671.521926256522,839145
2008-01-08,671.5218505859375,692.0724742762362,669.8294167688416,688.445893625007,959955
2008-01-09,682.7642822265625,684.2149293421874,655.9275688279237,673.335186649467,964130
2008-01-10,698.8421630859375,712.2605577066187,671.1593043795638,676.2365327824436,1135130
2008-01-11,697.2709350585938,716.2500654741742,685.5449698630048,691.5892742129978,897175
2008-01-14,717.0960083007812,718.3048687079697,695.4573774989146,704.2820437147935,668305
2008-01-15,699.4465942382812,711.8979153190061,691.1055017920579,709.6010510579251,742955
2008-01-16,700.0509033203125,713.4692956378443,691.7098123171692,694.8528192836342,906750
2008-01-17,656.0487060546875,709.1176456580879,652.3011936753901,701.8644815751903,1430505
2008-01-18,629.2117919921875,670.9174727294219,611.3206741426652,659.4332997727921,1909015
2008-01-22,633.5638427734375,650.3670354707324,597.1771663987766,597.6607032847671,1451630
2008-01-23,662.576416015625,669.7087225377976,603.2213944880162,610.8372009443932,1351615
2008-01-24,665.356689453125,684.2148792260246,659.4332449077675,668.257909688894,856830
2008-01-25,643.35546875,676.8409139380448,640.6959613237586,673.0934027246665,893935
2008-01-28,661.85107421875,663.7852213608076,636.3441490908192,641.3004472567067,727685
2008-01-29,685.78662109375,695.4575061401148,661.125908495318,665.7195641357418,876600
2008-01-30,657.2576904296875,689.0507175531694,652.784890313529,683.0064130132293,1093045
2008-01-31,664.5106201171875,673.4561433927254,640.0916236827949,645.4106393040247,1276750
2008-02-01,673.6978759765625,684.2149760541323,656.5320437995267,665.5984966624347,818850
2008-02-04,670.0714111328125,676.4783575113638,665.1151122207054,671.1594151783945,462405
2008-02-05,639.8499145507812,663.4226967565132,636.5859761041575,663.4226967565132,986375
2008-02-06,629.8165283203125,647.7076548672427,627.8823803952984,642.9931416313902,839330
2008-02-07,624.3764038085938,633.5637134414703,615.9143809108974,626.0688379013267,933160
2008-02-08,612.650390625,622.4422034101596,603.100401550033,622.3212731093188,940385
2008-02-11,540.843994140625,592.3414410913533,537.9427373176577,586.9015707139838,5043725
2008-02-12,557.7682495117188,566.7138101893062,533.1075017089248,543.6246032339307,3154870
2008-02-13,550.2733154296875,565.384071709155,548.4600246761514,561.1530599509041,1534715
2008-02-14,550.0314331054688,560.0649587769511,540.9649809114226,549.4270029591991,1274435
2008-02-15,557.405517578125,558.493484520321,540.9650093568044,547.3719544875627,1121515
2008-02-19,568.527099609375,585.088503834002,566.5929522503934,580.8574919261115,1370805
2008-02-20,579.0441284179688,583.2751397947179,564.4169102800515,564.7795905329535,1026360
2008-02-21,575.2969360351562,590.8912353810266,571.5494595991074,586.0557914355469,816390
2008-02-22,590.890869140625,591.2535493466487,566.9554512025287,576.5054396973657,982005
2008-02-25,609.0241088867188,611.3209741183093,581.5829884914456,587.9899365282322,1245585
2008-02-26,621.5961303710938,624.0138515520135,604.4302952299637,605.7600492577692,1189645
2008-02-27,631.629638671875,631.629638671875,611.4416526888261,612.8923001084031,1098940
2008-02-28,606.2432861328125,622.2002527876158,600.6825227899883,622.2002527876158,1216475
2008-02-29,566.4719848632812,576.6264047382349,559.0979291225024,568.8897056378651,2455905
2008-03-03,564.4169921875,565.9885330618188,549.4271285128632,563.4499184890706,1104035
2008-03-04,554.020751953125,560.3068413047273,537.2175983947773,560.3068413047273,1613400
2008-03-05,541.6364135742188,565.7981736656085,538.4795923190931,556.3277469534287,1115760
2008-03-06,520.6314086914062,539.6937214351404,520.0243291397356,534.8370850217758,1306350
2008-03-07,520.6314086914062,540.3008009868109,511.6466387373208,512.2537182889914,1491885
2008-03-10,509.3399353027344,535.6872125699521,507.7615426963814,521.481530899939,1027360
2008-03-11,534.22998046875,543.8218295256183,518.9315690719608,524.516708096591,1575055
2008-03-12,529.98046875,551.8353334407217,528.1592300257732,535.4441849226804,1080995
2008-03-13,515.7749633789062,520.3887919129991,487.2422138786604,507.3972698724546,1679925
2008-03-14,499.99072265625,523.545439785607,495.4983560375929,523.545439785607,1632025
2008-03-17,483.2351379394531,490.2772432188059,467.4510756449484,478.62134993617804,1847435
2008-03-18,530.2232055664062,530.2232055664062,498.41222761821876,503.14743990967855,1479680
2008-03-19,512.132080078125,553.6563188101588,510.18945597045774,540.6648070343504,1695160
2008-03-20,546.4928588867188,547.0999382596093,514.8033082111946,514.8033082111946,1323805
2008-03-24,559.8485717773438,578.3037613831572,549.2853764963216,549.6496463302913,1365130
2008-03-25,556.2060546875,565.4336673356478,548.9211031842012,561.54834504595,918625
2008-03-26,534.9586791992188,554.6280407234791,533.9873293743965,552.3211451009878,730245
2008-03-27,527.67333984375,546.3713750457922,527.67333984375,537.7508414955447,711960
2008-03-28,519.6599731445312,538.4794347887841,519.2957403210784,529.6160902550236,631840
2008-03-31,525.123779296875,533.6228924878071,511.5251833701065,520.5099898145033,815840
2008-04-01,570.6547241210938,572.5973859117189,540.4221727431891,540.4221727431891,1123455
2008-04-02,569.0763549804688,581.9464111191974,562.762713172147,571.140403109702,750845
2008-04-03,570.5333862304688,576.3613724748948,559.1202974499475,563.369854542401,694980
2008-04-04,574.297119140625,579.5179872206288,565.6765841488071,572.4758809192489,619100
2008-04-07,583.2820434570312,589.8384954025231,576.7255915115393,579.6395660369583,548995
2008-04-08,567.6194458007812,584.9819081451724,567.012366179604,580.4895411803801,670680
2008-04-09,553.1707153320312,577.2110429533471,550.9852074235223,567.6191965611325,695980
2008-04-10,553.1707153320312,563.7338738703498,549.0425831313142,552.199366132744,513155
2008-04-11,534.8369750976562,550.6210401970196,532.772890224926,543.3360870742365,845205
2008-04-14,525.609375,534.8369899558464,522.9382476793528,533.0157516245553,687230
2008-04-15,535.565673828125,540.6651206484677,523.9097371551682,529.373453996879,492270
2008-04-16,552.0781860351562,552.5638422895389,541.3935631727517,541.3935631727517,806660
2008-04-17,560.5772094726562,564.8267658540291,544.6717196060226,546.1286881334358,615000
2008-04-18,585.5888671875,597.123377614793,571.990308705133,572.111732015006,978850
2008-04-21,565.0693359375,583.7673686806279,564.8265264790966,583.7673686806279,657370
2008-04-22,549.6497192382812,563.8553553710232,545.8858194404277,563.7339320769272,778095
2008-04-23,532.5300903320312,547.3428063847534,526.3378726548657,546.371494105397,977640
2008-04-24,570.2905883789062,579.7610152730826,535.4442046815276,537.2654434729614,1296710
2008-04-25,577.0896606445312,580.7321370308081,561.305596303998,571.9902159356551,637755
2008-04-28,571.1405029296875,577.2112991705499,563.1270444811092,571.2619262651447,568465
2008-04-29,570.6547241210938,579.7609165272814,564.8267758024103,569.3191418242146,633035
2008-04-30,560.9414672851562,574.0543698809347,558.5131492449608,570.7761627585865,666395
2008-05-01,584.6175537109375,587.1672950006889,558.2702888054918,561.1843000241746,693950
2008-05-02,595.4234619140625,601.0085997465872,582.9176412254583,590.2025939496593,1127075
2008-05-05,575.3899536132812,596.6377365166757,572.8402122542353,596.6377365166757,762515
2008-05-06,587.6530151367188,590.688412942177,563.8554889312868,574.175841469845,814195
2008-05-07,547.3428955078125,588.2600711056881,546.0073501695294,586.8030653962229,1155630
2008-05-08,536.0511474609375,552.0780595562433,532.4086708077489,551.7137896590112,1237620
2008-05-09,489.0631408691406,511.4036920228697,486.8776698904079,508.6111046020609,4171115
2008-05-12,465.87261962890625,499.6262102641182,465.87261962890625,486.14904384028324,4013395
2008-05-13,475.464599609375,475.82883243278786,463.2015881609255,463.6872442765382,7756440
2008-05-14,478.8642578125,481.8996550312065,473.88619896318363,476.0717071925655,2559810
2008-05-15,480.4427490234375,481.17121480802774,471.9436357067452,479.59282287049086,1465135
2008-05-16,477.650146484375,482.1425496366421,474.0076694592478,482.1425496366421,1446550
2008-05-19,472.9151611328125,480.8071984816271,469.5155290961457,476.921872965542,1325200
2008-05-20,462.8374938964844,471.0937614931261,458.4665134410633,469.6367556569199,2322725
2008-05-21,448.7532043457031,468.17974966756736,446.2034628615695,463.80876955950896,2255980
2008-05-22,459.0735778808594,459.55923412583525,445.59640402689973,449.84596101353225,1520930
2008-05-23,448.6318664550781,456.40247865286136,446.2035478274458,456.40247865286136,1762185
2008-05-27,444.6252136230469,451.9101704575924,443.53244045529976,448.02484532455213,1560510
2008-05-28,423.86285400390625,447.4175278419352,419.249028228441,446.68902513494737,2788885
2008-05-29,429.0839538574219,432.3621992826202,419.37067799396823,423.49881282529464,1543580
2008-05-30,437.097412109375,448.99616017329197,435.8832526312934,444.26094561941505,1412270
2008-06-02,435.5188293457031,439.2826924408862,430.0551140812484,437.09722115638056,1221685
2008-06-03,437.21868896484375,445.717802463537,434.06186796897595,438.6756576184174,1264670
2008-06-04,436.1199035644531,448.9397771113013,435.7535991070293,437.21874241644025,1438440
2008-06-05,444.5441589355469,445.64299723011703,433.31149862186174,438.561561767222,880965
2008-06-06,414.2649841308594,432.2128195059228,410.84636656424584,429.77093916973115,2488835
2008-06-09,408.892822265625,417.3173013022569,401.3230161826208,416.58476706787206,1492215
2008-06-10,418.53839111328125,422.6896186473587,404.375511032831,404.375511032831,1386115
2008-06-11,406.0846252441406,419.27076148908117,400.71249704287334,416.95098309082135,1603090
2008-06-12,411.21270751953125,421.22443359898483,404.7417383711985,408.89292823579746,1218055
2008-06-13,417.3173828125,420.2476693629177,406.2068558060411,415.7301753144748,1194320
2008-06-16,415.2417297363281,424.7650474809587,404.7416375690851,409.50329644140044,1274900
2008-06-17,394.1194152832031,421.2242980625875,391.6775352944345,419.8812566167384,1498810
2008-06-18,384.84033203125,393.0206082943069,379.10189869287564,390.8229310320253,1755240
2008-06-19,403.7650451660156,406.69529496414845,390.33469943610476,395.3405257636806,2090670
2008-06-20,391.9217834472656,403.7649176642125,388.86943310889126,397.4160140563394,1543825
2008-06-23,369.94488525390625,393.7532194534151,367.7472077703147,390.82297038858013,1771245
2008-06-24,364.20660400390625,374.8288032341473,362.0089255991032,368.235730759584,1709780
2008-06-25,363.1075134277344,374.09597236491607,361.1540021646542,366.4040660129402,1558555
2008-06-26,342.9621276855469,357.49131000972767,341.98539033574065,354.43895921640643,1613535
2008-06-27,338.8109130859375,345.2818813867666,334.6597237650205,339.6655861491287,1870080
2008-06-30,323.060791015625,341.25279291770767,321.9619522650555,335.88066337925983,2153300
2008-07-01,326.3573303222656,330.0201512563433,313.7816600193221,318.5433197815948,2032435
2008-07-02,326.60150146484375,333.80504114792865,323.1828838302014,326.8457044073772,1535400
2008-07-03,320.3746643066406,330.1421847870878,314.6362683804581,330.1421847870878,865630
2008-07-07,316.7118835449219,326.6015067142791,309.0199751132764,322.3282159722231,1459440
2008-07-08,334.5376281738281,336.0027713764554,310.1188231976363,316.3456259185931,1641295
2008-07-09,319.15374755859375,338.44462427262437,317.4444388016889,334.5376008910106,1482435
2008-07-10,292.9035339355469,320.1305215810947,290.09538650032914,313.90371937676804,2530750
2008-07-11,281.7929382324219,291.80464188488617,265.55443351448844,282.89177671218005,3044200
2008-07-14,275.3219299316406,299.0081550324926,274.5893585862274,293.0255573551829,1552695
2008-07-15,252.00210571289062,269.58365966988237,240.89155860701604,263.11267144883834,3571165
2008-07-16,284.23492431640625,284.23492431640625,252.73465877238456,256.39747991401333,2468645
2008-07-17,304.25830078125,304.38040225595324,282.4034781743692,290.2174881735713,2566375
2008-07-18,306.089599609375,307.3105393913271,291.5604236561702,305.7233139487768,1937345
2008-07-21,323.9153747558594,344.18298668717176,321.8397990628555,321.8397990628555,2471970
2008-07-22,343.5725402832031,346.6248905651437,306.4559683068329,319.52004241759266,1822025
2008-07-23,367.5029602050781,379.59025941760376,344.67136604575893,344.67136604575893,2507910
2008-07-24,334.90386962890625,369.3343969056532,330.9968834887962,368.9681297631898,2095495
2008-07-25,332.58404541015625,347.6016296245495,327.2119169128668,337.95617390744565,1625555
2008-07-28,292.5372619628906,338.810885337081,290.70585177187934,332.3399175662289,2253050
2008-07-29,315.61309814453125,315.61309814453125,270.31620117156575,283.7465457734607,3127410
2008-07-30,326.7236328125,336.73532094952395,311.2176760471656,321.35150292676263,1980360
2008-07-31,318.05487060546875,333.31662063452194,315.61299060082024,321.2293220635382,1426575
2008-08-01,327.08984375,330.0200925237471,311.3397239884915,323.79332785208504,1174195
2008-08-04,325.86895751953125,332.2178619621867,316.71190530039786,327.08989781541567,1090460
2008-08-05,364.93896484375,365.0610662978828,339.78759295782254,341.86320589768286,2082580
2008-08-06,355.1714782714844,359.81107314647056,342.8399754402634,356.6366213394034,1793270
2008-08-07,291.07208251953125,314.0257764002126,287.28717977596057,311.33969355179175,7748975
2008-08-08,303.6478271484375,307.18856494302867,284.9674381695925,291.56052649569205,3036270
2008-08-11,298.7640686035156,307.18856731353003,292.04889738237785,304.01411528423716,2045395
2008-08-12,278.98486328125,293.8803314678452,275.81041099538686,293.75824861381716,2179980
2008-08-13,269.21734619140625,278.37439878295066,260.548662286049,278.13021443985707,2732655
2008-08-14,278.6186218261719,281.30468723343853,263.2347825136046,268.1185445741162,1599825
2008-08-15,280.6942138671875,285.5779758736115,276.90930949025307,284.112850997699,1549045
2008-08-18,263.7232360839844,279.4733663425237,263.11276563008624,278.86289588862564,1628220
2008-08-19,248.0950164794922,257.9846384180573,241.13566186312673,251.0252838016918,2920910
2008-08-20,253.95550537109375,259.3276336096102,241.5019218144858,249.92639987717402,1913120
2008-08-21,241.50198364257812,251.14740410430588,237.8391629158355,248.3392378211226,2365575
2008-08-22,242.60084533691406,249.3160173039302,237.96126825187048,249.1939344462091,2385160
2008-08-25,229.29258728027344,235.15310432396822,227.58325971790785,234.17634837834075,2428680
2008-08-26,239.7926025390625,241.25774540640052,229.65881569705562,230.7576542174937,2204350
2008-08-27,244.18792724609375,247.48446053790394,238.0832290649414,240.0367399349343,1885575
2008-08-28,262.62420654296875,262.62420654296875,246.14151622345352,249.43805056134332,1970830
2008-08-29,262.38006591796875,264.5777622082732,256.3974658338733,258.5951621241778,1309890
2008-09-02,268.118408203125,279.3510515031145,261.03695309115415,271.0486564970129,1706240
2008-09-03,278.4781799316406,278.72483531421653,262.6919908049917,269.2284619455494,1388565
2008-09-04,261.7053527832031,274.9016134636494,258.12880265755115,268.2418239818839,2064210
2008-09-05,275.51812744140625,276.62810436135175,250.23557700782848,250.7289063562233,2338825
2008-09-08,280.6980285644531,304.37729546818036,265.15849966150427,301.787367711491,2774410
2008-09-09,226.55638122558594,276.13485692060414,225.44642279499288,273.6682659027565,4389115
2008-09-10,215.82667541503906,239.9992705889605,207.93359309872613,236.42270296235571,4126820
2008-09-11,216.4433135986328,219.52655168408342,170.44139759999135,193.6273517662983,8484010
2008-09-12,149.72207641601562,189.92750805815507,141.70565562135323,186.84426929097722,16033190
2008-09-15,58.70486831665039,98.54031971507314,43.16534573419862,87.81064241556459,36971185
2008-09-16,46.24858474731445,63.144735315929864,15.416194915771483,22.815968475341794,61554360
2008-09-17,25.282562255859375,38.23216731373857,24.542584353515583,28.24247151290964,27304965
2008-09-18,33.1756591796875,33.1756591796875,25.899213853278944,29.59910154660451,12277890
2008-09-19,47.48189926147461,54.88167576975637,30.832402117840658,51.55177540009934,25082985
2008-09-22,58.211551666259766,68.0779161959767,53.2783694014013,56.484935991699615,19929195
2008-09-23,61.664798736572266,70.29787055969238,59.19820678710938,66.3513224996216,12298155
2008-09-24,40.822078704833984,66.4746285774119,40.822078704833984,65.85798083441048,14057880
2008-09-25,37.245513916015625,53.771665857007015,33.29896855388493,48.098510133389354,15548520
2008-09-26,38.848819732666016,40.452103415623746,33.9156362745497,34.162296388385585,6752680
2008-09-29,30.832399368286133,43.412019251477034,30.832399368286133,41.31541515350342,7705280
2008-09-30,41.06874465942383,43.905323744944766,36.13556200472668,39.218801163912396,5477410
2008-10-01,48.715179443359375,49.33182728441456,43.16534887386274,46.001928001786645,6169945
2008-10-02,49.331809997558594,54.264990997314456,46.24857187271118,54.14166335417976,4906840
2008-10-03,47.60520935058594,61.171461256205184,45.75526590891058,56.97825894453072,12031170
2008-10-06,47.72854995727539,49.20850590646421,40.08211480700836,42.30204637846646,6544485
2008-10-07,43.288673400878906,52.04507492758429,43.288673400878906,52.04507492758429,4507990
2008-10-08,39.342132568359375,46.86523684875628,39.342132568359375,43.04202204032291,4358750
2008-10-09,29.47576332092285,41.562061182342724,29.475763320922855,41.43872880394071,11667595
2008-10-10,28.735788345336914,29.59909626053237,23.432617872921462,25.899209227965827,11405465
2008-10-13,31.69568634033203,36.99885455183171,28.119128518462574,36.258876990330315,7061250
2008-10-14,34.53227233886719,36.50554551441019,30.95571603137796,36.50554551441019,5128935
2008-10-15,29.96908187866211,33.29898091065775,29.84575420159347,32.92899317480252,3301435
2008-10-16,29.96908187866211,31.32570749733902,26.885842905453057,31.32570749733902,4306000
2008-10-17,25.899206161499023,30.95571831111374,25.899206161499023,26.885841645769165,5304725
2008-10-20,28.489120483398438,28.859108114065382,26.639177625415734,28.859108114065382,4213550
2008-10-21,27.25582504272461,28.98243789357944,26.88583506247602,27.625812670649225,2586370
2008-10-22,26.02253532409668,27.995808579671095,26.022535324096683,26.762513088977645,2741625
2008-10-23,25.899206161499023,27.379161740228785,25.035898348519236,27.379161740228785,3258275
2008-10-24,20.96602439880371,23.80260322947673,20.96602439880371,21.70600220099111,5485155
2008-10-27,16.649494171142578,21.0893597539123,16.649494171142578,20.966029696994358,5245140
2008-10-28,22.56930923461914,22.56930923461914,17.63612785874894,20.34937802713438,5216630
2008-10-29,19.11607551574707,22.445973482000316,18.499427918464907,22.322643492079102,5523995
2008-10-30,20.10271453857422,21.459339980048558,19.60939683776292,21.08935229252117,4215640
2008-10-31,23.555950164794922,24.17259806255225,19.486073804364054,20.10272052595886,5075055
2008-11-03,26.39252281188965,27.132500570644854,23.80260183240866,24.66590960967714,5220295
2008-11-04,29.722427368164062,30.709063004751084,28.489131646267836,29.10577950721595,5760150
2008-11-05,25.40589141845703,29.352436173740518,25.159231342109706,29.105778449718013,3930790
2008-11-06,23.0626277923584,24.66591107104659,22.445980015582233,24.41925101940629,3497945
2008-11-07,26.02253532409668,27.502488501534142,25.15922753968148,26.022535324096683,3698535
2008-11-10,28.119138717651367,35.02559454285555,27.74915097886306,34.16228903490795,10547080
2008-11-11,27.87247657775879,28.982441969973777,25.035895739515713,26.762511185543804,4499980
2008-11-12,25.035898208618164,28.119137020138847,25.03589820861816,26.515853779077904,2998120
2008-11-13,25.40589141845703,27.50249265811003,24.295925779543705,26.02253925700053,4628945
2008-11-14,25.65254020690918,27.13249544482948,25.405882568805133,26.022530192551258,2885215
2008-11-17,23.555950164794922,25.899211705807758,23.555950164794922,25.77588165579128,2740475
2008-11-18,24.049266815185547,24.295926902937936,22.19932321401743,23.925936771309352,2552420
2008-11-19,19.239408493041992,22.9392946512299,19.239408493041992,22.815964642158786,3124090
2008-11-20,17.759464263916016,20.96603475586665,17.759464263916016,19.486079596567464,4236795
2008-11-21,19.732728958129883,20.966024518013,18.499433398246765,20.966024518013,4669515
2008-11-24,21.829334259033203,21.829334259033203,19.85606072026512,21.33601411009758,2618985
2008-11-25,21.829334259033203,21.952661943942303,20.596038591343753,21.829334259033203,2439355
2008-11-26,24.049266815185547,24.17259685906174,21.089357523781544,21.336015259209,2905260
2008-11-28,24.78923988342285,25.035897570664567,23.679274410023957,24.665909863639758,1616140
2008-12-01,20.34937286376953,24.665906501538828,20.34937286376953,24.172588841972882,2787020
2008-12-02,23.0626277923584,23.0626277923584,21.089354436209753,22.075989938121783,2198980
2008-12-03,24.78923988342285,26.145865396387933,22.199318877275783,22.44597891684197,4838820
2008-12-04,22.692642211914062,24.789246009368238,22.32265441345747,23.679280261673405,2639395
2008-12-05,23.92593765258789,24.049267701006777,21.58267614192916,22.32265408011745,2897240
2008-12-08,23.80260467529297,25.529220436049744,23.679276994374394,25.159230336319837,2736890
2008-12-09,23.80260467529297,24.29592480826618,22.939299147239307,23.679276994374394,1923450
2008-12-10,21.582670211791992,23.309283358270477,20.349374771118164,23.062625681530335,3954600
2008-12-11,21.336017608642578,22.32265571597169,21.336017608642578,22.075995601058114,2047995
2008-12-12,22.19931983947754,22.19931983947754,20.472706544649753,20.966024292839897,1937560
2008-12-15,21.45933723449707,22.815962502402,20.842689599297017,22.69263250489718,1349575
2008-12-16,22.19931983947754,22.19931983947754,21.212684343097255,22.07598981434886,2053400
2008-12-17,21.582670211791992,21.829330240856507,21.089352505987335,21.582670211791992,1370340
2008-12-18,20.596044540405273,21.706010491468774,20.596044540405273,21.58268041861161,1697005
2008-12-19,19.732728958129883,20.84269449155977,19.732728958129883,20.719364465106537,2331370
2008-12-22,19.85605239868164,21.089347549502563,19.85605239868164,20.96601756395571,1404010
2008-12-23,19.11607551574707,20.349370710311398,18.74608672214538,20.10271073046897,1609495
2008-12-24,19.239408493041992,19.362737325950974,18.746089632919656,19.239408493041992,621455
2008-12-26,19.36273956298828,19.609398433465646,18.746091798713735,19.609398433465646,755275
2008-12-29,19.11607551574707,19.97938309287166,18.869416712066595,19.732723113029234,1059100
2008-12-30,19.239408493041992,19.486067335022092,18.746089632919656,19.362737325950974,1111290
2008-12-31,19.36273956298828,19.36273956298828,18.746091798713735,18.9927506691911,1337310
2009-01-02,20.84269142150879,20.84269142150879,19.11607836246103,19.362737202873262,1636290
2009-01-05,20.472715377807617,21.582681378222514,20.472715377807617,20.966033338844728,1707345
2009-01-06,21.45933723449707,21.45933723449707,20.719359601792195,20.96601959680184,1460435
2009-01-07,20.226045608520508,21.21268341401204,20.226045608520508,21.21268341401204,1338390
2009-01-08,20.34937286376953,20.472702866742058,19.97938520717611,20.34937286376953,994395
2009-01-09,19.979389190673828,20.71936465139724,19.979389190673828,20.596036976159752,873470
2009-01-12,18.992752075195312,20.34937772749313,18.86942321890792,20.22604769504338,1556630
2009-01-13,19.48607063293457,19.6093994867163,18.869422835538934,19.116081719264724,1215040
2009-01-14,18.37610626220703,19.11608418499439,18.37610626220703,18.992754139142335,1545920
2009-01-15,17.389463424682617,18.746087488463402,17.14280343475702,18.622758669662602,2399165
2009-01-16,17.512802124023438,18.499439111890112,17.266143171097436,18.252780158964107,1729395
2009-01-20,16.896154403686523,18.499439385677803,16.896154403686523,17.75946133978562,2627250
2009-01-21,17.882787704467773,18.006117745308387,16.649492000711373,17.266139852589575,1960050
2009-01-22,16.156173706054688,17.6361282710289,16.156173706054688,17.389469372893597,1749520
2009-01-23,16.896154403686523,16.896154403686523,15.416199488064835,15.786188511010927,1674210
2009-01-26,15.53952407836914,17.0194784724609,15.53952407836914,16.5261595569888,1322885
2009-01-27,16.649494171142578,16.649494171142578,15.539528363531444,15.786187301204741,906435
2009-01-28,17.389463424682617,17.389463424682617,16.77281580219262,17.26613342971982,1777485
2009-01-29,15.909516334533691,16.772824388913318,15.909516334533693,16.772824388913318,1086250
2009-01-30,15.786179542541504,16.52615599187441,15.662849546238347,16.27949717543011,1410295
2009-02-02,15.169530868530273,15.662848467441043,14.799542081266232,15.662848467441043,1593625
2009-02-03,13.319591522216797,15.2928635997764,12.332954895355881,15.16953475652018,3445370
2009-02-04,12.702945709228516,13.56625244795693,12.579615671054853,13.56625244795693,1911245
2009-02-05,12.332952499389648,12.826270128900433,12.20962250393095,12.57961131414504,2603470
2009-02-06,12.82627010345459,12.82627010345459,11.099657227430242,12.456282470136518,3038105
2009-02-09,12.82627010345459,13.196258912934665,12.332952474922491,12.949600098668617,1439465
2009-02-10,11.346321105957031,13.196264802890108,11.346321105957031,13.072935928792086,2965225
2009-02-11,11.839639663696289,12.209627447554784,10.976331698259857,12.209627447554784,1846480
2009-02-12,11.09965991973877,11.59297766792891,10.483012146419949,11.222989944867448,1869150
2009-02-13,10.483012199401855,11.222990001589256,10.483012199401855,11.099659975837259,866845
2009-02-17,9.619704246520996,10.113021930481196,9.249715395469778,9.743033667511046,1695575
2009-02-18,9.003059387207031,9.86636619394469,8.756399879509663,9.743036734136632,1318875
2009-02-19,7.276443958282471,8.879727841512782,6.783125614180394,8.879727841512782,2701620
2009-02-20,6.659795761108398,7.276443505876193,6.043148016340605,6.90645462378307,3683420
2009-02-23,6.5364670753479,7.769762705558358,5.54983033594706,7.276444335857938,3900170
2009-02-24,5.056511402130127,5.79648858008654,4.68652281315192,5.673159148440657,5250305
2009-02-25,5.673160552978516,5.796490015157802,5.056512654000824,5.303172166440659,2998875
2009-02-26,6.413135051727295,7.153112670687445,5.919817423195196,7.02978267547342,3983275
2009-02-27,5.1798415184021,6.043148830189914,5.056512070455611,5.673159898269251,3329805
2009-03-02,5.1798415184021,6.41313717402938,5.1798415184021,6.41313717402938,3450225
2009-03-03,5.303171634674072,6.16647837144371,5.303171634674072,6.16647837144371,2909980
2009-03-04,5.303171634674072,6.16647837144371,5.056512146967601,6.16647837144371,2601325
2009-03-05,4.316534042358398,5.426500056581062,4.316534042358398,5.179840615597641,3132795
2009-03-06,4.316534042358398,4.563193189301273,4.0698748954155235,4.563193189301273,2601410
2009-03-09,4.316534042358398,4.686522615752438,4.0698748954155235,4.686522615752438,1906250
2009-03-10,5.1798415184021,5.1798415184021,4.316534794695482,4.809853174562633,3022465
2009-03-11,5.056511402130127,5.426500285148892,4.809852538838362,5.30317085350301,2194685
2009-03-12,5.056511402130127,5.17984083377601,4.5631933815060375,5.056511402130127,2337610
2009-03-13,6.166476249694824,6.28980565707252,5.179839814511252,5.179839814511252,3542705
2009-03-16,10.236357688903809,12.332960787555722,7.029787413674203,7.5231059627927115,14289240
2009-03-17,11.839639663696289,12.332957492949268,10.236354954380388,11.59297957290732,8738965
2009-03-18,17.019485473632812,17.88279246063796,12.086301346560273,12.33296031768135,29134785
2009-03-19,19.979389190673828,24.66591141943701,17.142807966043797,24.5425813918749,27918425
2009-03-20,15.53952407836914,17.88278510433424,13.072933029495452,17.759455081425646,20180600
2009-03-23,18.252779006958008,18.99275581903311,17.266142081361952,18.499437944316377,12014635
2009-03-24,17.142805099487305,18.992748146604445,16.279498579398396,17.512793944143155,11326370
2009-03-25,14.79955005645752,18.006119705821675,14.182902137438457,17.882789651552837,16034480
2009-03-26,13.566252708435059,15.786185205047827,13.566252708435059,15.786185205047827,11401995
2009-03-27,12.579614639282227,13.319592455306841,11.346319063349414,12.702944667340436,11188380
2009-03-30,11.716303825378418,12.949598964891935,11.469645032708094,12.086292602464853,5709850
2009-03-31,12.332952499389648,12.949600124359131,11.839634869878864,12.826270128900433,6350635
2009-04-01,13.196261405944824,13.196261405944824,11.962965925460967,12.086295943974243,4199575
2009-04-02,14.059569358825684,15.169536103677608,13.566251589666386,15.046206073306614,7532335
2009-04-03,14.059569358825684,14.182899389196676,13.196262674715744,14.182899389196676,4270870
2009-04-06,13.566252708435059,13.812911613355936,13.31959380351418,13.812911613355936,3171130
2009-04-07,12.949603080749512,13.319591975431951,12.949603080749512,13.319591975431951,2464100
2009-04-08,13.319591522216797,13.81290924756614,13.072932659542127,13.319591522216799,2534740
2009-04-09,14.306230545043945,14.306230545043944,13.689582697001747,14.306230545043944,4608515
2009-04-13,17.512802124023438,17.63613218856777,14.306233383660084,14.429562272041753,8969320
2009-04-14,18.746091842651367,21.95265951869729,18.499432971595876,18.86942186626025,17604795
2009-04-15,19.732728958129883,20.22604671161821,19.116081178188324,19.979389011036346,7526310
2009-04-16,20.84269142150879,21.459339110620434,20.34937374068432,21.336009102333254,7183860
2009-04-17,19.979389190673828,21.336012436883166,18.869422471101775,21.336012436883166,8119455
2009-04-20,15.909516334533691,18.86942714348683,15.909516334533693,18.746097085386143,8303290
2009-04-21,18.006118774414062,18.376106565756984,14.429560323411609,15.292867130149268,8554355
2009-04-22,17.636125564575195,19.36273876271729,16.64948894728162,18.37610214542371,5998260
2009-04-23,18.499435424804688,18.992753232334508,18.006117617274867,18.252776521039777,3674520
2009-04-24,18.006118774414062,18.86942558115172,17.636129806908635,18.86942558115172,3964375
2009-04-27,17.266136169433594,17.75945387523825,16.772818463628937,17.266136169433594,2879705
2009-04-28,16.526172637939453,18.252788444515478,16.40284369357465,16.649502758467452,2707090
2009-04-29,17.389463424682617,17.512792243483414,16.89614462099342,17.14280343475702,3070880
2009-04-30,17.019485473632812,18.00612253427987,16.772826502511734,17.88279246063796,2994470
2009-05-01,17.019485473632812,17.389474518395804,16.8961553999909,17.019485473632812,1568665
2009-05-04,18.006118774414062,18.622766661535607,17.389470887292518,17.636129806908635,5272295
2009-05-05,21.336017608642578,21.582677723556152,19.239416041177954,20.102721738725084,13009740
2009-05-06,22.692642211914062,23.925938009869448,21.58267646421923,21.70600651447978,13651615
2009-05-07,24.049266815185547,27.009176106589553,22.93930112494966,26.145870504106057,17483630
2009-05-08,24.78923988342285,26.145865396387933,24.295922156614953,25.775875337038652,9489810
2009-05-11,23.432607650756836,24.542572805854242,22.199312511243317,24.172585204929707,6228925
2009-05-12,22.322647094726562,24.41924785246154,22.199317084901143,23.925930165484154,6397790
2009-05-13,19.732728958129883,21.829332350861023,19.732728958129883,21.58267229795456,6427435
2009-05-14,22.692642211914062,22.692642211914062,19.97939286780725,19.97939286780725,6476380
2009-05-15,21.21268653869629,23.802605572842793,20.472708663658082,22.939300012235563,5877070
2009-05-18,22.56930923461914,22.81596930315067,21.70600369940829,22.56930923461914,4387395
2009-05-19,22.322647094726562,23.309282468681342,22.199317084901143,23.185952458855926,3438165
2009-05-20,21.952659606933594,23.185955143330418,21.829331935153558,22.569307375132006,3234415
2009-05-21,22.19931983947754,22.569307562539,21.33601201590136,21.706002091287395,2588620
2009-05-22,20.96602439880371,22.199319951674518,19.8560588716849,20.842694373051714,5426855
2009-05-26,20.96602439880371,21.089354424555708,19.9793888974369,20.349376622368307,3369625
2009-05-27,20.472715377807617,21.21269349552608,20.472715377807617,20.966033338844728,2327995
2009-05-28,20.596044540405273,20.842702333794115,20.10272424897662,20.596044540405273,2539335
2009-05-29,20.84269142150879,21.08935143808315,20.34937374068432,21.08935143808315,2130395
2009-06-01,20.472715377807617,21.089363417185403,20.34938529946694,20.966033338844728,2368195
2009-06-02,19.239408493041992,20.34937387003351,19.239408493041992,20.226043860962392,3923795
2009-06-03,18.129444122314453,19.239410809086117,17.882785250641508,19.239410809086117,4988225
2009-06-04,20.226045608520508,20.226045608520508,18.376102369588917,18.499432389315917,3522615
2009-06-05,21.0893497467041,21.459337389568148,20.349372108651945,20.84268974991203,4503300
2009-06-08,20.472715377807617,20.842703260504052,20.10272514278559,20.596045456148293,2074465
2009-06-09,20.34937286376953,20.719360520362955,20.102712857824486,20.59603286971458,1660025
2009-06-10,19.732728958129883,20.596036790977905,19.732728958129883,20.596036790977905,2406095
2009-06-11,19.85605239868164,20.22604000299839,19.732722413134784,19.979382384228497,1400090
2009-06-12,19.85605239868164,19.979382384228497,19.116074837724323,19.85605239868164,1640385
2009-06-15,18.869426727294922,19.486074651872126,18.622767792696557,19.486074651872126,2234675
2009-06-16,18.252779006958008,19.486074869912432,18.252779006958008,19.116085875793587,2716040
2009-06-17,17.266136169433594,18.62276162463968,17.266136169433594,18.376101595575165,3594495
2009-06-18,18.129444122314453,18.376102993987395,17.266137483378007,17.512796355050952,2439655
2009-06-19,18.869426727294922,18.99275560651282,18.25277880271772,18.869426727294922,2449955
2009-06-22,17.142805099487305,18.376100464232064,17.142805099487305,18.376100464232064,2456545
2009-06-23,17.389463424682617,17.88278105220981,17.26613342971982,17.636122238446212,1522065
2009-06-24,17.512802124023438,17.882791141493772,17.38947323564177,17.759461076949442,1135715
2009-06-25,18.006118774414062,18.129447646140868,17.512799759019327,18.006118774414062,1636500
2009-06-26,18.006118774414062,18.129447646140868,17.636129806908635,17.88278872652475,2080310
2009-06-29,16.40283203125,18.006116577371404,15.786184219369643,18.006116577371404,4332755
2009-06-30,14.306230545043945,16.402832993154927,13.319593752943943,16.402832993154927,884910
2009-07-01,11.148991584777832,14.158232171431402,10.816002402068879,12.117128391169533,40822300
2009-07-02,11.253823280334473,12.073964875087693,10.883834334515647,11.013330994825333,13038400
2009-07-06,9.983527183532715,11.29081972629753,9.73070111757269,11.284653107792895,17649100
2009-07-07,8.478911399841309,9.841703728357244,8.355581897096272,9.73070688184598,27021300
2009-07-08,8.078086853027344,8.67623482802575,7.689598647403343,8.195249682621311,21201000
2009-07-09,5.845820426940918,7.646431916067786,5.629994065841602,7.6155999988258305,60649200
2009-07-10,7.239447593688965,7.671101088881885,5.0688468750793305,5.432669299968672,90319500
2009-07-13,8.984560012817383,9.107890067373054,7.695765764977151,7.708099005665231,70645000
2009-07-14,8.830394744873047,9.98969306233326,8.417240744952991,9.65053612666514,74606500
2009-07-15,8.768733978271484,9.064724710797814,8.509741793270292,9.064724710797814,28910600
2009-07-16,7.862260341644287,8.596071048108676,7.732764265435131,8.522073374286478,24630100
2009-07-17,8.337075233459473,8.898224414926757,7.671095332419458,7.763592818602124,27472200
2009-07-20,8.300077438354492,8.58990200011753,8.102750377450823,8.54057023489161,10872600
2009-07-21,8.213748931884766,8.59607051705405,8.04725432309096,8.337078968717154,8209800
2009-07-22,8.090418815612793,8.201415604371388,8.028754390365581,8.102752053510926,5189100
2009-07-23,7.806760311126709,8.170582572603543,7.732762652737014,8.084251677108343,8982500
2009-07-24,7.683431148529053,8.016420916940248,7.405939772866578,7.732762922509886,10869000
2009-07-27,8.016419410705566,8.07808441063571,7.597098822575041,7.6710964696426,10262400
2009-07-28,8.232248306274414,8.509739696670831,7.930090439496732,7.985588835192249,11023300
2009-07-29,8.047250747680664,8.497403182639138,8.01641825217151,8.250744394727773,6998700
2009-07-30,8.096587181091309,8.293914325378026,8.04725539501963,8.275415052621467,5406900
2009-07-31,8.10274887084961,8.133580777322242,7.936253753108977,8.071916376296057,4983800
2009-08-03,8.386407852172852,8.478904759774355,7.997919781700744,8.195246831560482,10051400
2009-08-04,8.337075233459473,8.429572131561201,8.090415858386631,8.330908616764441,7873400
2009-08-05,13.566252708435059,14.189067178461796,8.324745980176058,8.411076890938974,134873500
2009-08-06,13.893075942993164,18.12327922950023,13.134598223140957,16.575493045123615,130982500
2009-08-07,16.735820770263672,17.876619425587364,14.799547071453752,16.87765065691514,101076800
2009-08-10,17.697795867919922,18.43160604975783,17.204476823617362,17.549799331315352,49035700
2009-08-11,15.366862297058105,17.38946738259683,14.996873404120716,17.29696927724078,38862300
2009-08-12,15.619688034057617,16.322666118501267,15.459359472030378,15.50252462792958,18192800
2009-08-13,15.428529739379883,16.032844359897013,15.329866175873512,15.897182254116366,11317700
2009-08-14,15.027706146240234,15.317530164574087,14.503555324860084,15.317530164574087,14340500
2009-08-17,14.441888809204102,14.799544418948882,13.874572892764578,14.127398349161984,11771600
2009-08-18,15.138703346252441,15.225034839906003,14.694717344088959,14.811880757942987,10611700
2009-08-19,16.42749786376953,16.95781537552144,14.737882945675246,14.824214441922877,31899800
2009-08-20,19.917722702026367,21.58267216833421,16.704988352383662,16.89614883369204,132331700
2009-08-21,20.256879806518555,21.582673551314937,20.05955269366394,21.225016689062986,49397400
2009-08-24,20.8735294342041,21.860167436447355,20.74403394621325,21.582675424806286,31050600
2009-08-25,20.947532653808594,21.428517325934372,20.725539004419662,21.379184358370004,17683500
2009-08-26,23.2414493560791,23.463442889072073,20.522033281563456,21.04618520164667,27435500
2009-08-27,29.50043296813965,30.85705869619037,24.203427891018627,24.881739578881568,148878600
2009-08-28,30.974210739135742,34.470604088392854,28.088299589766848,32.66999175265137,130734900
2009-08-31,27.952651977539062,29.395605884877362,26.392531104926608,27.792322197395794,69599400
2009-09-01,22.19931983947754,26.608352359636935,21.98349405974578,25.30722518156229,87238000
2009-09-02,23.401784896850586,24.616579484884525,20.139717412251017,21.12018752578941,99415600
2009-09-03,25.745044708251953,25.905372095364356,24.357587209004844,25.646381157954032,56846700
2009-09-04,24.696741104125977,26.966004937617654,24.326753407234154,26.688512988786584,50458300
2009-09-08,22.10682487487793,24.049266577866327,22.00199586762883,23.87043813362678,40730600
2009-09-09,23.981435775756836,24.57958497456833,21.921831753967506,22.25482217509916,55294200
2009-09-10,23.340116500854492,25.12839592477437,22.692636830926432,23.71010656390231,46668700
2009-09-11,23.155120849609375,23.85193341482966,22.587806090190604,22.982460244973108,38216700
2009-09-14,25.350383758544922,25.46754595823257,22.38430789180432,22.526136560581143,55665900
2009-09-15,23.92593765258789,26.54669118410786,23.481952771534935,26.034874658808267,52590300
2009-09-16,24.863237380981445,25.461386458181945,24.413084800524963,24.961900928035952,35344200
2009-09-17,24.314416885375977,25.251721590168913,24.049258209241994,24.801569090582504,24205500
2009-09-18,24.610410690307617,25.159226790961938,24.123258421423117,24.820071011579152,21211500
2009-09-21,29.84576416015625,30.79540029300065,24.19110077330439,24.25276698473938,114892600
2009-09-22,28.242477416992188,33.545651532145776,28.08831541978991,32.355520725558165,123455900
2009-09-23,28.80362892150879,30.561077218694976,28.38430807285335,29.087286450797603,66826200
2009-09-24,27.74915313720703,30.283576166777248,27.194169133532945,29.568264757777797,51571000
2009-09-25,27.502490997314453,28.32263370216718,26.46035705994432,27.693652662556175,33045300
2009-09-28,28.45212745666504,29.019444622795213,27.4099935822658,27.96497515851159,32572700
2009-09-29,27.884822845458984,29.28461406428077,27.76149277706062,28.797461587886215,29876300
2009-09-30,27.20033836364746,28.408967643910593,26.62685564705144,28.230139194149473,28831200
2009-10-01,25.220897674560547,26.935177922293203,24.758411793137004,26.867346283312443,26826600
2009-10-02,26.565189361572266,26.719351317424497,22.729639147224844,24.08009703365347,47058100
2009-10-05,26.36168670654297,27.132496259365862,25.62787685909224,27.113997582841815,30251900
2009-10-06,27.64432716369629,28.674128052821345,26.55286007166472,27.151006949744648,45033800
2009-10-07,28.30414581298828,28.877628675052627,27.009183525093544,27.410005689702157,29050800
2009-10-08,26.978334426879883,29.24143015140202,26.762508692394476,28.711115153477298,37393400
2009-10-09,27.268163681030273,27.594986228874237,26.74401169322124,27.052335561700282,18116700
2009-10-12,27.379154205322266,27.841639902355926,26.762506609277384,27.625811832345878,17315300
2009-10-13,27.459331512451172,28.162309774801862,27.00917880677617,27.490165790746513,21732700
2009-10-14,27.385332107543945,27.99581454044175,26.978344603053735,27.835484775213047,18807500
2009-10-15,27.508663177490234,28.704959255875572,27.18800598741967,27.545660545978148,32531000
2009-10-16,26.639183044433594,27.50248847571383,26.26919298617824,27.18799916090502,23063400
2009-10-19,25.38738250732422,26.941334860621527,25.054394565586584,26.873505595378518,26389800
2009-10-20,24.931066513061523,26.016365421936467,24.40691691290431,25.177726532149784,21812600
2009-10-21,24.06776237487793,25.37505737704662,23.969098823046767,24.542581453166846,17879900
2009-10-22,25.584705352783203,25.86836263315615,23.28460814884487,24.147915574345614,29203500
2009-10-23,23.98760414123535,25.560055808579563,23.833442166940333,25.190065658876485,18431900
2009-10-26,22.353483200073242,24.40692154453377,21.903330579288664,24.22809311437525,24859900
2009-10-27,20.97218894958496,22.347315502596555,20.966023507105646,21.995824120838904,23016800
2009-10-28,21.786170959472656,22.618644665329562,20.429545138688248,20.57753931414836,34258000
2009-10-29,22.353483200073242,22.89613393365008,21.995826339756203,22.76663610527597,16355800
2009-10-30,20.73169708251953,22.279484281151955,20.361709366557548,22.26098324872669,15101600
2009-11-02,21.15718650817871,22.49531108250537,20.503539004360718,21.225015789082544,22635300
2009-11-03,24.184925079345703,24.72140795369189,20.65769925908116,21.11401962102093,38850300
2009-11-04,22.322647094726562,24.456247561106455,22.137653256150575,23.728603090693195,31221400
2009-11-05,24.221921920776367,24.63507712034092,22.74196879000073,22.92079484274643,31020100
2009-11-06,21.878660202026367,22.920793972395817,21.61350150177021,21.85399372936898,40337400
2009-11-09,22.310317993164062,22.581642183203623,22.125324120304146,22.33498447016531,16105200
2009-11-10,23.179790496826172,24.265089571109275,22.86530115926604,24.024597309623648,30509900
2009-11-11,22.661806106567383,23.426450395253987,22.211653505641053,22.618640949788464,28814500
2009-11-12,22.359647750854492,23.087292328652577,22.23632007515282,22.87146654385002,12744900
2009-11-13,22.439821243286133,22.785144983968024,22.32265896542602,22.359656341421037,10403600
2009-11-16,22.045156478881836,22.828299382928037,21.95882617253924,22.828299382928037,11905400
2009-11-17,22.26097869873047,22.464473547543736,21.87865782340366,22.100651348536662,9294500
2009-11-18,22.297983169555664,22.66180544632433,22.19931962088914,22.230151538786572,7087300
2009-11-19,21.989656448364258,22.624802813924788,21.89099291242938,22.199316756266413,7537200
2009-11-20,21.644336700439453,22.07599062813967,21.582672861764276,21.964993836664622,5946900
2009-11-23,21.75533103942871,22.026657544591945,21.61967013917149,21.971159155110772,5875100
2009-11-24,21.582670211791992,21.75533082074253,21.13251765822497,21.730666699695576,6734000
2009-11-25,21.385351181030273,21.730674881269692,21.225021396077047,21.730674881269692,4239700
2009-11-27,20.534372329711914,20.959860839167412,20.34937845062573,20.423375531795244,4209400
2009-11-30,17.512802124023438,20.596043152167788,17.290809654471367,20.02872579619399,40778500
2009-12-01,19.017419815063477,19.714231369040224,17.77795749366618,18.24044338182208,42539800
2009-12-02,19.23323631286621,19.53539345393055,18.665920552294324,19.26406821813657,14483700
2009-12-03,18.431598663330078,19.430568416181558,18.234271595152528,19.294906350850017,11091400
2009-12-04,18.573434829711914,19.239414499039132,18.252777646956677,18.98658896006433,8657500
2009-12-07,18.604259490966797,19.399734341167548,18.450097579764275,18.53026125607829,8841000
2009-12-08,18.493270874023438,18.58576782626256,18.08011672293695,18.314443589849468,6146200
2009-12-09,18.289777755737305,18.567269798435103,18.14178239168601,18.561103177912642,5371100
2009-12-10,17.839618682861328,18.67825995632132,17.728621905354895,18.369936097097757,6973900
2009-12-11,17.494300842285156,17.93828689168432,16.89615164699515,17.90745496820365,12263900
2009-12-14,17.932119369506836,18.487102197372632,16.963982436510268,17.50046540552098,13345600
2009-12-15,17.839618682861328,18.302104471696673,17.451129961588816,17.623791746172397,9423900
2009-12-16,17.85195541381836,18.160279333392683,17.611461956759946,18.04928253415994,5580000
2009-12-17,17.395633697509766,17.864286161909487,17.266138225377354,17.56829550318198,9373800
2009-12-18,17.383302688598633,17.562129948018992,17.17364233192484,17.5066315491252,7192000
2009-12-21,17.30313491821289,17.500462002985323,17.241469910180957,17.451130231792217,5533800
2009-12-22,19.146902084350586,19.67721924645954,17.272294523116038,17.309293039307335,29156900
2009-12-23,18.135610580444336,19.03591692427668,17.987615258751816,18.85092189003933,10240100
2009-12-24,18.573434829711914,18.949589240095456,17.888955300400255,18.308276050747487,5327300
2009-12-28,19.424409866333008,20.226051707811873,18.96809053759676,19.072920733128235,15612300
2009-12-29,19.5230712890625,19.886893623081644,19.196247497574767,19.856061700332546,6462500
2009-12-30,18.869426727294922,19.449076105723016,18.78309521806356,19.27024764303759,4967000
2009-12-31,18.487096786499023,19.171576073689554,18.480930168685532,18.90025077070632,5231900
2010-01-04,18.431598663330078,18.832420593748093,18.135608061063753,18.826253975847283,7750900
2010-01-05,18.086278915405273,18.72142653730052,17.975282129427242,18.487099727755282,8920500
2010-01-06,17.969120025634766,18.12944862609211,17.734794333374072,18.098616700534475,7163500
2010-01-07,17.623796463012695,17.944453644704947,17.432635948457214,17.882788621123744,9235500
2010-01-08,18.092445373535156,18.622762823537627,17.64229279098817,17.65462485230556,12702600
2010-01-11,18.271270751953125,18.66592607798224,17.90744969264585,18.394600761867625,10730700
2010-01-12,17.549795150756836,18.591930222137158,17.432632920084558,18.246607796698854,9036300
2010-01-13,17.919780731201172,18.036944116324904,17.481961455670397,17.876615583040344,6138000
2010-01-14,17.636125564575195,17.814952797219423,17.494296866932842,17.710122634578937,6143300
2010-01-15,17.30313491821289,17.666957171822887,17.290802857536264,17.611458782210367,5545200
2010-01-19,17.420305252075195,18.234280388941883,16.828323762049482,17.29697518690517,18187900
2010-01-20,17.241474151611328,17.944453534249927,17.130478521243383,17.30313917481296,6911400
2010-01-21,16.988645553588867,17.74712320281108,16.908481861186406,17.272304138734622,8018300
2010-01-22,16.341167449951172,17.11197723532623,16.248670510938645,17.074978694953696,5902700
2010-01-25,16.088342666625977,16.64949212182409,15.724520337278305,16.48916353802999,6672200
2010-01-26,15.046205520629883,15.995843661582374,14.848878420214376,15.847848336270744,8585600
2010-01-27,15.360695838928223,15.533357637747926,14.207565169006251,15.095537109947433,16431200
2010-01-28,14.898212432861328,16.045177846490564,14.830380790845092,15.940347661630232,7113600
2010-01-29,14.94137191772461,15.255862352797267,14.84887500768254,15.126366913970774,5708200
2010-02-01,14.774876594543457,15.107866878045906,14.454220722035405,15.03386864521358,4632200
2010-02-02,14.781045913696289,15.046204630249342,14.596052062044599,14.793379150782995,5869300
2010-02-03,14.670050621032715,15.077038044269429,14.62071767163457,14.7317144554559,4817500
2010-02-04,13.930072784423828,14.639217462599103,13.91157292848174,14.509721999491223,5951800
2010-02-05,13.819077491760254,13.948574144999188,13.282594549353961,13.874575889410888,7498300
2010-02-08,13.664911270141602,14.05956537360325,13.442917748863422,13.819073176326558,4293600
2010-02-09,14.269233703613281,14.676221271265744,13.658752352134586,13.800581103494121,9705500
2010-02-10,16.600154876708984,17.04414076374224,14.152064116109491,14.312391470972178,31633400
2010-02-11,16.21783447265625,17.666956841589624,16.045173864788868,16.34116448641482,31152700
2010-02-12,16.53849983215332,16.723494945237324,15.650526347373281,15.921851807532164,13396300
2010-02-16,16.914649963378906,17.19830739723834,16.68032313212231,16.914649963378906,6887900
2010-02-17,16.58782958984375,17.167478991123623,16.439834223250244,16.976318456294003,5361600
2010-02-18,16.470661163330078,16.970146697534535,16.18700375728413,16.28566730514031,6481400
2010-02-19,16.35966682434082,16.544660696894223,16.24250341110374,16.365833443580915,4671500
2010-02-22,17.531299591064453,18.06778259335275,16.3843341464774,16.58166128185528,24154700
2010-02-23,16.50149917602539,17.740961688619336,16.39050235755987,17.40180461262329,13607000
2010-02-24,17.259967803955078,17.549791779757683,16.56315646802027,16.748150294930518,12118400
2010-02-25,16.963977813720703,17.60529078915692,16.64948735585946,16.920812664317378,12376000
2010-02-26,15.27436637878418,15.995844356105648,15.237366663728062,15.829349166840153,27126500
2010-03-01,15.897177696228027,17.25380189356339,15.897177696228027,17.241468657620548,29658700
2010-03-02,15.434690475463867,15.995839720058939,15.107866810831636,15.989673102670178,18185800
2010-03-03,15.342198371887207,15.69368864310151,15.132539179744635,15.484028274796472,10424000
2010-03-04,16.470661163330078,16.82831799451156,15.41002743579502,15.4716924472457,25802100
2010-03-05,17.31546974182129,17.64846011001127,16.48916161649316,16.612491643858853,19516700
2010-03-08,17.94445037841797,18.653595080115522,17.666958410893486,18.147944095881826,27312500
2010-03-09,20.207548141479492,21.45934238886308,17.31546970841128,17.506630191913178,57916300
2010-03-10,22.34731674194336,23.02562836386154,20.47270691278726,20.904360832337293,70650900
2010-03-11,21.650503158569336,23.710106764269817,21.595004766259386,23.19212255348513,46473300
2010-03-12,21.107851028442383,22.47680971019001,20.86119335353,22.260981598276775,21011100
2010-03-15,21.163352966308594,22.427480525176797,20.53437190845898,21.280515205117194,43645300
2010-03-16,20.72553253173828,22.186987130695783,20.559037346693813,21.45317710978835,35336600
2010-03-17,21.218849182128906,21.38534435846713,20.855026912128604,21.262014336847205,18017700
2010-03-18,21.36067771911621,21.816998089897105,21.02768736900511,21.484007739786005,14330100
2010-03-19,21.45933723449707,21.59500046698478,20.873521510592212,21.45933723449707,11326800
2010-03-22,20.589872360229492,21.07702475054116,20.411043910268248,20.855031137116857,14772300
2010-03-23,20.522035598754883,20.842692699025978,19.886889192783435,20.750196951384414,13088000
2010-03-24,20.454208374023438,21.169522149398595,20.312379648592987,20.35554481057943,13741900
2010-03-25,21.2805118560791,21.99582311967022,20.559035150289294,20.787194148830807,29454700
2010-03-26,21.095516204833984,21.952656088896333,20.87969046148166,21.477839453521216,13033500
2010-03-29,21.243515014648438,21.58267079960593,20.879692755647817,21.366845032539644,10840700
2010-03-30,21.083189010620117,21.675172730623295,21.01535972350425,21.496344290702286,8607400
2010-03-31,21.052350997924805,21.410007774289735,20.719360692824527,20.935188787903968,8121500
2010-04-01,21.03386116027832,21.268188031121813,20.848867252696685,21.12019149366141,6250200
2010-04-05,21.619674682617188,21.860166970134376,20.904363263603937,21.23118587460679,16281300
2010-04-06,22.14382553100586,22.433650790678197,21.706006095735955,21.88483454754761,19971000
2010-04-07,24.474750518798828,24.604248345537215,22.149988013077017,22.519978107247884,34528800
2010-04-08,23.179790496826172,25.159229336172846,23.136625339755653,24.61657862286898,33895100
2010-04-09,23.518949508666992,24.23426094752222,23.27845721447881,23.531282748410614,22286200
2010-04-12,25.41822624206543,25.899210833369736,23.84577227389372,24.129432085073795,45905900
2010-04-13,24.75840950012207,25.738879572026157,24.604247553925358,25.473720836381837,22117600
2010-04-14,24.505586624145508,25.264063198298853,24.35759010494065,24.906406315743283,15230000
2010-04-15,24.65357780456543,25.39972104903909,24.357587154335995,24.653577804565433,16973000
2010-04-16,24.14176368713379,25.86837715509465,24.061598809913075,24.70291312302919,30408100
2010-04-19,24.10476303100586,24.58574757094018,23.636111729573024,23.888937238041667,14823200
2010-04-20,25.67104721069336,25.973203299360883,24.27125649667921,24.43158388115031,27569900
2010-04-21,25.220897674560547,26.454193358356665,24.97423759687139,25.757380638360903,24102000
2010-04-22,26.670015335083008,26.824177273436092,24.78924015764032,25.122230509040858,29674800
2010-04-23,27.366838455200195,27.74915955035396,26.73168942591082,26.966016320764922,19754400
2010-04-26,27.446990966796875,28.30413333552705,27.255831665262246,27.638152620656044,17042500
2010-04-27,23.044126510620117,26.330860254459335,22.834466174687368,26.010203131719564,33538900
2010-04-28,24.363752365112305,24.955736012259628,23.568278529336215,23.77793886529318,24288400
2010-04-29,24.8077392578125,25.208561245251374,24.60424671894743,24.974234436333667,10597400
2010-04-30,23.98760414123535,25.116068569865885,23.568283382966893,24.943407911399476,11897600
2010-05-03,24.38225555419922,24.764576546878015,24.104763562607847,24.37608775865009,7782300
2010-05-04,23.58677101135254,24.172586709550266,23.340111027166987,23.8642629054803,7419400
2010-05-05,23.24762725830078,23.55595122100417,22.254823722023833,22.815973240051,9423600
2010-05-06,22.661806106567383,23.81493680626427,20.577535933897504,23.296952572592605,13260300
2010-05-07,23.864274978637695,24.665916804312836,21.58267720377373,23.47578613031873,26375800
2010-05-10,25.270225524902344,25.800542987515758,24.8879045632396,25.44905394412307,10195800
2010-05-11,26.448022842407227,27.126336810124137,24.6844098195977,25.04206666022882,18430500
2010-05-12,25.529218673706055,27.354495512264528,25.467552485179006,27.02150515119216,16040500
2010-05-13,25.066730499267578,26.293858132054318,24.980397843409413,25.621712030123994,9449400
2010-05-14,24.493249893188477,24.77690729954208,24.15409174176076,24.647411833901245,7303700
2010-05-17,24.049266815185547,24.64124820300136,23.056463372853337,24.431587834109312,7616500
2010-05-18,23.296951293945312,24.653576817420166,23.124290676306064,24.32675426193888,8138100
2010-05-19,23.01946258544922,24.012263527918666,22.445979966125023,22.957796396512723,9364300
2010-05-20,21.465513229370117,22.79130474019423,21.336015388735248,22.38431723955951,10850000
2010-05-21,22.174650192260742,22.55697345070693,20.73786230914601,21.120183215267957,10097900
2010-05-24,21.292844772338867,22.600139617277243,21.274346093696835,22.353479591203197,7661300
2010-05-25,21.26818084716797,21.317511441441805,19.8005586184126,20.36787339034572,9238900
2010-05-26,20.99686050415039,21.971165314320523,20.904364730635223,21.65667356832381,8827300
2010-05-27,22.482973098754883,22.482973098754883,21.32984263424616,21.588833522096873,8021400
2010-05-28,21.816991806030273,22.815960216309932,21.57649962877071,22.809794775598274,6277400
2010-06-01,21.12018585205078,22.137655600451655,21.077020696889488,21.422344290504373,6572300
2010-06-02,21.619674682617188,22.001995694764386,20.996859030627913,21.157188790522632,5437900
2010-06-03,21.70600128173828,21.98965868232773,21.305179303100314,21.699833486933368,4324400
2010-06-04,21.428510665893555,21.767666479349245,21.15101869040267,21.24351679967451,3907900
2010-06-07,21.015361785888672,21.860168759273403,20.842698772460892,21.434680198234496,3743700
2010-06-08,21.15718650817871,21.360679055539492,20.663866394635132,21.00919000365071,4704900
2010-06-09,21.1016902923584,22.038995311639546,20.966027011890443,21.27435093853589,5794200
2010-06-10,21.76767349243164,21.823171905410227,21.151025504814168,21.422352124854108,3564100
2010-06-11,21.63200569152832,21.68750173462554,21.218850447315617,21.434676233775846,2531800
2010-06-14,22.8714656829834,23.771770854736644,21.718335021838502,21.718335021838502,11267500
2010-06-15,23.358617782592773,23.574443557433284,22.82213253829004,22.982462273021152,5867800
2010-06-16,23.352455139160156,23.74094397189675,22.95163541856212,23.081130912032638,4923500
2010-06-17,23.290786743164062,23.728606098839904,23.01329477395945,23.45728192468683,3337800
2010-06-18,23.377113342285156,23.555941733182973,23.06262406202021,23.2907830438722,3374700
2010-06-21,23.90126609802246,24.487081939395335,23.617608693509116,23.66077384844269,7380100
2010-06-22,23.5991153717041,24.13559838506249,23.512785042235517,23.784109270897506,3919300
2010-06-23,23.315454483032227,23.870436099211478,23.031794703394254,23.444949958241583,3274400
2010-06-24,22.67413902282715,23.2476216431238,22.6309738666607,23.2476216431238,3065400
2010-06-25,22.78513526916504,23.00096104486703,21.93416069922307,22.766634236730205,4553200
2010-06-28,22.433645248413086,23.01946106687891,22.39048009516739,22.95779488201047,2388700
2010-06-29,21.28668212890625,22.205486024567207,21.089355023033104,21.964993761304605,3917700
2010-06-30,21.23735237121582,22.205489365153596,21.2126882435147,21.292850775112093,4299400
2010-07-01,20.892026901245117,21.490173632695022,20.349376210319072,21.218849463394267,4593700
2010-07-02,20.411039352416992,21.169518146354253,20.041051647545927,21.021521653011153,4045100
2010-07-06,20.787200927734375,21.26202011090527,20.380213392491488,20.787200927734375,3504700
2010-07-07,21.79233741760254,21.84166802761025,20.57754027189546,20.867365544788044,4046900
2010-07-08,21.89716339111328,22.07599182623106,21.459343996714413,21.995826949742955,3327300
2010-07-09,22.137657165527344,22.285651321593296,21.699835435714217,21.884831659283705,3913500
2010-07-12,21.934162139892578,22.29181899434679,21.706003111689707,22.026660251168583,2847700
2010-07-13,23.42644691467285,23.660771344565237,22.217815647461435,22.544640524646958,7628900
2010-07-14,23.14278793334961,23.364781486566525,22.729635094448174,23.192120879541967,3776600
2010-07-15,23.050294876098633,23.21679006042978,22.507644166314673,23.130457394524107,3512200
2010-07-16,21.977333068847656,22.815974676574893,21.743006183788506,22.62481296082594,4229700
2010-07-19,21.823169708251953,22.180826634177347,21.379182449123917,22.026664652794018,3091900
2010-07-20,22.39048194885254,22.445980343666577,21.280514052571796,21.410011875354297,3812400
2010-07-21,21.77383041381836,22.674135461489186,21.625833935689627,22.61246928213379,3434900
2010-07-22,22.501480102539062,22.72963913846146,22.026660996418286,22.168489713468684,3988500
2010-07-23,22.67413902282715,22.970129673250486,22.137656115955135,22.482977365286736,3187000
2010-07-26,23.864274978637695,24.34525960357775,22.606312657059707,22.612478101237727,8026100
2010-07-27,24.14176368713379,24.733745044321832,23.39561801883292,23.950602011399713,6419500
2010-07-28,24.06776237487793,24.665911481036957,23.740939800498072,23.98759985623829,4214600
2010-07-29,24.030763626098633,24.71524300656149,23.481947503694936,24.289754552584853,4337800
2010-07-30,23.72244644165039,24.23426299649674,23.438786608214002,23.6361161084709,2402700
2010-08-02,24.690576553344727,25.085230738232138,24.11092616100741,24.11092616100741,7836600
2010-08-03,24.4130859375,24.77074043010772,24.147927201381094,24.696743354451748,3624900
2010-08-04,24.678247451782227,24.931072978366302,24.30209188367119,24.585749332555782,4553300
2010-08-05,24.604248046875,24.918737388394305,24.363753430037104,24.530248617544267,4082400
2010-08-06,25.239395141601562,26.016370349952826,24.604248647777723,24.986569632691854,13356800
2010-08-09,25.67721939086914,25.954711429423956,25.134568554620298,25.233232129181435,5296600
2010-08-10,24.783077239990234,25.301061548886288,24.70908015366936,25.301061548886288,4802900
2010-08-11,23.33396339416504,24.20960253688014,23.185966820240623,24.12327218222662,4855800
2010-08-12,22.877628326416016,23.216786437306148,22.72963419832237,22.865297442678422,3206200
2010-08-13,22.612470626831055,23.12428936045822,22.526140322923908,22.93929551603943,3203900
2010-08-16,22.174650192260742,22.50764050678191,21.897158263493107,22.390478293446346,3437500
2010-08-17,22.458309173583984,22.803632748853275,22.260982088379933,22.563140510781114,2886500
2010-08-18,22.711135864257812,22.72963454246854,22.168485230941652,22.427476135189007,2432300
2010-08-19,21.921825408935547,22.741967984453538,21.792329955640383,22.71730151173323,3466200
2010-08-20,21.687496185302734,22.291812937410164,21.428505307820163,21.724495890224837,3419100
2010-08-23,21.60733413696289,22.11915046127423,21.588833107954077,21.749162813635287,2246400
2010-08-24,21.132524490356445,21.45318169087883,21.003028991777732,21.36068356199396,2595000
2010-08-25,21.21268653869629,21.286683620502664,20.565204427834846,21.286683620502664,3774400
2010-08-26,20.959857940673828,21.44084243024856,20.76869629240272,20.85502660054952,2868900
2010-08-27,21.70600128173828,21.76149967336009,21.040020582276643,21.10785221118379,3103700
2010-08-30,20.96602439880371,21.693668963183452,20.96602439880371,21.67517028263426,2673000
2010-08-31,20.92286491394043,21.255855368033036,20.688538036728016,20.867366504924995,2763800
2010-09-01,21.989656448364258,21.989656448364258,21.20651360273928,21.391507438576653,3553700
2010-09-02,22.149980545043945,22.19931348189697,21.712161315930935,21.927989386177053,2305900
2010-09-03,22.6309814453125,22.754311512370748,22.310324211891203,22.519984620192613,2352200
2010-09-07,21.934162139892578,22.489146102899223,21.90333022024214,22.489146102899223,2844200
2010-09-08,22.37198257446289,22.64947456910765,21.890998018628512,21.921829939739084,2432800
2010-09-09,22.378158569335938,22.852977855849762,22.19933006811794,22.75431426075115,1742300
2010-09-10,22.415143966674805,22.495308829947053,22.205483645110423,22.353480134818856,1270200
2010-09-13,22.76663589477539,22.976296243151232,22.60014305700827,22.791302371601887,2852100
2010-09-14,22.27948570251465,22.766635677400878,22.20548627274169,22.717305076543585,3090200
2010-09-15,22.297983169555664,22.686471921572096,21.99582472858187,22.273316694307894,2899700
2010-09-16,22.0205020904541,22.273327705925762,21.810841651844015,22.273327705925762,2174000
2010-09-17,21.977333068847656,22.193161267723955,21.82933887473421,22.11299637372274,2139800
2010-09-20,22.56930923461914,22.6556419052325,21.95266141561507,21.983495688425073,3114200
2010-09-21,22.57547950744629,22.896136690794904,22.4459840158031,22.606311431314904,4318200
2010-09-22,21.995826721191406,22.73580457938747,21.897163163586914,22.50764554348798,2931100
2010-09-23,21.625831604003906,22.11298378292807,21.582666459271284,21.89715570694098,2438800
2010-09-24,22.489139556884766,22.5076382328256,21.835492229861956,21.915657079478905,3322900
2010-09-27,22.896133422851562,23.808771882587603,22.40281565438947,22.754304711439005,9960200
2010-09-28,23.013294219970703,23.07495805505418,22.43364617228269,22.98246230242897,4126000
2010-09-29,23.093456268310547,23.790268810848264,22.846796253438573,22.963960819048665,7155600
2010-09-30,24.11093521118164,24.7522496785069,23.358626270978334,24.63508740849234,18751300
2010-10-01,23.962932586669922,24.339088100671333,23.617608990533885,24.043097454979538,6588600
2010-10-04,24.221921920776367,24.33291869962509,23.685439057890473,23.932099089181943,5732700
2010-10-05,24.62891387939453,24.665913596626407,24.271259355452358,24.339090994215052,5312600
2010-10-06,25.122236251831055,25.202398784425682,24.45008995287009,24.54875352187697,5560700
2010-10-07,24.95574378967285,25.529226582858723,24.78924855755515,25.042074128031963,3968800
2010-10-08,25.22705841064453,25.40588681598395,24.857070715474496,25.12839486844423,4456600
2010-10-11,25.30722999572754,25.498389336332668,25.214731871204076,25.3812270839513,3477000
2010-10-12,25.7635440826416,25.899207350076367,25.16539732199441,25.19622924123195,5206100
2010-10-13,26.33702850341797,26.42335882406114,25.714215224260233,25.880710422211266,6217800
2010-10-14,25.862211227416992,26.86734792996484,25.529223160150664,26.343198173157212,6276000
2010-10-15,25.5723934173584,26.121209763231487,25.171571274788498,26.084210036242965,3699700
2010-10-18,26.05953598022461,26.189033810897296,25.658716306434638,25.671049545180836,3395800
2010-10-19,25.288728713989258,25.899211154804068,25.15923322277324,25.77588110741143,3573500
2010-10-20,25.658706665039062,25.97936369497731,25.393548012442505,25.486046092119956,3271600
2010-10-21,25.455211639404297,26.08419246044263,25.31338297666877,25.769703226085394,3489100
2010-10-22,25.627878189086914,26.139694535514224,25.467548476477738,25.84986937586823,2799600
2010-10-25,25.34422492980957,25.880710236805648,25.344224929809574,25.868376997898576,3576300
2010-10-26,25.917707443237305,25.930040682069208,25.183897375174926,25.183897375174926,3244600
2010-10-27,25.788209915161133,26.078035123872795,25.442886312277544,25.812876390865227,2388600
2010-10-28,25.886877059936523,26.071870948753688,25.590886367364075,25.89921029950099,2576100
2010-10-29,25.90537452697754,26.022539121177157,25.59088516598474,25.868377162345922,1763900
2010-11-01,25.849876403808594,26.04720587735908,25.48605643531273,25.8622096429258,2741800
2010-11-02,25.97319984436035,26.19519338742463,25.85603763099831,25.960866608376307,2341900
2010-11-03,26.867345809936523,27.19416840764026,25.96087274557358,26.01020570117215,9544200
2010-11-04,27.588821411132812,27.588821411132812,26.762513330808552,27.169500752322023,5411000
2010-11-05,28.125301361083984,28.334961668612653,26.53434920060336,26.63301273636248,10686700
2010-11-08,27.52099609375,28.014313937156363,27.40999928494294,28.001980697030575,4039000
2010-11-09,26.429523468017578,27.625819280018654,26.275361527445686,27.465491896846675,4163800
2010-11-10,26.509689331054688,26.67001672024605,25.862207274483815,26.404857984321218,4410900
2010-11-11,26.21369743347168,26.454192055924395,25.94237324323171,26.207531990379174,1793000
2010-11-12,25.782045364379883,26.145867660466422,25.47988690736238,26.016369834701962,2651500
2010-11-15,26.158199310302734,26.392526139792395,25.88070967406403,25.89304291270293,2424100
2010-11-16,25.72038459777832,26.127372137517536,25.479892281431308,25.93621278469051,3530300
2010-11-17,25.7635440826416,26.084201217826266,25.60938213412924,25.677213767846624,2562800
2010-11-18,26.244531631469727,26.423357708541843,25.960871851199865,26.059535406673163,2278600
2010-11-19,26.3493709564209,26.404869375144933,25.930050093245004,26.084212106108918,2160800
2010-11-22,25.985530853271484,26.300022463100664,25.745038653004485,26.293854669475127,2337400
2010-11-23,25.190061569213867,25.738880084555277,25.171562888045784,25.658715212285795,2727600
2010-11-24,25.7512149810791,25.751214981079098,25.37506174223753,25.449058830759228,1735200
2010-11-26,25.436721801757812,25.67721406787521,25.338058247650043,25.436721801757812,932500
2010-11-29,25.60938262939453,25.683382059785306,25.03589998165188,25.325725203203998,2470400
2010-11-30,25.46138572692871,25.640214135930453,25.239392164350612,25.27639187555511,1750500
2010-12-01,26.07186508178711,26.269192165764117,25.683378708389846,25.751207982243375,3174200
2010-12-02,26.441856384277344,26.571351848226495,25.991703805555645,26.047202197580212,3052100
2010-12-03,26.98451042175293,27.114008265413965,26.13353803383756,26.263033525173594,3417800
2010-12-06,26.885841369628906,27.04000330948303,26.54052012984337,26.824177534617068,1837800
2010-12-07,27.101669311523438,27.44082510641877,26.947507372723333,27.114002548906388,3129600
2010-12-08,26.034868240356445,27.385325939182167,25.979369849866377,26.95983984697461,4499900
2010-12-09,29.46343421936035,29.96908528017238,25.899210314532894,26.170534528133885,22972500
2010-12-10,30.184906005859375,30.746055330299782,29.044106326017786,29.296931794121168,16937800
2010-12-13,29.919748306274414,30.610393109018364,29.327767046779606,30.363735427057737,6286100
2010-12-14,31.92386245727539,33.021494980009315,29.85192511146185,29.956756478958113,22165900
2010-12-15,31.566204071044922,32.20751842959778,30.99888915162699,31.726533836845626,7660700
2010-12-16,32.127342224121094,32.66382738331452,31.56002750464078,31.73268809712189,5890700
2010-12-17,32.41099548339844,32.51582443587012,31.973173943121807,32.05333878180959,4466000
2010-12-20,32.941322326660156,33.51480493367561,32.36167427704567,32.411007227136025,6788700
2010-12-21,34.02663040161133,34.10679528512179,33.03382693274903,33.34831867065354,5541900
2010-12-22,34.384281158447266,35.00092897396861,34.131455648176505,34.37811571531494,6231800
2010-12-23,33.502471923828125,34.686434423018106,33.1139831996395,34.482939545287365,4446400
2010-12-27,36.61654281616211,37.59084500502596,33.40997415406606,33.53946961263177,17299700
2010-12-28,36.33906936645508,38.03485148490476,35.592925798895365,37.899188162684595,14023600
2010-12-29,35.315406799316406,36.474704895578924,35.210575488664404,36.32670844298898,6212100
2010-12-30,35.47575378417969,36.277397955245426,34.90227103525425,35.11809921682007,6772300
2010-12-31,35.53124237060547,35.98756273644478,35.26608365235043,35.45724529993471,3125600
2011-01-03,35.796409606933594,36.055402944397684,35.14892979176089,35.97523805990582,5408500
2011-01-04,35.01327133178711,35.7594171706689,34.58161963035799,35.7594171706689,5437200
2011-01-05,37.584686279296875,37.597019518363005,34.68027552048161,34.815936445559345,15085700
2011-01-06,37.2763671875,38.51582847011532,37.02970707888072,37.6525227945981,11474200
2011-01-07,37.72651672363281,38.76865077292047,37.455192508756866,38.1520029053911,12774600
2011-01-10,35.38942337036133,37.60935726978985,34.99476908219407,37.56618975171676,13069400
2011-01-11,36.40687942504883,37.39351476760129,35.67306718372149,35.74706659865608,12837700
2011-01-12,36.012237548828125,37.393527498678374,35.888907500938814,37.103702238987246,9796100
2011-01-13,35.26609802246094,36.90638159670737,35.06260540711677,35.747085058622964,12218900
2011-01-14,33.298988342285156,35.09343373108196,32.71317233616881,35.0872682867824,17189300
2011-01-18,32.78715896606445,33.187980935052664,32.065682244674996,32.60833291054341,8064900
2011-01-19,31.46135902404785,33.576460358534575,31.44902579047862,32.63298798524004,10518700
2011-01-20,32.100704193115234,34.19713715718302,32.04866529822687,33.56523467016312,12626200
2011-01-21,31.96690559387207,32.93334635859812,31.0896740041908,32.903609021613676,11320000
2011-01-24,31.186311721801758,32.03380577857538,30.75512894293356,31.974331118355806,9819800
2011-01-25,30.747695922851562,31.558019732161327,30.554406113709117,31.476243492593976,6075600
2011-01-26,30.93353843688965,31.446494426498397,30.346239150007072,30.896368206206144,7661900
2011-01-27,31.201173782348633,31.424198039147576,30.665913297305334,31.31268449279446,7518400
2011-01-28,29.929931640625,31.409330962144196,29.885328488558923,31.372160723453323,6912900
2011-01-31,29.996835708618164,30.46518860207929,29.944796813334385,30.048874603901947,4947700
2011-02-01,30.524662017822266,30.911238678598366,29.82584916199713,30.27933337629038,7202600
2011-02-02,30.606447219848633,31.32012901171495,30.39085865158972,30.57671272361477,7539500
2011-02-03,30.167823791503906,30.576702039912625,29.974534036026057,30.546964718161096,5175300
2011-02-04,29.736644744873047,30.257036595089815,29.379805348243465,30.22729926972716,6423900
2011-02-07,31.357297897338867,31.736438940007304,29.877898300458572,30.093489695264136,11363300
2011-02-08,31.498546600341797,32.1155834663534,31.28295803709578,31.617493090235744,9746600
2011-02-09,30.561824798583984,31.33497793161289,30.152946664970756,31.171425543805082,6416100
2011-02-10,30.688213348388672,30.881503107681958,30.18269021226228,30.39084863272483,3817100
2011-02-11,30.948415756225586,31.05249356562483,30.390853632237388,30.494931441636634,3765100
2011-02-14,30.70307159423828,31.111949712015416,30.4800474241695,31.05991083352957,3469000
2011-02-15,30.517230987548828,31.074793074419663,30.517230987548828,30.851768806852814,2760600
2011-02-16,30.688213348388672,31.03761979609851,30.561833982310645,30.881503107681958,2618600
2011-02-17,31.268089294433594,31.520850939324795,30.591580603093615,30.64361951504992,5648300
2011-02-18,30.859207153320312,31.73643855131608,30.851774238652652,31.483676913996828,4170500
2011-02-22,29.788677215576172,30.56183049265367,29.744071237161645,30.37597650312005,5280800
2011-02-23,29.736644744873047,30.301639747226364,29.08243776643176,29.967104762572493,4595700
2011-02-24,30.056306838989258,30.10834572819013,29.38723135511121,29.677163119489443,4904300
2011-02-25,28.6512451171875,30.39827108261589,28.17545946715966,29.937354088639687,13344800
2011-02-28,27.551002502441406,28.77020448878483,27.551002502441406,28.60665203445329,10861200
2011-03-01,27.28337860107422,27.79633482383629,26.8819331210475,27.759164576257838,7946600
2011-03-02,27.72942543029785,27.989622818146028,27.283376816712288,27.380021722822065,4150600
2011-03-03,27.885534286499023,28.5769114274451,27.69224736477223,28.086256956700186,6135400
2011-03-04,27.79633140563965,27.989621206731147,27.469229296902647,27.989621206731147,3534200
2011-03-07,27.580738067626953,28.034222373480354,27.432057106153593,27.870672748678146,3014200
2011-03-08,27.736858367919922,28.026790220937695,27.573305902768304,27.803765936763075,2780500
2011-03-09,27.588171005249023,28.23494219663849,27.536132106856034,28.063956839646206,2729600
2011-03-10,27.119831085205078,27.655091823462566,27.052923492922893,27.44693329419097,2853300
2011-03-11,27.76658821105957,28.279547098284908,26.64403122829412,26.837318152645167,7557600
2011-03-14,27.878101348876953,28.019349374784703,27.134685312906903,27.156986886495726,4349600
2011-03-15,27.342849731445312,27.484100638906003,26.614302121070285,26.71837994599414,5629300
2011-03-16,26.458181381225586,27.766592581622618,26.3987067268901,27.50639805867388,5800000
2011-03-17,26.539955139160156,26.87449294884556,26.250023316068592,26.762979400314645,2708200
2011-03-18,25.98240089416504,27.238773451281062,25.98240089416504,26.94140862547853,7159300
2011-03-21,27.528690338134766,27.640203859395715,26.376396240700416,26.376396240700416,6652600
2011-03-22,27.469228744506836,27.79633084666594,27.149559556436657,27.521267650852426,4457700
2011-03-23,27.17186164855957,27.44692484957583,26.86706111880973,27.44692484957583,2719200
2011-03-24,27.00086784362793,27.357707169449068,26.859619830044625,27.27593095888252,2794000
2011-03-25,27.156993865966797,27.43949282629293,26.837324661470664,27.149560951495936,3076300
2011-03-28,27.030609130859375,27.796326786004563,26.986003145119028,27.07521228069243,2736700
2011-03-29,26.896793365478516,27.194160924812174,26.762978247369094,27.142119191407645,2518700
2011-03-30,26.800161361694336,27.104961980320105,26.770424024289728,27.03805438911403,1882300
2011-03-31,26.123640060424805,26.644031872908442,26.019562265109524,26.636598960060446,6693400
2011-04-01,26.019567489624023,26.279762030157144,25.94522700258822,26.168251299603437,2791300
2011-04-04,25.23154067993164,26.16824652682232,25.20180619208522,26.13107629008383,6212000
2011-04-05,26.004697799682617,26.443313462078187,25.2984518570582,25.42483408312524,6973000
2011-04-06,25.91548728942871,26.391273168868747,25.595818119947275,26.220287795689202,4248000
2011-04-07,25.77423667907715,26.19798649558192,25.49174058261739,25.922920476949823,4039200
2011-04-08,25.640422821044922,25.930354649513884,25.521476357162594,25.818841098914717,2138800
2011-04-11,25.4397029876709,25.878318654213768,25.4397029876709,25.58095104316827,2292300
2011-04-12,25.335622787475586,25.61068595843643,25.164634583894777,25.372793026377195,2213600
2011-04-13,25.172073364257812,25.53634571962704,25.090297127282902,25.44713656833977,2127100
2011-04-14,24.934181213378906,25.134903937225282,24.778064484578795,25.0531276975944,2829300
2011-04-15,24.87470054626465,25.075423221638015,24.599637399674716,25.075423221638015,3662800
2011-04-18,24.242794036865234,24.807788898332493,24.101543194568375,24.555027367592917,5031300
2011-04-19,23.87852668762207,24.510432136346758,23.66293673474367,24.32457809305849,6941900
2011-04-20,24.049509048461914,24.339443701761645,23.878523690407583,24.138721019895964,3889400
2011-04-21,23.908262252807617,24.198194085220237,23.79674870069164,24.131286521132136,3918700
2011-04-25,23.395305633544922,23.95286916169908,23.254057586554204,23.938000498451498,5090000
2011-04-26,23.692676544189453,23.990042761010205,23.454782152778886,23.469650818108416,5600000
2011-04-27,23.56629753112793,23.7967547716301,23.25406262504518,23.7967547716301,5428400
2011-04-28,23.6406307220459,23.975168524452272,23.462211033413716,23.55885591764384,4114200
2011-04-29,23.15741729736328,23.737282517719013,23.127681382910044,23.700110852209896,4486900
2011-05-02,22.934389114379883,23.358136104153942,22.860047213833564,23.3358331086039,3212700
2011-05-03,23.142539978027344,23.41760452813033,22.934384400823106,23.120238405014618,4075200
2011-05-04,23.521684646606445,23.640631107634636,22.941821003582433,23.276357393491594,4834400
2011-05-05,22.88979148864746,23.603470547415856,22.72623897421402,23.335840191400585,6721900
2011-05-06,22.822877883911133,23.328399708314443,22.63702383410063,22.88978545527922,6559600
2011-05-09,22.07946014404297,22.956690006857304,21.8936061072007,22.956690006857304,6344500
2011-05-10,22.019983291625977,22.287612096505402,21.670576852271047,21.997680300405385,6352100
2011-05-11,22.78569984436035,23.63319503845009,22.012547950927182,22.012547950927182,12665300
2011-05-12,23.172277450561523,23.343262795224895,22.577545200448274,23.30609256132539,6335200
2011-05-13,22.614723205566406,23.417612728097296,22.599854539715793,23.343270816798245,5337700
2011-05-16,23.045902252197266,23.239190634789512,22.614720911938825,22.718798726429316,4042900
2011-05-17,22.8972225189209,23.343272602890345,22.711368435429804,23.008736103378855,3960800
2011-05-18,22.919513702392578,23.053328800385454,22.488332507722966,22.986421251389018,3845600
2011-05-19,22.926952362060547,23.05333315426073,22.674190777660172,23.045898823195586,2760200
2011-05-20,22.8972225189209,23.224326102892377,22.689066852901515,23.016169018918866,4842800
2011-05-23,22.28762435913086,22.73367450328423,22.005126738007842,22.644463907271827,6975400
2011-05-24,21.901031494140625,22.265306528960274,21.901031494140625,22.250437870813904,8638000
2011-05-25,21.02381134033203,21.37321645540038,20.4439461747308,21.016377007932203,225834700
2011-05-26,21.373220443725586,21.521904283559262,20.956907677327145,21.179932019123477,56600900
2011-05-27,21.469858169555664,21.52189849206144,21.343477365092102,21.43268792857677,23579000
2011-05-31,21.18735694885254,21.521894731015845,20.904859480100736,21.51446040052849,25816800
2011-06-01,20.852825164794922,21.17249437793315,20.75618167656786,21.090719554957623,23708600
2011-06-02,20.82308578491211,21.157622189642943,20.704139318613983,20.88999334944902,12759300
2011-06-03,20.55545425415039,20.74130827347897,20.50341535561097,20.66696638215681,13668200
2011-06-06,20.243223190307617,20.577761054175827,20.154014038578694,20.518287813705243,17647400
2011-06-07,20.38447380065918,20.47368437529828,20.28039597854188,20.36217080251091,9722500
2011-06-08,20.31012535095215,20.629794465030592,20.146574337728687,20.265520786973664,47106700
2011-06-09,20.889997482299805,21.135324794819155,20.466250435034933,20.585196924865283,14816300
2011-06-10,21.529327392578125,21.544196053379512,20.600057361794466,20.897424906008066,30886000
2011-06-13,21.544198989868164,21.700317113654663,21.150189350602382,21.41781819173766,15553000
2011-06-14,21.194787979125977,21.670573712604405,21.031236987731102,21.64083781323867,10218200
2011-06-15,20.733884811401367,21.26914557514551,20.577768033945578,20.942041932630133,9563600
2011-06-16,20.845386505126953,21.06841075061859,20.696702729496813,20.785911860512037,8840200
2011-06-17,20.80078125,21.075845819161003,20.61492723293148,21.038674164975127,10252300
2011-06-20,20.830516815185547,20.86025271807082,20.533150696565304,20.741306270622722,8416800
2011-06-21,21.395509719848633,21.447548605021176,20.882552361234644,20.927156917389212,9743900
2011-06-22,21.410381317138672,21.893602875974025,21.2319616382571,21.336040847736523,12288800
2011-06-23,21.313743591308594,21.469860320605733,20.897430895228943,21.135323864417316,8421800
2011-06-24,21.15018081665039,21.46241552028511,20.986628427442152,21.291428802662573,21274300
2011-06-27,21.41781997680664,21.52189920732337,21.023810304702106,21.11301945319776,7000500
2011-06-28,21.395509719848633,21.559060704384233,21.21709007727709,21.469850174121824,5201700
2011-06-29,21.663143157958984,21.915904727400054,21.469854815565604,21.59623560028614,11482800
2011-06-30,21.796958923339844,21.85643215216116,21.559066008054582,21.73748569451853,6188000
2011-07-01,22.28762435913086,22.302493028125316,21.65572010640978,21.74493070242218,8002100
2011-07-05,22.064599990844727,22.540386054920845,21.997692398339733,22.451176876883732,6663200
2011-07-06,21.841567993164062,22.072028043066027,21.58137344965203,21.967948807707298,5663800
2011-07-07,22.458600997924805,22.55524589056251,21.85643431916174,22.072025681235267,8730600
2011-07-08,22.25787925720215,22.309918159261155,21.84899953625301,22.168668697991183,5517300
2011-07-11,21.50702667236328,22.005115485337175,21.395514547837042,21.87873469941981,8837000
2011-07-12,21.350908279418945,21.7374849627201,21.261699148167033,21.38807993240189,4719500
2011-07-13,21.440128326416016,21.744928926132303,21.358352071580942,21.499601579581288,4413500
2011-07-14,21.18735694885254,21.559064965499076,21.07584482744929,21.50702607004113,5766700
2011-07-15,20.986637115478516,21.28400328538812,20.77104717402671,21.276570371849907,5897000
2011-07-18,20.55545425415039,20.994069853202134,20.109404324171066,20.89742638705087,7560600
2011-07-19,20.719009399414062,20.86025745158913,20.280393743187894,20.592628593078494,5868000
2011-07-20,21.046110153198242,21.068413147466135,20.622363187784426,20.80078288806636,6222400
2011-07-21,21.521896362304688,21.759789284117403,21.038674769674742,21.113016662229633,9741700
2011-07-22,21.6259708404541,21.63340517036342,21.358340635532432,21.544194629405048,4608700
2011-07-25,21.521896362304688,21.611105499007625,21.402949901398333,21.52932927540188,3814700
2011-07-26,21.908477783203125,21.982819696565457,21.440126139542343,21.48473072037812,6004400
2011-07-27,21.633411407470703,21.967947842119216,21.59623974720719,21.759792216458948,8427400
2011-07-28,21.514463424682617,21.893605825110196,21.462424521909885,21.60367256716337,7369600
2011-07-29,21.33604621887207,21.551636186727333,21.157625077121203,21.29887455685984,6366700
2011-08-01,21.254270553588867,21.700320584087375,20.94203567403531,21.618544343409027,7070500
2011-08-02,20.62980079650879,21.05354782924012,20.47368406569365,21.00150891896841,10552000
2011-08-03,20.956893920898438,20.979195489666466,20.46623955665626,20.585185983263255,10453400
2011-08-04,19.62618637084961,20.92716465286744,19.566713134675517,20.726441949047203,18301500
2011-08-05,18.659744262695312,19.6261846187344,17.841986274841034,19.33625279551341,20255500
2011-08-08,16.786338806152344,18.354947541591887,16.429499347782027,17.648701539524254,20249800
2011-08-09,17.827119827270508,17.827119827270508,16.838376355094557,17.076269308106237,15049500
2011-08-10,16.4592342376709,17.58922720358744,16.37002508759815,17.58922720358744,12214400
2011-08-11,17.21752166748047,17.5297565751479,16.147001781484406,16.44436944056126,13866600
2011-08-12,17.195213317871094,17.7676440401585,17.09856985130679,17.462843560593235,8917100
2011-08-15,18.22856330871582,18.27316787816939,17.32902908068771,17.38850231261037,11981400
2011-08-16,18.22112464904785,18.83815981540118,17.894021242199894,17.983231777868742,10133800
2011-08-17,18.47389030456543,19.00914938424705,18.302904942466903,18.31777218677058,6107600
2011-08-18,16.87554359436035,17.849418147360005,16.63021637359087,17.849418147360005,11142200
2011-08-19,16.47410011291504,17.314161071940962,16.444364207243076,16.593046571510165,7039800
2011-08-22,16.19904136657715,17.009363804496143,16.15443536900236,16.964759224875376,7090400
2011-08-23,17.03909683227539,17.03909683227539,15.953708604000848,16.22133885003226,7217000
2011-08-24,17.507448196411133,17.52975118937584,16.905281565900577,17.016793694816805,5451100
2011-08-25,17.098573684692383,18.533367268584854,16.868115045099724,17.894028842281525,7107300
2011-08-26,17.291860580444336,17.470280294144974,16.541010065733005,16.87554791514285,5248500
2011-08-29,18.585407257080078,18.630011837469937,17.589229314664262,17.589229314664262,6430600
2011-08-30,18.511066436767578,18.704354853801316,18.131923936196102,18.47389618724168,5415100
2011-08-31,18.830726623535156,19.135527060391176,18.533360516596776,18.63743829953685,4971600
2011-09-01,18.42928695678711,19.046322301812424,18.384680967059662,18.734087463489146,4051800
2011-09-02,17.589229583740234,18.027845315153492,17.45541442256954,17.98324073408128,4078200
2011-09-06,17.336463928222656,17.589225525909917,16.741731591284246,16.89784829799793,5673300
2011-09-07,18.875335693359375,19.001716496237737,17.656133654735484,17.663567986428774,6959500
2011-09-08,18.28059959411621,18.763819711600824,18.154218817116835,18.518492487773035,5804300
2011-09-09,17.366199493408203,18.21369334211236,17.336462170599273,17.968366100753073,6936400
2011-09-12,17.529754638671875,17.574359215424394,16.905284892320903,17.00936271072809,6065500
2011-09-13,17.9609375,18.124488573764854,17.35877070055017,17.67843993295997,5552500
2011-09-14,18.206262588500977,18.51849744957337,17.66356910219421,18.08731610980234,5931600
2011-09-15,18.615140914916992,18.704350058087957,18.198826853606594,18.451588455847276,4437700
2011-09-16,18.912506103515625,19.016583904444516,18.347509693701934,18.748953652966005,5928000
2011-09-19,18.332645416259766,18.548236818840873,17.84199078315921,18.429290327056133,5363600
2011-09-20,18.288034439086914,18.659742450377486,18.1170490942021,18.29546876946715,5061000
2011-09-21,17.061399459838867,18.56309885117746,17.061399459838867,18.288035697942462,8095700
2011-09-22,16.065227508544922,16.823511095217018,15.760426923579223,16.615355428189208,10719900
2011-09-23,16.496402740478516,16.54100730697594,15.752986681738024,15.916537704197635,6539600
2011-09-26,17.44053840637207,17.4628413964862,16.578175973307577,16.741728398237598,8197300
2011-09-27,17.38106918334961,18.05014486119102,17.2323868022378,17.782514590054454,7775800
2011-09-28,16.882976531982422,17.64869551576043,16.882976531982422,17.388499634441416,5803500
2011-09-29,17.016799926757812,17.45541569001926,16.593052830918083,17.314167603375463,7851200
2011-09-30,16.317991256713867,16.994500096693205,16.265950915369498,16.749172730744153,6004500
2011-10-03,15.210291862487793,16.459231066506863,15.076478163160266,16.146996265502096,9692100
2011-10-04,15.277202606201172,15.314374267614344,14.258723188696505,14.898061585464095,13000000
2011-10-05,15.879365921020508,15.968575045322048,14.741938951524894,15.21772472900901,10643300
2011-10-06,16.370025634765625,16.37745996717916,15.35154478137427,15.857068041863181,7490100
2011-10-07,15.589442253112793,16.488976883817067,15.477930070583657,16.474108214692027,7431000
2011-10-10,16.496402740478516,16.496402740478516,15.983445262920569,16.087523057399086,5400100
2011-10-11,16.630218505859375,16.860677096020886,16.09495801522147,16.355153929508933,5369800
2011-10-12,17.663564682006836,17.990668125549607,16.771464897055104,16.905280006593216,10541600
2011-10-13,17.120878219604492,17.485152043261515,16.689696814260053,17.41824446157409,6038300
2011-10-14,17.37363624572754,17.470279722419978,16.912717603619342,17.418240818204527,4970600
2011-10-17,16.533578872680664,17.388507361538604,16.503842957062062,17.299298196728685,5732500
2011-10-18,17.42567253112793,17.648696777949496,16.295679799870545,16.570744361040486,7937300
2011-10-19,16.764034271240234,17.77508072854438,16.67482512380389,17.29186049572831,8597000
2011-10-20,17.03166389465332,17.135741701978933,16.45923311845489,16.801205285023556,8190500
2011-10-21,17.84943199157715,17.84943199157715,17.26213222145775,17.26213222145775,7492300
2011-10-24,18.689483642578125,18.763825549463753,17.745346104378616,17.804819346296334,7900800
2011-10-25,17.975799560546875,18.511058583592515,17.864287441323224,18.459019689151713,6998600
2011-10-26,18.823301315307617,19.016589731945796,18.161661233012637,18.302910733239408,9152400
2011-10-27,19.71540069580078,20.191186675973835,19.291653629964898,19.54441528642035,11788300
2011-10-28,19.581579208374023,19.901248342263425,19.336251964358322,19.365987869535637,5552900
2011-10-31,18.354942321777344,19.195001818370606,18.354942321777344,19.195001818370606,6867000
2011-11-01,17.41080665588379,17.990671775542257,17.239821278096713,17.418240987694592,8939000
2011-11-02,17.983238220214844,18.21369684448533,17.581792792820575,17.856857409881894,5503800
2011-11-03,18.310344696044922,18.42185828668079,17.544626737131104,18.161662271787446,6338400
2011-11-04,17.775074005126953,17.886586106219877,17.217512081709035,17.447970613028186,8205000
2011-11-07,17.633825302124023,17.83454794299769,17.172908220806733,17.700732849081913,4654200
2011-11-08,17.88658905029297,17.93862794483821,17.358764356530063,17.767642600488553,4992800
2011-11-09,16.75659942626953,17.314161496333366,16.72686210191503,17.29185850306749,7714500
2011-11-10,17.210086822509766,17.395940894929858,16.912720590228428,17.068837330443365,6105000
2011-11-11,17.730470657348633,17.84198276604574,17.388498583663658,17.440537473192084,3659000
2011-11-14,17.50002098083496,17.715610977868533,17.321599814936274,17.671006395370917,4275100
2011-11-15,17.187774658203125,17.6709946653693,17.172906001255694,17.514876603327604,13736000
2011-11-16,16.689695358276367,17.262124792397188,16.659958027696604,17.046534817509755,8635900
2011-11-17,16.265941619873047,16.890411179596757,16.161863832570265,16.726860168413314,5820000
2011-11-18,16.265941619873047,16.42949404901,15.983444160928276,16.384889485587877,5336800
2011-11-21,15.619165420532227,16.020609197009307,15.396139839864476,15.961135992421848,5561800
2011-11-22,15.619165420532227,15.931400099104643,15.500219011357311,15.537389232492082,4063400
2011-11-23,14.942670822143555,15.485364486468516,14.935236487541992,15.425891227610359,3467300
2011-11-25,14.92035961151123,15.277198968383454,14.838583393828761,14.838583393828761,2058900
2011-11-28,15.515094757080078,15.700948783591583,15.306937736923862,15.663777127517065,4987700
2011-11-29,15.708383560180664,15.909106272931696,15.329242548922752,15.537398175816685,5835700
2011-11-30,17.32902717590332,17.336461506320692,16.139561250241034,16.347718248066833,10920800
2011-12-01,17.098573684692383,17.33646665691112,16.97219286595693,17.21008583817567,6062500
2011-12-02,17.232385635375977,17.618962352407117,16.99449270734257,17.336463436902168,6866700
2011-12-05,17.52231788635254,17.879157287000286,17.30672794686051,17.574356788369453,4911600
2011-12-06,17.88658905029297,18.161653601686634,17.202646254940813,17.433106242146206,6750300
2011-12-07,18.183961868286133,18.273172447454453,17.700741560839017,17.85685971989507,5201900
2011-12-08,17.180349349975586,17.968370148534994,17.120876108913627,17.968370148534994,6715400
2011-12-09,17.923757553100586,17.983230767554105,17.343892648713833,17.366195635866383,4963200
2011-12-12,17.31416130065918,17.55948855199658,17.09856995538655,17.544619889987366,5345200
2011-12-13,16.972187042236328,17.574353598785926,16.72685982157142,17.492578803866607,5800800
2011-12-14,16.93501853942871,17.24725334470548,16.689691293707938,16.741730191595128,5112900
2011-12-15,17.262121200561523,17.48514687964154,17.150609069998353,17.247253956319128,5199400
2011-12-16,17.366199493408203,17.75277476424912,17.217515715270746,17.433107051774698,7234500
2011-12-19,16.62278938293457,17.410810285770598,16.496408551710047,17.381072952327603,5099400
2011-12-20,17.65613555908203,17.841989617598685,16.875549080493663,16.927587990005698,6801900
2011-12-21,17.901458740234375,18.065009763630275,17.693301732132092,17.70073606291649,4556900
2011-12-22,17.96837043762207,18.20626340569728,17.834555288591282,17.953501772628886,3823300
2011-12-23,17.990673065185547,18.117053879121087,17.81225192484392,18.117053879121087,3054200
2011-12-27,17.715614318847656,18.02784929112343,17.693311314415677,17.953507360971223,3093000
2011-12-28,17.07626724243164,17.827117670767358,17.03166267362612,17.737908533156315,3806300
2011-12-29,17.276987075805664,17.343894626941438,17.06139718055417,17.083698752297135,3269500
2011-12-30,17.247257232666016,17.388505296499613,17.083704753347625,17.26955881224293,2266000
2012-01-03,17.894020080566406,18.21368913719376,17.641258566858884,17.670995882802483,4221700
2012-01-04,17.782516479492188,17.923765961817246,17.626398332089973,17.812252391692546,3697300
2012-01-05,17.775074005126953,17.91632342275308,17.395931727048374,17.685864891433933,4944100
2012-01-06,17.50002098083496,17.953503975127965,17.477717980609096,17.879162058995863,5193600
2012-01-09,17.84198570251465,17.84198570251465,17.470277667045593,17.596658455823217,4125600
2012-01-10,18.637447357177734,18.838170108643233,18.10962243808787,18.16909568837904,7599800
2012-01-11,18.860471725463867,18.94968088537838,18.414421672029214,18.54823682985501,4432900
2012-01-12,18.90506935119629,19.06862036284672,18.64487346424289,18.97197690549726,3444400
2012-01-13,18.548229217529297,18.615136768982858,18.139349578873805,18.615136768982858,3256300
2012-01-17,18.258298873901367,18.89763716856667,18.117050836950305,18.719217476138752,4504400
2012-01-18,18.756385803222656,18.77125446389895,17.96093089043693,18.183955128767188,4917400
2012-01-19,18.99427604675293,19.172697114017385,18.786120498199946,18.890198272476436,4005900
2012-01-20,19.068626403808594,19.20987588740903,18.823299099636234,18.93481125281386,4950600
2012-01-23,18.912506103515625,19.25447683111266,18.800993971384145,19.098360129719325,3529100
2012-01-24,18.823301315307617,18.867905898238238,18.399554232581433,18.652315899111812,3695100
2012-01-25,18.81585693359375,18.919936128789274,18.496187854403278,18.71921348586223,5308100
2012-01-26,18.689483642578125,19.031455847070447,18.5408012467608,18.867903368331273,5449000
2012-01-27,18.77126121520996,18.994285533753615,18.46646065148842,18.577972810760247,5056100
2012-01-30,18.734088897705078,18.838166712462744,18.332643467147424,18.563102093233923,3602200
2012-01-31,18.667177200317383,19.053752463103482,18.518493425277956,18.912504436564944,3666200
2012-02-01,19.77486801147461,20.01276093020063,18.85303224243446,19.076056499251692,9969600
2012-02-02,19.559282302856445,19.916123201708068,19.39573122860024,19.871517203130335,5008400
2012-02-03,20.1986141204834,20.58519080651025,19.864076331046007,19.893813653642034,9311100
2012-02-06,19.923555374145508,20.087107860258904,19.715399727025186,20.072239194620593,4808000
2012-02-07,19.849210739135742,20.07966933661454,19.745131519343943,20.049932011544396,4244700
2012-02-08,20.101972579956055,20.16887872628702,19.730264519687225,19.886381224382347,4609600
2012-02-09,20.332433700561523,20.666970145498027,20.146579647389945,20.154013979671277,5493100
2012-02-10,19.819475173950195,20.049933791892734,19.70052869901509,20.02019788213587,4104000
2012-02-13,19.938425064086914,20.369606464071083,19.893820482834503,20.116844807050633,3529700
2012-02-14,19.77486801147461,19.923550376701552,19.507237768931017,19.85664281606565,3779000
2012-02-15,19.693098068237305,20.02020164476209,19.633624819592264,19.871517814172435,3474900
2012-02-16,20.2803955078125,20.295262754945615,19.685661665915525,19.74513490830983,4927000
2012-02-17,20.243223190307617,20.36216967124878,20.101975130411173,20.32499942768738,2970900
2012-02-21,20.317564010620117,20.481115058693675,20.146578630640423,20.295261014901705,3839000
2012-02-22,20.570322036743164,20.77104470934717,20.23578424906982,20.399336686578376,6631900
2012-02-23,20.8082218170166,20.889998062780077,20.429079338414198,20.6818409908158,7850500
2012-02-24,21.120450973510742,22.369390229812083,20.8156504904793,22.16866754548787,18341900
2012-02-27,21.30630874633789,21.40295364896747,20.83795715175688,21.075850115223673,7524800
2012-02-28,21.529327392578125,21.625972269833607,21.23196126631806,21.313737482772154,9739200
2012-02-29,21.722623825073242,21.997688480600292,21.358350007397032,21.65571624448434,7310400
2012-03-01,21.893600463867188,22.295044342633634,21.75235103524871,21.848994485596045,6683800
2012-03-02,22.1538028717041,22.20584319838009,21.13532344054778,22.04972505425996,11832900
2012-03-05,22.59241485595703,23.268923394440087,21.923340648638522,22.04228711136387,14491400
2012-03-06,21.59623908996582,22.183538542671307,21.447556707298194,22.027420410223417,11485100
2012-03-07,21.893600463867188,22.24300545260404,21.648273255189523,21.75235103524871,9158700
2012-03-08,21.046110153198242,21.39551664029322,21.046110153198242,21.254267179170704,77999300
2012-03-09,21.001502990722656,21.321172112675253,20.986634329712405,21.150186764918047,23337500
2012-03-12,20.927162170410156,21.120450519535826,20.726439490400388,21.09071461395306,11441900
2012-03-13,21.113019943237305,21.18736184734508,20.7636148372708,21.023810792671078,13495400
2012-03-14,21.001502990722656,21.19479132999524,20.942029764635212,21.068410547315224,11863200
2012-03-15,20.8751277923584,21.098152095359268,20.85282479487674,21.038678853362107,13303000
2012-03-16,20.837953567504883,21.098148065320494,20.733874350424973,20.889992467068005,11431500
2012-03-19,20.666963577270508,20.837950329491527,20.59262311399135,20.80821300981711,10576500
2012-03-20,21.053539276123047,21.16505138396773,20.518280307696546,20.58518785599403,15772100
2012-03-21,21.179927825927734,21.29887430706401,20.92716619902466,21.157624828981966,11103200
2012-03-22,20.80078125,21.038674164975127,20.600058571257126,20.942030699999087,10417100
2012-03-23,21.016374588012695,21.053544827777962,20.800783227103626,21.001505924925084,8350900
2012-03-26,21.60367202758789,21.70775124848761,21.217096723236853,21.37321342765586,18982700
2012-03-27,22.057159423828125,22.63702458903861,21.67801697941595,21.83413512379928,28527400
2012-03-28,22.07946014404297,22.3991278963305,21.767225305429807,22.101761720973627,14985100
2012-03-29,22.25787925720215,22.309918159261155,21.63340959658659,21.84899953625301,12476700
2012-03-30,22.919513702392578,22.986421251389018,22.376820398713367,22.46602951873969,19838900
2012-04-02,23.172277450561523,23.26148799705528,22.637018425459598,22.934384550516224,16755300
2012-04-03,22.94925880432129,23.350702816497023,22.577550702921524,23.350702816497023,13932000
2012-04-04,24.175893783569336,24.525300285104425,22.986427647911643,23.14254436037761,38383900
2012-04-05,24.450958251953125,24.86727234296781,23.900831854588155,24.08668590373454,18230800
2012-04-09,23.781879425048828,24.227929341559896,23.737274858783803,24.08668131206171,12633200
2012-04-10,23.224327087402344,24.38405622052206,23.060775997460524,24.213070796770946,21009500
2012-04-11,23.692676544189453,23.80418869825299,23.49195381610271,23.618334635495774,10170600
2012-04-12,24.70371437072754,24.785490587885675,23.722405436644102,23.80418165380224,20275100
2012-04-13,24.146160125732422,24.5847758387674,24.108989879388712,24.55503850732923,10230900
2012-04-16,24.3914852142334,24.62937815840188,23.8710933353995,24.398918128029095,8213200
2012-04-17,24.324581146240234,24.726023774841497,24.146159994489004,24.569907039501672,9401200
2012-04-18,24.22793197631836,24.644246033244258,24.10154975857527,24.621941620755774,9083400
2012-04-19,23.990041732788086,24.38405142145544,23.79675192769661,24.16846003727949,9499900
2012-04-20,23.833927154541016,24.339450455988136,23.75215090932044,24.220503963642226,8496700
2012-04-23,23.856218338012695,23.885955657115318,23.26891904731667,23.469641697399112,7954500
2012-04-24,24.086685180664062,24.213064569054044,23.662936770249775,23.841356481919767,6672100
2012-04-25,24.406347274780273,24.696279044802544,23.94542733873309,24.332003977398394,8892300
2012-04-26,25.060556411743164,25.24641043942309,24.131286273343544,24.29483872519225,13586400
2012-04-27,25.618120193481445,25.952658032669483,24.83753379264775,25.172071631835788,13883700
2012-04-30,25.298450469970703,25.677594291476076,24.99364996440145,25.603250975539957,9940700
2012-05-01,25.52890396118164,26.04929569590586,25.276142423510265,25.46199641191843,9601400
2012-05-02,25.84114646911621,25.92292270677575,25.127467581027556,25.432268116726323,8684800
2012-05-03,25.380224227905273,26.056732739551055,25.27614643163781,26.04929982663506,14125900
2012-05-04,24.406347274780273,24.68141038532617,23.610891008235104,24.4435175055178,23831200
2012-05-07,23.670366287231445,23.76700974632791,22.64445138137353,22.674188702913078,155232800
2012-05-08,23.56629753112793,23.975175933352308,23.08307579655757,23.930569933944717,40584000
2012-05-09,23.662931442260742,23.90082575554317,23.343262332429937,23.387866895815733,25766700
2012-05-10,23.89339256286621,24.19819304485029,23.826485001654717,24.079246584464,16674400
2012-05-11,23.603456497192383,23.982597385253804,23.43247116838768,23.529114618334955,19157700
2012-05-14,23.268924713134766,23.662935779462902,23.187149901597806,23.566292304754214,18488100
2012-05-15,23.016162872314453,23.40273960304728,22.555245662401564,23.194583992617105,16715600
2012-05-16,22.63702392578125,23.313532556395046,22.555247689788192,23.157414416585926,18003200
2012-05-17,21.16506004333496,22.42143389789348,21.0684165551169,22.272750081299893,34930300
2012-05-18,21.060976028442383,21.52932750244791,20.73387257891025,21.25426436598621,20417400
2012-05-21,21.88616943359375,22.049720458050444,21.06097714457043,21.336041713562743,13010000
2012-05-22,21.80440330505371,22.28762368921436,21.603680533524827,21.901046814704127,9790300
2012-05-23,21.752357482910156,21.878738289565714,21.120453449632365,21.573937770800043,15231200
2012-05-24,21.863866806030273,22.072023818957057,21.402949630343777,21.863866806030273,16024300
2012-05-25,21.5516300201416,21.826694568511982,21.477288135342565,21.663142138363398,8959200
2012-05-29,22.138933181762695,22.22814232459764,21.737487785144165,21.737487785144165,10231900
2012-05-30,21.477291107177734,22.220707222128336,21.313740072351937,22.16866832095439,16519100
2012-05-31,21.692888259887695,21.856439338432562,21.1130230247583,21.536770096679973,11606900
2012-06-01,20.228351593017578,21.17249038931753,20.228351593017578,20.934597461924657,28423200
2012-06-04,20.46624755859375,20.7710480731899,20.2060516169265,20.258090521669192,16051400
2012-06-05,21.298866271972656,21.328603590015142,20.310123134313855,20.33986045235634,13226300
2012-06-06,22.228147506713867,22.287620755120265,21.447560944135642,21.655716604580988,14949300
2012-06-07,22.413991928100586,22.845173147759922,22.28761115244422,22.637017576998954,13581800
2012-06-08,22.659324645996094,22.666758977891465,21.91590847190472,22.213274657950507,8175500
2012-06-11,21.960508346557617,23.01615765849886,21.908468037784935,22.94181719615903,9575600
2012-06-12,22.44373321533203,22.451167546737985,21.893605452874827,22.042287827132764,7446100
2012-06-13,22.52549934387207,22.860037038445224,22.07945097504544,22.34707971275078,10896300
2012-06-14,23.06820297241211,23.276358580852932,22.324786844086333,22.540376783964867,11245600
2012-06-15,23.40274429321289,23.588598364317733,23.008734569961206,23.343271047177502,13805800
2012-06-18,23.42504119873047,23.558856321989715,23.00129425371196,23.127675045906397,12447200
2012-06-19,23.744712829589844,23.952869867326775,23.432477981961345,23.64063360174447,10929000
2012-06-20,23.826488494873047,24.04951278630668,23.380439912005787,23.826488494873047,10146900
2012-06-21,23.07562828063965,24.00489807767662,22.897207231809748,23.781872475615838,11830100
2012-06-22,23.373003005981445,23.558857034360535,23.19458330889196,23.298661111039067,15385200
2012-06-25,22.77083396911621,22.97899098255192,22.52550671875975,22.97899098255192,10742400
2012-06-26,22.8972225189209,23.224326102892377,22.577554686397686,23.0607750198837,13756800
2012-06-27,22.91208267211914,23.23175180381217,22.763400311346903,23.083068025086334,12542400
2012-06-28,22.926952362060547,22.956688268367472,22.317351394255056,22.659322115529875,9429800
2012-06-29,23.856218338012695,23.9156901403111,23.112802375888155,23.38786548782032,15209800
2012-07-02,23.670366287231445,24.12385051503484,23.402736065189636,24.07181162029416,8430700
2012-07-03,24.079248428344727,24.101550005153875,23.536554984031042,23.573725224015465,6127100
2012-07-05,23.767009735107422,24.01233696587875,23.64062895453107,23.93056074963713,6010800
2012-07-06,23.469642639160156,23.55885318209434,23.261487068902863,23.417603746595834,4674500
2012-07-09,23.008729934692383,23.447345567573965,22.830308814576362,23.35813500751595,5704200
2012-07-10,23.023597717285156,23.417608788313796,22.837743679282667,23.254057745334965,7762500
2012-07-11,22.919513702392578,23.157406579733962,22.696489484373377,23.045894470724363,7190200
2012-07-12,22.651887893676758,22.778268686486268,22.28017984634922,22.696493880282706,7674000
2012-07-13,23.373003005981445,23.69267216166607,22.77083493310652,22.77826926439613,9570000
2012-07-16,23.254058837890625,23.40274122450596,22.97155989279995,23.358136650316744,6047300
2012-07-17,24.004901885986328,24.250227676653022,23.105367842410352,23.313524820433297,11492100
2012-07-18,23.670366287231445,24.07181162029416,23.469643620700086,23.89339052696393,8486600
2012-07-19,23.61089324951172,23.78931292630458,23.328394364457868,23.78931292630458,6535200
2012-07-20,23.06820297241211,23.358134808713963,23.04589997809899,23.32096456947917,5727600
2012-07-23,22.808015823364258,22.88979208270331,22.228150509600084,22.42887328182087,9106100
2012-07-24,22.689064025878906,22.956692908551123,22.39169781293536,22.874918086212865,6891800
2012-07-25,22.413991928100586,22.97898825350825,22.302479812628142,22.889779128311684,8850700
2012-07-26,22.815444946289062,22.971561677054186,22.361960583288344,22.87491818914539,8139800
2012-07-27,23.469642639160156,23.700101199639366,22.852607422555295,22.964119537757913,8255500
2012-07-30,23.58116340637207,23.72241289369549,23.18715369356241,23.402743672994376,6491900
2012-07-31,23.246627807617188,23.417613214589345,22.867485328274114,23.33583696866612,10487000
2012-08-01,22.926952362060547,23.402738206600702,22.837741807232433,23.313529069726254,7144200
2012-08-02,22.926952362060547,23.373002300293773,22.503205417022762,22.837741807232433,12004200
2012-08-03,23.298660278320312,23.365567839581733,22.80800577437232,23.254055710130583,24441800
2012-08-06,23.856218338012695,24.10897987857131,23.306090696194946,23.328392267568493,64985800
2012-08-07,24.049509048461914,24.220497242423534,23.878523690407583,24.049509048461914,18725600
2012-08-08,24.07181739807129,24.272540112780607,23.603464397082874,23.923133590593153,11597300
2012-08-09,24.168460845947266,24.302275996747134,23.900833380255442,24.079251690716656,9206400
2012-08-10,24.235363006591797,24.27996899219502,23.88595937837535,24.0718133978612,7298800
2012-08-13,24.614513397216797,24.703722556446042,23.98260785991387,24.168461929254487,10514800
2012-08-14,25.142330169677734,25.722193771628884,24.82266104657463,24.934174586599294,23758800
2012-08-15,25.298450469970703,25.58094939871289,24.971348387574377,25.00851862758867,9179800
2012-08-16,25.729631423950195,26.019563246378958,25.39509361502957,25.40252652815788,18856700
2012-08-17,25.870880126953125,25.945223439687613,25.499172071002917,25.737064999938458,11213100
2012-08-20,25.766803741455078,25.908051789554012,25.424832991800244,25.75937082772674,13200500
2012-08-21,25.37279510498047,25.870882586062997,25.1274664034985,25.818843680156096,12006200
2012-08-22,24.941612243652344,25.573517697483343,24.941612243652344,25.29845166934045,10294900
2012-08-23,25.097732543945312,25.12746987597527,24.785499065354976,24.98622180269508,9472400
2012-08-24,25.62555694580078,25.692464516256177,24.830101850335364,24.926743913064943,10710600
2012-08-27,25.70733642578125,25.818847166679497,25.29102228640017,25.729638006779286,9116800
2012-08-28,25.47687339782715,25.84858149612768,25.46943764775281,25.640425868569857,7902200
2012-08-29,25.23154067993164,25.692460690392195,25.194370443193154,25.551209820515744,7378500
2012-08-30,25.120037078857422,25.26872090379719,24.911878589578514,24.98622192000244,5749700
2012-08-31,25.52147674560547,25.618118799294443,25.01595355743455,25.32075405301636,14383100
2012-09-04,25.692461013793945,26.287193316817746,25.454568092584427,25.551210142139514,18858400
2012-09-05,25.878320693969727,26.049306091230434,25.573520144781867,25.78167578737613,15225900
2012-09-06,25.4397029876709,26.242591000041404,25.090296470078595,25.112598048339308,38646900
2012-09-07,25.26871681213379,25.677595137579036,24.792928082187505,25.566081577954137,26601500
2012-09-10,24.755756378173828,25.149768852568027,24.458391629924243,24.792926617216594,42565800
2012-09-11,24.86726951599121,24.904439754413332,24.20562962999228,24.22793120586407,322510400
2012-09-12,25.127458572387695,25.603244327202493,24.941604584668987,25.298443900780086,83504800
2012-09-13,25.603254318237305,25.677597643879505,25.04569213750638,25.268719278525072,42765800
2012-09-14,26.034435272216797,26.33180004619368,25.818843896845856,25.893187217270853,43673400
2012-09-17,25.833707809448242,26.012128909744312,25.6627224577809,25.945221351621683,23049400
2012-09-18,25.57352066040039,26.131082859369226,25.454574171390025,25.91549146181669,25216600
2012-09-19,25.469432830810547,25.75936747481316,25.40252527233413,25.707328577765633,19643200
2012-09-20,25.142330169677734,25.37279016230538,24.86726702976592,25.26871237076616,30009600
2012-09-21,25.001079559326172,25.35791888025228,24.867264459490524,25.34305022072534,28975400
2012-09-24,25.201801300048828,25.33561639505775,24.711146896985014,24.792920267573372,17818300
2012-09-25,24.592206954956055,25.424832226952958,24.495562063949613,25.380226238202102,23531900
2012-09-26,24.346881866455078,24.62938083178419,23.8636601759638,24.413789441509135,30625400
2012-09-27,24.68141746520996,24.77062661175111,24.406354275761977,24.547602327444427,14086700
2012-09-28,24.37662124633789,24.599645569967972,24.242806084978213,24.465830408608294,21198200
2012-10-01,24.72602081298828,24.97134951277056,24.525300940685256,24.547602518517223,17354900
2012-10-02,24.88213539123535,25.097723884296304,24.726015869899157,24.88956830372417,17543600
2012-10-03,25.43227195739746,25.580955790513137,24.889578377047247,24.978787542553356,22158000
2012-10-04,25.98240089416504,26.16081922246492,25.588388317012097,25.6552958991016,25754500
2012-10-05,26.190553665161133,26.316935900007227,26.064174266222917,26.168252085562123,21846000
2012-10-08,26.68863868713379,26.725808924343372,25.945222599312874,26.01213016065305,16950900
2012-10-09,26.354106903076172,26.822459939489036,26.257461995519364,26.762985277636243,25205100
2012-10-10,26.38384437561035,26.725815175375445,26.26489788717432,26.421014621513866,17141200
2012-10-11,26.52508544921875,26.86705615879942,26.502783874739603,26.718372378488233,17011800
2012-10-12,26.361536026000977,26.62916629402658,26.197986401246762,26.25002530492868,12019000
2012-10-15,26.978574752807617,27.00087633146113,26.391275270397802,26.547391992787926,17457300
2012-10-16,27.023174285888672,27.439488325669277,26.94883380974199,27.27593587505772,21251100
2012-10-17,27.402299880981445,27.484076051953565,27.090063849624766,27.23874753903721,16843600
2012-10-18,27.66252326965332,28.004494129404133,27.357722662326122,27.402328666779546,25909000
2012-10-19,26.539955139160156,27.58073596985021,26.376402690890107,27.51382840791313,30261700
2012-10-22,26.42844009399414,26.673768752506327,26.049299155092893,26.61429410708258,17907000
2012-10-23,25.833707809448242,26.153376938711112,25.707328441831713,26.04186339653767,23504900
2012-10-24,25.967538833618164,26.168261630950457,25.72221002490905,26.01957776226999,12380200
2012-10-25,26.004697799682617,26.25745941590901,25.73706751945377,26.18311893180441,14367700
2012-10-26,25.811416625976562,26.079046966203894,25.692470123198675,25.982402046475507,13651700
2012-10-31,25.967538833618164,25.99727617453604,25.395107782539153,25.40997645299809,14730800
2012-11-01,26.168241500854492,26.43587169142123,25.84113667420327,26.131071271255056,18600100
2012-11-02,24.294843673706055,25.328191824339555,24.2576734277805,25.23898266693663,56799900
2012-11-05,24.384042739868164,24.703711827168494,24.00490185088072,24.458386036860574,24874000
2012-11-06,24.621938705444336,24.68884626317274,24.317138239327655,24.450953354784456,15394000
2012-11-07,23.789323806762695,24.473265504971096,23.677811635009334,24.31714874810723,25992500
2012-11-08,23.35069465637207,23.990032821102034,23.35069465637207,23.811611746981697,19670800
2012-11-09,23.915695190429688,24.019775829266884,23.06820268634686,23.306095617588436,21658500
2012-11-12,23.774450302124023,23.923134112848008,23.588596247696,23.89339678352165,14883200
2012-11-13,23.30609703063965,23.752147012738522,23.045901089585822,23.536555644508443,26745300
2012-11-14,22.808015823364258,23.477090312812596,22.778278486166684,23.425051390671122,20857500
2012-11-15,23.224327087402344,23.491957432720042,22.912092157183093,23.02360432841407,18854000
2012-11-16,23.6406307220459,23.677802376731965,23.105371656149345,23.320962999467593,28498200
2012-11-19,24.079248428344727,24.287404040983528,23.752146346211248,23.878525729339795,25683100
2012-11-20,24.094114303588867,24.220496508001258,23.856221392126116,24.042075406450593,13072900
2012-11-21,24.28740692138672,24.28740692138672,23.93800322100601,24.25023667699403,10157300
2012-11-23,24.406347274780273,24.428648846041426,24.22049328518581,24.34687263687477,4353400
2012-11-26,24.510433197021484,24.517866111275307,24.183328251697972,24.317143395528905,10656300
2012-11-27,24.153589248657227,24.51042862027239,24.123851925379153,24.42865239921131,11445600
2012-11-28,24.235363006591797,24.27996899219502,23.863654967620096,23.945431189939036,15335500
2012-11-29,24.792924880981445,24.859832440935907,24.32457479720748,24.34687637188988,17907000
2012-11-30,24.629377365112305,24.956479443831412,24.473257821355286,24.83010006202204,15665300
2012-12-03,24.621938705444336,24.911870510298357,24.614505792766586,24.785491143426466,11749500
2012-12-04,24.770626068115234,24.9193098663591,24.59220777894865,24.696285586947088,13758700
2012-12-05,25.112590789794922,25.49916743805485,24.867264992112922,24.9193038836184,28749400
2012-12-06,24.72602081298828,25.201809548695635,24.62937875177798,25.157203557124042,20384500
2012-12-07,25.37279510498047,25.64785829847518,25.097729075578076,25.14233506745871,28958200
2012-12-10,24.80036735534668,25.15720682657155,24.69628953072793,25.090299248472636,24811300
2012-12-11,26.21284294128418,26.331789369829007,25.276140170981964,25.48429571195878,253081100
2012-12-12,25.908052444458008,26.6291670383604,25.65529083269174,26.450748745294586,62911400
2012-12-13,25.45456314086914,26.04929532819877,25.27614206671687,25.90061157238967,42727700
2012-12-14,25.23154067993164,25.536341158638894,25.023385085470284,25.320752651192752,29331800
2012-12-17,25.98240089416504,26.01957114290183,25.43970732206493,25.73707214786746,33932000
2012-12-18,26.391277313232422,26.391277313232422,25.93036002463302,26.168253001710646,32187600
2012-12-19,25.937786102294922,26.532518388218435,25.900615866157306,26.428440592670224,22169000
2012-12-20,26.413578033447266,26.45075111408033,25.833714275192463,25.97496233951128,26891700
2012-12-21,25.82627296447754,26.160807894154534,25.52890543153469,25.960085234804158,31856600
2012-12-24,26.168241500854492,26.168241500854496,25.677587096784393,25.744494644426076,6816400
2012-12-26,26.279762268066406,26.33923692695971,25.989830395731104,26.250027774527577,11728100
2012-12-27,25.99726104736328,26.39127065957935,25.57351411153276,26.39127065957935,16674800
2012-12-28,25.70733642578125,26.01213698835602,25.64786176190907,25.722202255841232,11919300
2012-12-31,26.242586135864258,26.43587589798905,25.61811653714303,25.841140786134783,19797700
2013-01-02,27.119831085205078,27.17187000854582,26.73325420045341,26.978582984124298,22929700
2013-01-03,26.896793365478516,27.21646249919467,26.807584232041307,27.15698785296505,17115900
2013-01-04,26.986005783081055,27.067782013645243,26.68120527382844,27.030611773181764,13844700
2013-01-07,26.710941314697266,26.911664006626328,26.391272157466627,26.837320693370696,18383700
2013-01-08,26.502784729003906,26.703504577600498,26.22771873399447,26.651465678200296,16094700
2013-01-09,26.584564208984375,26.837325850812935,26.40614589469832,26.614301540001378,14719000
2013-01-10,26.614301681518555,26.72581525547128,26.36154003834598,26.60686876667877,18181000
2013-01-11,26.190553665161133,26.762984507434652,26.07904293125822,26.703509847293457,17833500
2013-01-14,26.056739807128906,26.26489829203158,25.692467421388265,26.16825338246634,18060100
2013-01-15,25.900617599487305,26.09390454188245,25.722196483816276,25.878316023493714,13935400
2013-01-16,26.421016693115234,26.510225857459915,25.692469039832567,25.7296392886505,17042800
2013-01-17,26.175683975219727,26.62173540108994,26.123645067587702,26.4433142635603,17730800
2013-01-18,26.086469650268555,26.264890752409126,25.796537840708933,26.235153429401166,19192200
2013-01-22,26.696073532104492,26.770414011903387,26.079039609232574,26.079039609232574,18891100
2013-01-23,27.10495376586914,27.14955975845772,26.502788463415786,26.703508340295087,18740900
2013-01-24,27.20903778076172,27.595614630247365,27.127264362906615,27.164434613915002,22227900
2013-01-25,27.28337860107422,27.402325094870122,27.008315365903957,27.320548848652667,13145300
2013-01-28,27.72942543029785,27.885542161462006,27.36515305758149,27.573308699133694,22224000
2013-01-29,28.115997314453125,28.286982681032253,27.811196819958603,27.826065482605582,23853800
2013-01-30,28.004484176635742,28.24981286007726,27.89297345899571,28.101129067316414,17981100
2013-01-31,28.123430252075195,28.286979853026157,27.796325378358976,27.91527183173565,13588100
2013-02-01,28.8891544342041,29.089877151628937,28.361329604628306,28.3910640978,22196300
2013-02-04,28.39105987548828,28.72559768811062,28.36132538673869,28.658690125586155,18772500
2013-02-05,28.807374954223633,29.00809764905228,28.376192238834506,28.606652259394984,17610300
2013-02-06,28.807374954223633,28.993228986186367,28.487705792375134,28.61408800878168,14232600
2013-02-07,28.725603103637695,28.948627408796042,28.30185607306446,28.874286919045893,13559100
2013-02-08,28.837108612060547,29.01552687194293,28.62895019432162,28.81480420264492,13107500
2013-02-11,29.327760696411133,29.409536907170562,28.73302848530648,28.911446730684435,14231600
2013-02-12,28.71816062927246,29.66229928153386,28.621515756042264,29.3649317497057,25676800
2013-02-13,28.896587371826172,29.127047418516366,28.66613016104377,28.941193365481375,16533800
2013-02-14,29.149349212646484,29.18651945634641,28.621524378747203,28.725602195470124,18322000
2013-02-15,28.51001739501953,29.223699284031156,28.487715810831453,29.223699284031156,20563400
2013-02-19,28.695859909057617,28.9411885797317,28.32415186445372,28.517441635755848,15838200
2013-02-20,27.930145263671875,28.755337665633878,27.87810635867496,28.69586301083304,19869300
2013-02-21,27.71455192565918,27.959880605428527,27.372581192563207,27.774026576236267,24540400
2013-02-22,28.58434295654297,29.387230682925072,28.14572744623483,29.208812448576474,47610600
2013-02-25,27.551002502441406,28.941189856537147,27.402318710858864,28.91145253103915,26898300
2013-02-26,28.01935577392578,28.0936990960458,27.26850665391408,27.84837038691139,27979500
2013-02-27,28.078832626342773,28.175477534698956,27.796333652021318,28.0565310459175,15280700
2013-02-28,28.257244110107422,28.591781915148864,28.049088514040434,28.138297650082386,16426800
2013-03-01,28.1383056640625,28.257252157964302,27.61791652568468,27.84837376242111,13927900
2013-03-04,28.301855087280273,28.368762660088105,27.885540985819564,28.08626370424306,10879100
2013-03-05,28.435667037963867,28.91888865793932,28.405929712077615,28.457968614424818,17702300
2013-03-06,28.58434295654297,28.78506559711517,28.43565920398133,28.6438147560236,15668300
2013-03-07,29.00067138671875,29.260868818130014,28.695870788026077,28.703306539845244,15729000
2013-03-08,29.42440414428711,29.58052081042141,29.104735064541597,29.20137709448755,17457300
2013-03-11,29.342647552490234,29.513632991972177,29.20139661507268,29.4615940684737,13307300
2013-03-12,29.075008392333984,29.439280746693246,28.881718589855055,29.20138778664824,14216200
2013-03-13,28.911455154418945,29.312900577346092,28.822246005737703,29.156783858176993,12726900
2013-03-14,29.008094787597656,29.16421147842869,28.851978096766622,29.008094787597656,12356300
2013-03-15,28.97092628479004,29.052702509423153,28.67355871083459,28.82967541100289,16207000
2013-03-18,28.695859909057617,28.88914968035974,28.38362651282586,28.517441635755848,13704500
2013-03-19,28.532304763793945,28.851973847023658,28.086253495239877,28.747893232559633,15642300
2013-03-20,28.472843170166016,28.785079484777793,28.428240008012953,28.710736154675907,10380000
2013-03-21,28.10112190246582,28.316713205205073,28.004477036426373,28.272107227977617,16164900
2013-03-22,28.09370231628418,28.33159530252117,27.974755823165683,28.175478562035913,12525900
2013-03-25,28.02678680419922,28.51000555501722,27.855801445979868,28.24981106118501,16455100
2013-03-26,28.5769100189209,28.64381757235682,28.212637767030753,28.294413980775435,11355200
2013-03-27,28.435667037963867,28.539744842658276,28.15316811385941,28.361326559155714,11446800
2013-03-28,28.859416961669922,28.933757448091313,28.391063956673403,28.450538614536732,16819200
2013-04-01,28.420801162719727,29.045270888045756,28.294421769168245,28.844548172486558,10997100
2013-04-02,28.99323844909668,29.127053622657492,28.480282174385838,28.524885341633844,13392000
2013-04-03,28.1308650970459,29.13447568910667,28.056524622044115,29.00809631442217,21686500
2013-04-04,28.01935577392578,28.69586440772523,27.870674801501277,28.182908246682054,16605200
2013-04-05,28.710729598999023,28.770204249500363,27.432055808201902,27.55843518665611,20289000
2013-04-08,29.803552627563477,29.818421290403737,28.554613308055966,28.792506241685256,27323000
2013-04-09,29.461584091186523,29.74408019853588,29.312900287582416,29.699477042590022,17491100
2013-04-10,29.810985565185547,30.034012672062758,29.327766784069016,29.53592239218645,15715400
2013-04-11,30.063743591308594,30.242164688438503,29.58052486758203,29.81841777315049,12555600
2013-04-12,29.833288192749023,29.974536227535133,29.50618330138097,29.863022680767422,11436000
2013-04-15,28.680994033813477,29.78124950365015,28.56204473727266,29.587959732678645,16098800
2013-04-16,29.4095458984375,29.46158480557463,29.052706462679566,29.097309619706966,12741800
2013-04-17,28.66613006591797,29.18651914396285,28.5471835858066,29.06757266385148,16220400
2013-04-18,28.5025691986084,29.022960959311447,28.286977880674613,28.799936729269266,12241700
2013-04-19,28.904022216796875,28.970929787230272,28.502576794196486,28.785075740016133,10281700
2013-04-22,28.703289031982422,28.948614810116403,28.391052871922206,28.904011670041136,9078700
2013-04-23,30.19756317138672,30.286775151099658,29.149346514973892,29.20882116811585,26587400
2013-04-24,30.926109313964844,31.134267755014868,30.227299185337955,30.227299185337955,23650300
2013-04-25,31.431629180908203,31.714128069418003,30.87406715237701,31.030186675655163,27502600
2013-04-26,30.38341522216797,31.193738884850216,30.212429859424958,30.91867572182079,25541400
2013-04-29,30.71052360534668,30.84433874544117,30.011710576873757,30.69565494134644,14002300
2013-04-30,30.792299270629883,31.505981015649265,30.53954047173897,30.73282744615787,17196600
2013-05-01,30.62131118774414,31.37959602557295,30.569272282434017,31.223479309642574,17502400
2013-05-02,31.320119857788086,31.57288143530388,30.807160953940212,30.955844735286078,22015300
2013-05-03,33.096900939941406,33.37939998709244,32.36091740117939,32.43526074827636,40420100
2013-05-06,33.81056213378906,34.085625282466275,32.740044026248185,33.19352827746914,21720200
2013-05-07,33.1563720703125,33.41656952570605,32.740060679136676,33.13407048461627,21882600
2013-05-08,32.97049331665039,33.18608460359928,32.75490486560805,32.888719951582765,14656700
2013-05-09,32.762351989746094,33.082021185376284,32.643405510156335,32.985376284488424,12838500
2013-05-10,32.844120025634766,32.977935136250586,32.457543354512055,32.79208113105162,12153100
2013-05-13,33.186100006103516,33.416560058001515,32.82182764203168,33.31248223969528,13206100
2013-05-14,34.25661087036133,34.33838424874641,33.32734086414589,33.32734086414589,16798600
2013-05-15,33.88490676879883,34.53167797352889,33.59497211131965,34.47220332504886,19061500
2013-05-16,33.38681411743164,34.122797242063534,33.21582876918339,33.75108922346113,14297800
2013-05-17,33.62471389770508,33.803135030915115,33.34221495175074,33.357083615843884,9880600
2013-05-20,33.37195587158203,33.751099756993185,33.26787804763638,33.58011151947333,11032900
2013-05-21,33.42398452758789,33.751089400655886,33.09688249042704,33.48345917211194,10859000
2013-05-22,32.940765380859375,34.00385053291145,32.69543672919793,33.29016898729176,17679600
2013-05-23,33.10431671142578,33.29017072904826,32.152745048689006,32.21221969556368,17464900
2013-05-24,33.223270416259766,33.24557483165666,32.650839576809325,32.82182780591805,11933900
2013-05-28,33.58012008666992,34.08564350558548,33.43143906361959,33.899789390863845,14721600
2013-05-29,33.840301513671875,33.944379314853556,33.05227941972754,33.08944965787708,14798200
2013-05-30,34.35325241088867,34.5391064094361,33.699048377854744,33.81799482348882,13256700
2013-05-31,33.05229187011719,34.19715378618578,33.04485895405035,33.282751970907654,34718800
2013-06-03,33.26787185668945,33.51320054111404,32.13787899744943,33.21583295440075,18624100
2013-06-04,32.78464889526367,33.80313099472669,32.479848407517494,33.42398719539159,15159600
2013-06-05,32.635982513427734,33.825447670784165,32.19736670491968,33.773408747394114,24360000
2013-06-06,33.34965133666992,33.35708425090415,32.19735678863673,32.49472156843782,18795700
2013-06-07,33.6618766784668,33.78082312893849,33.0225384437163,33.49832708151014,13346200
2013-06-10,34.15997314453125,34.212012048897265,33.37938674313351,33.773396400735464,13077500
2013-06-11,33.39424133300781,33.77338503540903,33.23812467244573,33.71391040134349,14954900
2013-06-12,33.20096969604492,33.99642485869636,32.94077514224602,33.6544540634441,17980100
2013-06-13,34.15253448486328,34.174838896196555,32.88129363925334,33.074583412635846,15254500
2013-06-14,33.73623275756836,34.53168797805049,33.647020759001805,34.12280957696564,12433200
2013-06-17,33.56523132324219,33.899766232479,33.148917369740495,33.83285868345028,14222400
2013-06-18,33.55780792236328,33.62471549600894,32.99281283950605,33.1340609012434,14905300
2013-06-19,33.31247329711914,34.0856238123774,33.29016888782114,33.52806179034785,17730100
2013-06-20,32.91104507446289,33.453738717798146,32.725190970475126,33.1340694320665,21068600
2013-06-21,32.479854583740234,33.1637990008773,32.212227118851374,33.15636325035077,25687200
2013-06-24,31.461366653442383,31.996627110881317,30.87406729996435,31.9743227012166,27345600
2013-06-25,32.22708511352539,32.56162290819356,31.803338185581445,31.85537708298458,16197500
2013-06-26,32.427818298339844,32.792093534109924,32.12301772796412,32.59137079226618,14282300
2013-06-27,33.06715774536133,33.25301182632845,32.583938836391745,32.67314800120166,16681200
2013-06-28,33.23069763183594,33.535498095502746,32.76234473150157,32.992804725359754,39987400
2013-07-01,33.5206298828125,33.765955705188766,33.25299965046954,33.31990720855528,12675600
2013-07-02,33.37195587158203,33.870046246632214,33.357087205888654,33.41656186866217,17234200
2013-07-03,32.87385940551758,33.23813169040892,32.8366863334245,33.16379121803725,7433200
2013-07-05,33.594974517822266,33.706488073756695,33.14149305226083,33.23070219546385,9687000
2013-07-08,33.840301513671875,33.9964182154444,33.68418481189936,33.80313127552233,9459900
2013-07-09,34.033599853515625,34.2268896940896,33.90722043429354,34.08563877153746,15044300
2013-07-10,33.98898696899414,34.21944415836735,33.82543451002668,34.01872145942752,10186900
2013-07-11,34.137672424316406,34.46477738532627,34.01872593919679,34.390434059684075,15967000
2013-07-12,34.74727249145508,34.81418005914745,34.04845948757742,34.18971037265444,13022500
2013-07-15,34.7175407409668,34.99260396970271,34.7175407409668,34.93313214214999,9822300
2013-07-16,34.37554931640625,34.90337387646155,34.21199692589084,34.8141647706833,8378700
2013-07-17,34.81418991088867,34.977739583601085,34.494520645443494,34.68780765352485,10266600
2013-07-18,34.933128356933594,34.9777315137881,34.70266831485696,34.91825969267951,11468600
2013-07-19,34.85134506225586,35.00746175144024,34.62832081543429,35.00746175144024,6758300
2013-07-22,35.27509689331055,35.31226713363813,34.777006598016776,34.89595306860957,8982200
2013-07-23,34.6431884765625,35.44607921075508,34.405295555892245,35.40890897363297,10050500
2013-07-24,34.167423248291016,34.76959166222123,33.92953018410084,34.73242140267446,9158500
2013-07-25,34.56885528564453,34.65063152608702,33.98899152382747,34.145108254177,7622400
2013-07-26,34.59858703613281,34.68036326338696,34.19714164919835,34.36069410370664,6535800
2013-07-29,34.39786148071289,34.72496352660665,34.30865234745227,34.509372188311865,7147700
2013-07-30,34.11536407470703,34.628322994168705,33.90720847603119,34.546546770143955,8862100
2013-07-31,33.832855224609375,34.39785287773636,33.82542231365798,34.159960024600736,13392400
2013-08-01,34.992591857910156,35.044630752472365,34.21200560356996,34.21200560356996,21009600
2013-08-02,35.92929458618164,36.79908989519647,35.52041354084289,36.76935257627968,41724600
2013-08-05,36.107704162597656,36.4199402644786,35.57987964007484,35.89954865194779,15501000
2013-08-06,35.72857666015625,36.16719224648362,35.71370799873243,36.0556787037586,13936100
2013-08-07,35.66168212890625,35.98878429199894,35.34944579676066,35.654246377524466,11551500
2013-08-08,36.1300163269043,36.21922828841477,35.53528409636936,35.944162327617946,9708900
2013-08-09,35.706275939941406,36.196930474002606,35.62449971161329,35.98877486437285,8255600
2013-08-12,35.49811935424805,35.74344803248678,35.237924849365214,35.5204209301216,6731800
2013-08-13,35.9069938659668,36.01107165695542,35.38660207511656,35.66166804948034,7244100
2013-08-14,35.72857666015625,36.04081004233479,35.66166910170268,35.862391777063394,5573700
2013-08-15,34.97029495239258,35.4981197167782,34.79930958516516,35.40147482716011,11057600
2013-08-16,35.014896392822266,35.62449735432106,34.82160945894275,34.90338568185969,10415600
2013-08-19,34.43504333496094,35.01490715066182,34.271490838877845,34.95543532039135,11986300
2013-08-20,34.88107681274414,35.0223276655135,34.20456837677033,34.405291033937104,8113200
2013-08-21,34.732398986816406,35.16357882391712,34.52424056306109,34.79187079652707,8712300
2013-08-22,35.05207824707031,35.438652211675034,34.791880851157586,34.93313175736701,8184800
2013-08-23,35.23048782348633,35.416341844784235,35.029765140175705,35.193317586408206,6171700
2013-08-26,35.208187103271484,35.63193405524665,35.104109302562826,35.208187103271484,6147200
2013-08-27,34.31609344482422,34.777010718493614,34.2789232000926,34.710103143613544,10262900
2013-08-28,34.5019416809082,34.85134816140745,34.152535200408956,34.286350327582824,7172300
2013-08-29,34.62832260131836,35.05206954290535,34.32351928399045,34.427599918054945,7150000
2013-08-30,34.539100646972656,34.72495461451243,34.338378021720935,34.67291573047381,6442200
2013-09-03,35.43864440917969,35.79548663563196,34.97029430428743,35.01489745566342,12953200
2013-09-04,35.899574279785156,36.10029702373413,35.34201204745185,35.39405096226364,9894600
2013-09-05,36.18205642700195,36.38277909323692,35.906993292934956,36.01107108226263,9852100
2013-09-06,35.81777572631836,36.36046895418301,35.758301097338254,36.3530360435137,9875400
2013-09-09,36.56863784790039,36.56863784790039,35.94416819492731,35.95160394422043,10510000
2013-09-10,36.814449310302734,37.067725693279364,36.635667652721125,36.91129103247465,9210400
2013-09-11,37.06028366088867,37.06028366088867,36.45688907476055,36.80700723677505,7975100
2013-09-12,36.71018600463867,37.19439212292977,36.613347054328656,37.17204511004058,7342400
2013-09-13,37.023040771484375,37.07518567119635,36.60587873210468,36.78466327517709,8199000
2013-09-16,37.015594482421875,37.42530851926266,36.970900472355076,37.3657127169279,8848900
2013-09-17,37.58918762207031,37.618985520328195,36.747418308915044,37.00069191905508,8993800
2013-09-18,37.671142578125,37.98401492743044,37.37316918275648,37.462562906377975,9975500
2013-09-19,37.142234802246094,37.857367392878714,37.10498884596645,37.83502038744779,11023500
2013-09-20,37.20928192138672,37.507252439423425,37.015598385062525,37.224180873541236,10201800
2013-09-23,36.620784759521484,37.00814897631813,36.44200018189055,36.948553169879666,10175300
2013-09-24,36.680381774902344,37.194382834794915,36.568641054989605,36.605887014399,6304300
2013-09-25,36.90385437011719,36.99324522649598,36.51649020356365,36.762315769026344,9457000
2013-09-26,36.83681869506836,37.097543268088224,36.650586045287106,37.01560044751492,5690700
2013-09-27,36.61334228515625,36.7846759922548,36.46435558803603,36.635689295134576,6019700
2013-09-30,36.22596740722656,36.590981724574874,35.99503795219106,36.21106845770646,7642600
2013-10-01,36.57609176635742,36.739977409681615,36.136582593366434,36.14403349080013,6652100
2013-10-02,36.665489196777344,36.665489196777344,36.19618206991727,36.40476175221728,6839200
2013-10-03,36.389854431152344,36.85916145011426,36.00994111978229,36.54629199859591,7884300
2013-10-04,36.89640808105469,36.911307032592006,36.285565276446725,36.40475404706085,5700000
2013-10-07,36.30046463012695,36.59098708411207,36.293016575118,36.53139411898705,5298400
2013-10-08,35.53317642211914,36.546282100292586,35.51082658043227,36.35259862798575,8813500
2013-10-09,35.5555305480957,35.808807018400266,35.145819363048844,35.51828459339766,10523200
2013-10-10,36.933658599853516,36.963453662630556,35.935451533866,35.97269749360073,11424100
2013-10-11,37.24653625488281,37.24653625488281,36.82192596891196,37.00070775159169,6766100
2013-10-14,37.41786575317383,37.492360522278275,36.926211643823976,36.970908505286644,6925700
2013-10-15,37.26143264770508,37.66369589359631,37.17204176251314,37.380621441856,7396400
2013-10-16,38.185142517089844,38.349028163628255,37.4476627910366,37.499807707356126,9334500
2013-10-17,38.624637603759766,38.66188639469641,37.96910094019482,38.09573773599131,6922200
2013-10-18,38.959861755371094,39.03435650497757,38.52035267858733,38.870470897527454,8125500
2013-10-21,38.73637771606445,39.3025235246507,38.66933387173468,39.0939439385953,7282100
2013-10-22,38.95241928100586,39.727147737784705,38.84812945830189,38.94496838413584,10496900
2013-10-23,38.63208770751953,38.90026308334254,38.33411443623093,38.840667292411325,6277100
2013-10-24,38.58739471435547,38.84812206316784,38.244727407362745,38.72893331109716,7613100
2013-10-25,38.624637603759766,38.937509829188116,38.47565380674832,38.65443549983557,5735200
2013-10-28,38.31178283691406,38.67679725721148,38.15534808535802,38.609756227988775,6891300
2013-10-29,38.92262268066406,38.94496968865359,38.31177983435013,38.43096861310201,8085500
2013-10-30,38.71404266357422,39.1088549566547,38.36392438605176,39.049259146997855,7883000
2013-10-31,38.47566223144531,38.81087868980442,38.31177660882751,38.676790969787014,12978600
2013-11-01,35.96523666381836,36.57607932815699,35.77155602167743,36.255759047871635,51746100
2013-11-04,36.56119918823242,36.628240221506154,36.0248481885623,36.106791018143575,18396900
2013-11-05,35.972694396972656,36.57608628111358,35.95779544602439,36.50904242268855,13164900
2013-11-06,35.45124816894531,36.18873072995535,35.369305346423666,36.12913491659969,19388800
2013-11-07,35.2352180480957,35.86095988772089,35.093682252135594,35.533191435225724,17749200
2013-11-08,36.158931732177734,36.45690226491041,35.38420323204031,35.45124709919999,15671400
2013-11-11,36.382408142089844,36.54629377227764,36.04718882656231,36.09933373767942,7471400
2013-11-12,35.898216247558594,36.47181333681436,35.764128468683964,36.285580626342444,10822200
2013-11-13,36.18872833251953,36.24832130024249,35.682175319293705,35.85350900881353,12084300
2013-11-14,36.7325325012207,36.747431455679894,36.05464570259496,36.30792224503123,10289700
2013-11-15,36.72506332397461,36.9410937935805,36.50903285436872,36.650571430440515,10091900
2013-11-18,36.47179412841797,36.88895620317746,36.35260537015585,36.85171024903632,7130900
2013-11-19,36.337703704833984,36.598431047707415,36.1365721574804,36.36005354899589,7254200
2013-11-20,35.950347900390625,36.42710585011742,35.77901421104325,36.40475600076978,10474100
2013-11-21,36.4420166015625,36.58355528478468,36.09190102688062,36.10679998520325,9811700
2013-11-22,36.94111251831055,37.00070549500762,36.44200748525803,36.479256292589355,9173300
2013-11-25,37.0975456237793,37.54450571664706,36.91876385998011,36.94111087003378,8023700
2013-11-26,36.79212188720703,37.28377596964489,36.76232398119632,37.261428960979224,6384300
2013-11-27,36.98580551147461,37.03049952889886,36.58354230454797,36.79212196368709,6177500
2013-11-29,37.06028366088867,37.358256927498935,36.90384897467594,37.05283560798107,4413400
2013-12-02,37.03050994873047,37.43277326884799,36.95601800427264,37.07520682041648,8425600
2013-12-03,36.31391906738281,36.98570617981065,36.1795610754148,36.89613513430271,12229800
2013-12-04,36.530391693115234,36.739394650220184,36.05267552958325,36.16464150115422,8267000
2013-12-05,35.97057342529297,36.455755585066285,35.85114436483678,36.35125551309379,9131500
2013-12-06,36.98571014404297,37.105139166658354,36.28406499210412,36.38110196279553,9826800
2013-12-09,36.993186950683594,37.47836625215588,36.91107893957249,37.090221102530045,6949400
2013-12-10,36.79909133911133,37.11259421127877,36.70952031023992,36.91852032674377,9262500
2013-12-11,36.35124588012695,36.76924605724817,36.26913788893167,36.67967499749543,8684900
2013-12-12,36.88865661621094,37.299196366633495,36.1422248480408,36.24672768741004,14566800
2013-12-13,37.12007522583008,37.29175430059998,36.71700112989393,36.903609191262916,8262500
2013-12-16,37.530601501464844,38.105354505400335,37.44849352270088,37.963533444979454,15584100
2013-12-17,36.8438720703125,37.39622997727961,36.75430105653076,37.343979981956,14939500
2013-12-18,37.50819778442383,37.52312676204729,36.57515803854264,36.82148189821272,15302100
2013-12-19,37.5903205871582,37.78439167810547,37.21710454137214,37.32160457860624,9069900
2013-12-20,38.09043502807617,38.1501509720466,37.51568188071895,37.56793475539954,10954900
2013-12-23,38.2472038269043,38.41888296593338,38.12777473682259,38.38155906175887,5408800
2013-12-24,38.27704620361328,38.29944110813511,38.0531170902871,38.239725159294444,2338000
2013-12-26,38.068031311035156,38.35167626317707,38.01578129977376,38.29196033750001,4185100
2013-12-27,38.2024040222168,38.314370002314604,37.993403896608264,38.06058291518431,4297500
2013-12-30,38.1501350402832,38.29942199045308,38.08295605507735,38.14266912669825,4159600
2013-12-31,38.10536575317383,38.32183178882662,38.00086569386919,38.22479479915243,4956300
2014-01-02,37.85157012939453,38.29196517090957,37.67242802457523,37.926215045912926,9196100
2014-01-03,38.00831985473633,38.23971482282646,37.776927734058596,37.82171183617047,7277400
2014-01-06,37.70974349975586,38.50096241373056,37.67988553755033,38.47856751837041,9264200
2014-01-07,38.22477722167969,38.344206212739465,37.77691921705847,37.82170330907354,9061100
2014-01-08,38.672637939453125,38.762208970584055,38.082956052400036,38.2397060687321,9960600
2014-01-09,38.896583557128906,39.03094158492728,38.598009529262995,38.72490448770054,8165200
2014-01-10,38.978675842285156,39.068246875567745,38.575601921395766,38.97120992852138,8603600
2014-01-13,38.4113883972168,39.16528627959109,38.366604301471945,38.86671235336944,9258500
2014-01-14,38.635318756103516,38.7846057243841,38.314355618306585,38.56067669566927,5626300
2014-01-15,38.896583557128906,39.06826262655727,38.0680433348433,38.82940454322972,5928600
2014-01-16,38.44125747680664,38.889115648250915,38.30689945589079,38.86672359390254,6213600
2014-01-17,37.985931396484375,38.47857649819735,37.91875238955021,38.36661338491552,7156400
2014-01-21,37.75453186035156,38.38153200573311,37.45595792191188,38.194924006061335,8217200
2014-01-22,37.53806686401367,38.12028292681066,37.403708872997115,37.91874594028582,9958500
2014-01-23,36.731929779052734,37.336540917402665,36.35871365974333,37.336540917402665,10797000
2014-01-24,35.72423553466797,36.68713348616253,35.716769620209334,36.410951599434526,11843000
2014-01-27,35.29877471923828,36.26913588049414,34.94048765265516,35.8436698109634,17878200
2014-01-28,36.17209243774414,36.67220333629256,35.90337647403597,36.246737342891954,13377900
2014-01-29,35.79142761230469,36.224356844576604,35.67946163378943,35.918319730369745,9845100
2014-01-30,36.485595703125,36.642345734357995,36.15716381207072,36.16462972636487,7203300
2014-01-31,35.798885345458984,36.269138398743046,35.65706426157261,35.83620638359617,12707000
2014-02-03,34.992740631103516,36.00788882930914,34.93302469125014,35.828743857161726,12990400
2014-02-04,35.545082092285156,35.895905955117726,34.9703292553215,34.98525823325176,9050700
2014-02-05,35.56003189086914,35.74663995314064,35.0972446937115,35.29131582561211,8655000
2014-02-06,35.6197395324707,36.03773967215375,35.50031051435949,35.69438160101056,9026300
2014-02-07,36.582637786865234,36.61249575572864,35.56002655630103,35.94070854077785,9367800
2014-02-10,36.485595703125,36.76923780323841,36.29152179524529,36.590095723946995,5927900
2014-02-11,36.575164794921875,36.80655971971312,36.02280391046388,36.5005227404276,10560200
2014-02-12,36.60502624511719,37.1126002368168,36.44827620728963,36.76177628294474,10448900
2014-02-13,37.01557159423828,37.127537559217735,36.05267340713587,36.38856845466145,11815500
2014-02-14,36.560245513916016,36.746853547070394,35.82874236564037,36.500532423961175,26846200
2014-02-18,37.448490142822266,37.64256404736879,36.57516611459877,36.68713204779192,14941000
2014-02-19,36.76178741455078,37.493290659993406,36.7095373861201,37.29175361572661,10267300
2014-02-20,36.73939514160156,36.92600319844039,36.508000126052735,36.724466155364894,9824800
2014-02-21,36.560245513916016,36.79910356856061,36.560245513916016,36.746853547070394,10718800
2014-02-24,36.91107940673828,37.17232958411346,36.575184287674915,36.64982638194972,10042200
2014-02-25,36.582637786865234,36.91853281804695,36.43335363737348,36.91106974953741,9343400
2014-02-26,36.366172790527344,36.58263593529954,36.03774084447817,36.56770979903593,13389700
2014-02-27,36.80656814575195,36.843889181542906,36.17209914765568,36.35124410582978,9634600
2014-02-28,37.149925231933594,37.47089125644761,36.724459171049894,36.80656715602964,11428800
2014-03-03,36.91107940673828,36.98572150101308,36.575184287674915,36.672221288162866,6970800
2014-03-04,37.50819778442383,37.64255573562363,37.27680290237721,37.35891085560058,10146000
2014-03-05,37.985931396484375,38.306897446568414,37.47835731018462,37.4932862947714,11290400
2014-03-06,38.262107849121094,38.41139483726134,37.97099978832447,38.269573764604964,11056800
2014-03-07,38.34815979003906,38.804596880337265,38.078786893838604,38.63997947613186,8327900
2014-03-10,38.176063537597656,38.39305870180387,37.87675966597714,38.355643577071355,6972500
2014-03-11,37.80942153930664,38.45292295205881,37.71963150745418,38.30327099605562,8507700
2014-03-12,37.3604621887207,37.65976604996022,36.93395604179695,36.96388699879553,13730900
2014-03-13,36.47004318237305,37.5924285514677,36.40269994605243,37.5924285514677,12580600
2014-03-14,36.35779571533203,36.73940540315334,36.11835378290043,36.45506989237393,9028400
2014-03-17,36.60472869873047,36.85165486283465,36.470045073478985,36.597247385139624,8936600
2014-03-18,37.2332649230957,37.26319588642436,36.72445281837733,36.799277372325214,8960800
2014-03-19,37.2108154296875,37.457741577684054,37.00878572342856,37.16591898794988,8075400
2014-03-20,37.69718551635742,37.786975550123174,37.21830153044179,37.263195120137816,8102300
2014-03-21,37.42780303955078,38.09375109145473,37.28563528438945,38.05633882476732,9942300
2014-03-24,37.19584274291992,37.62234886649007,36.97884759812163,37.50262789942429,6328900
2014-03-25,37.569976806640625,37.79445329705865,37.32305352349283,37.6522855191477,6949800
2014-03-26,37.1883544921875,37.90668016054777,37.1883544921875,37.75702826604626,6910100
2014-03-27,36.97135543823242,37.16590088224038,36.552330749267064,37.07611089688072,8736800
2014-03-28,37.32303237915039,37.42778782504091,36.8740767982844,37.05365960150516,7136500
2014-03-31,37.42032241821289,37.69717949754541,37.20333010912225,37.53256208327994,6061000
2014-04-01,37.3903923034668,37.82437975267766,37.36046134714243,37.65228103537222,7454700
2014-04-02,37.831851959228516,37.84681743265969,37.42030857580176,37.50261725248711,7252300
2014-04-03,38.03388595581055,38.093745002067166,37.75702894695952,38.026401791045636,10948700
2014-04-04,37.82437515258789,38.77466149251712,37.65976062157003,38.34815540707122,13127500
2014-04-07,37.13600540161133,37.67474864124743,36.81425457928541,37.57747726100912,9613000
2014-04-08,37.442771911621094,37.5026309728731,36.8067519027824,37.08360898098932,8870700
2014-04-09,38.23590850830078,38.310735875816576,37.038699171770226,37.65975347747634,11036800
2014-04-10,37.45774459838867,38.33320387507016,37.36047039396613,38.19851739336935,10503500
2014-04-11,36.96388626098633,37.39039239939691,36.7618565868382,37.03871079761611,10396900
2014-04-14,37.09108352661133,37.37542186521203,36.62716518264271,37.36793769993761,7639200
2014-04-15,37.29311752319336,37.480181715654325,36.67954720027123,37.15843107627162,8434500
2014-04-16,37.704647064208984,37.75702479431254,37.30807200646141,37.66723480761676,5829400
2014-04-17,38.02640914916992,38.325713001486015,37.584937536908875,37.607384326802006,7141000
2014-04-21,38.0189208984375,38.05633315955557,37.64479257851167,37.92164673603247,4144300
2014-04-22,38.16108703613281,38.30325476418354,37.76451194699963,37.93661062444181,5891900
2014-04-23,38.63997268676758,38.684869113036676,37.95157794354361,38.10122698902877,5886300
2014-04-24,39.2760009765625,39.45558101143325,38.550190961829124,38.77466743260416,8804300
2014-04-25,38.61753845214844,39.27600531291138,38.527748424799604,39.17124695090199,7314000
2014-04-28,38.99167251586914,39.53789978039078,38.55768208811627,39.485522019023904,9883100
2014-04-29,39.51543426513672,39.522915575627785,39.05151309225909,39.27599236820684,7941500
2014-04-30,39.75489044189453,39.807268197263575,39.19369775919168,39.478033329945475,7644000
2014-05-01,39.61270523071289,39.82221902949355,39.31340428932593,39.6725671316138,7400600
2014-05-02,39.17124557495117,39.88209016456254,39.051524591233616,39.635166884433445,8452800
2014-05-05,39.44808578491211,39.46305125826815,38.69234507947908,38.909340161583394,9258300
2014-05-06,37.816898345947266,38.98417709593916,37.555006760325504,38.64746382844032,21777600
2014-05-07,38.65494918823242,38.9318034265977,37.98151687396726,37.98151687396726,15405400
2014-05-08,39.18620300292969,39.47802266238127,38.5352204661244,38.54270177728117,9090200
2014-05-09,39.118865966796875,39.17872788300193,38.699843970854566,39.12635013350914,6764500
2014-05-12,39.941932678222656,39.98682624132228,39.37325614106996,39.61269799217467,7251400
2014-05-13,40.37592315673828,40.42081957776127,39.77731848162625,39.99431356834569,8377700
2014-05-14,39.94942855834961,40.40586564548909,39.76984853170746,40.360969211642015,5728800
2014-05-15,39.552860260009766,40.08412197489107,39.08894178042142,39.867126788461164,8794100
2014-05-16,39.283485412597656,39.590270613073486,38.93180377264729,39.590270613073486,7414000
2014-05-19,39.440616607666016,39.55285627329898,39.13383142322563,39.22362144310804,6778400
2014-05-20,39.2760009765625,39.58278615264213,39.126349044588075,39.433134220667704,5062000
2014-05-21,40.039215087890625,40.42830891759129,39.8446696002267,40.039215087890625,9914900
2014-05-22,40.06167984008789,40.21133180862811,39.77734138529887,40.03923018946383,4699500
2014-05-23,40.1065673828125,40.35349352181298,39.97936508408385,40.114051550016214,4604600
2014-05-27,40.21880340576172,40.563000852184715,40.10656374288008,40.15146017890738,6184400
2014-05-28,40.016754150390625,40.30857370588704,39.9119987052762,40.256195983329825,4842800
2014-05-29,40.540550231933594,40.63782440695103,39.96439220201941,40.14397507479215,7178200
2014-05-30,40.458251953125,40.49566422872842,40.24125675850203,40.37594323417328,8212300
2014-06-02,40.60041046142578,40.66027237220651,40.271178515250824,40.52558592732289,6661800
2014-06-03,40.84733963012695,40.86230510894628,40.15894187630395,40.49565801380579,9754100
2014-06-04,41.05685043334961,41.46839110865532,40.60789748835669,40.675240715542955,10717100
2014-06-05,41.11670684814453,41.20649685425721,40.652788486460686,41.12418815933191,6818200
2014-06-06,41.465450286865234,41.57794300766747,41.232960753130236,41.27045832673098,7690000
2014-06-09,41.30044174194336,41.56292751768898,41.11295108473065,41.27044255017803,6521300
2014-06-10,41.25545120239258,41.34544879568154,41.09795970545833,41.28545040015557,5083700
2014-06-11,41.08295822143555,41.18795254790725,40.7604740124834,41.1354553846714,5334200
2014-06-12,40.81296157836914,41.08294856059679,40.72296687125331,41.04545100437187,7891400
2014-06-13,41.02296447753906,41.13545717756998,40.79797621659626,40.84297215225625,5625600
2014-06-16,41.23295974731445,41.29295815231726,40.80548112475439,40.940474675129295,6035000
2014-06-17,41.412940979003906,41.51043406962725,41.022960033868614,41.06795596465457,7681700
2014-06-18,41.69043731689453,41.75793409166836,41.127965147406414,41.382952645342954,7471000
2014-06-19,41.772926330566406,41.87042229047465,41.52543724638723,41.84042309344429,6149600
2014-06-20,41.68293380737305,41.99791681022685,41.59293621151678,41.99791681022685,9187900
2014-06-23,41.787940979003906,41.83293692987385,41.45045704306972,41.675445380065206,5317000
2014-06-24,41.44294357299805,41.870425006205124,41.44294357299805,41.55543913871797,8767100
2014-06-25,41.16545104980469,41.3679413167219,41.060456732339595,41.27044536726977,7644900
2014-06-26,41.16545104980469,41.24794740235028,40.59548067175967,41.24794740235028,5940700
2014-06-27,40.95547103881836,41.1579613483737,40.66298598975436,40.95547103881836,6555000
2014-06-30,40.9329719543457,41.202956165518586,40.835475987019294,41.052965890716244,5421000
2014-07-01,41.53293228149414,41.78041846788014,41.202946885138864,41.24044730627412,6850700
2014-07-02,41.43544387817383,41.72043053756812,41.277952379908946,41.307951577925394,4718400
2014-07-03,41.72792434692383,41.99041300956353,41.51793570551661,41.630428394464474,3690000
2014-07-07,41.48044204711914,41.615435575268165,41.25545092628348,41.555437180143734,4264400
2014-07-08,41.19545364379883,41.36044636250815,41.0379621546022,41.32294593670635,7342700
2014-07-09,41.30044174194336,41.48793239915606,41.04545433369887,41.36044012547401,4087100
2014-07-10,40.85795974731445,40.92545649185531,39.84551144008175,40.550475213490586,8825100
2014-07-11,40.887977600097656,41.000470318427915,40.52799575185426,40.730486077906434,4044100
2014-07-14,41.32295608520508,41.435451668476624,41.15046495550182,41.19546376098674,5501100
2014-07-15,41.285438537597656,41.63792185783123,41.16544464190455,41.33793568815838,6686000
2014-07-16,41.2779426574707,41.592925579810675,41.150447526370975,41.5029308678393,5175900
2014-07-17,41.02296447753906,41.49544182813561,40.9929652798451,41.18795434309394,7546700
2014-07-18,41.397953033447266,41.44294897689756,40.977972775661975,41.180463103832665,4928400
2014-07-21,41.33046340942383,41.390458964699974,40.98548109916063,41.05297788689751,6565000
2014-07-22,41.02296447753906,41.28545030515884,40.90297054764417,41.097959610893014,8308600
2014-07-23,41.26295471191406,41.345451079879446,41.02296683831354,41.135459544818154,3877500
2014-07-24,41.375450134277344,41.54044288103814,41.172962677101665,41.3979509657601,4241400
2014-07-25,40.61798095703125,41.23295016092672,40.610482588589925,41.127955837463695,7389100
2014-07-28,40.46049880981445,40.62548870152873,40.09301573200082,40.602990730131644,7135500
2014-07-29,40.01051712036133,40.6029884616893,39.98052078046822,40.497994119860294,6326600
2014-07-30,39.7855224609375,40.30299857828855,39.71052733190035,40.243000186354195,6834900
2014-07-31,38.983070373535156,39.71803365667233,38.92307483046343,39.448046560646155,8272100
2014-08-01,39.03555679321289,39.30554381486425,38.7055742450171,38.86306572068687,9385500
2014-08-04,39.493038177490234,39.56803330790418,39.02056084541601,39.373044252299415,8888200
2014-08-05,39.1480598449707,40.27300407694756,38.810576003201426,40.14550890966533,22628800
2014-08-06,39.373050689697266,39.48554626459178,38.92307411188182,38.92307411188182,9990400
2014-08-07,39.043060302734375,39.74802423087432,38.98306191180464,39.62053194146975,13327800
2014-08-08,39.335548400878906,39.35804636880712,38.98306497863836,39.11805850796959,8128800
2014-08-11,39.673030853271484,39.778025181149616,39.29804947606053,39.4180434023328,6152200
2014-08-12,40.01051712036133,40.123012692824545,39.6955340948743,39.71803206501445,8064200
2014-08-13,40.145503997802734,40.33299468019244,40.01051047761168,40.20550238939021,8864600
2014-08-14,40.54298400878906,40.70047548691251,40.18300226127234,40.22799819166154,6442800
2014-08-15,40.4904899597168,40.77547374367502,40.063008562017785,40.73797617851008,5886300
2014-08-18,40.85795974731445,40.9104568974151,40.56547480793079,40.76796504155335,5614300
2014-08-19,40.962974548339844,41.172966114717475,40.87297979753889,41.00047212276678,5825400
2014-08-20,41.15045928955078,41.25545362701089,40.86547547669653,40.86547547669653,6276000
2014-08-21,41.68293380737305,41.81042611018119,41.04546371068919,41.105462107926705,8043700
2014-08-22,41.49544143676758,41.66043130076634,41.277951546859065,41.5479386017964,7236200
2014-08-25,41.91541290283203,42.065406008057245,41.6979230432995,41.77292102635237,8407700
2014-08-26,42.057918548583984,42.16291289120943,41.9154237742655,42.00541851638999,4749200
2014-08-27,42.11790084838867,42.23039638633811,41.99790694298678,42.20039719476754,6376900
2014-08-28,41.7954216003418,41.90041592229065,41.60043255399117,41.8704195880772,5346900
2014-08-29,42.04291534423828,42.0654133126206,41.8029274785568,41.96041897899508,4420100
2014-09-02,41.847930908203125,42.27540954929347,41.592943397650856,42.21541400257139,6048600
2014-09-03,41.68293380737305,42.04291560815498,41.66793420806367,41.94541964308455,5529300
2014-09-04,41.42045211791992,41.96042634088133,41.2254630156736,41.862930359317396,6436800
2014-09-05,41.2779426574707,41.51042923513678,40.977956469725704,41.292942252945984,5861100
2014-09-08,41.4879264831543,41.7054163011192,41.20293992378235,41.4879264831543,7415400
2014-09-09,41.40150451660156,41.52928555736825,40.97305495070799,41.36391915886056,6367700
2014-09-10,41.60445022583008,41.7472677025093,41.35640349729071,41.42405312641239,6888200
2014-09-11,41.66459274291992,41.81492560040265,41.36392702795447,41.401512392845724,4337300
2014-09-12,41.48418426513672,41.71720028999717,41.348885007780346,41.559352112201466,5654300
2014-09-15,41.64203643798828,41.679618928858325,41.145940103367,41.42405397663765,5698300
2014-09-16,41.80739212036133,41.89007530516467,41.439079764695165,41.50672938250156,6949600
2014-09-17,41.98027038574219,42.280935966223566,41.71719015334059,41.97275503654192,9117000
2014-09-18,42.341094970703125,42.453842478746495,41.91264526458261,41.91264526458261,7820600
2014-09-19,41.52177047729492,42.51396314009775,41.42405370777882,42.483896000652756,14719000
2014-09-22,41.28874969482422,41.626997806243516,41.266200776516236,41.401500021083955,8138200
2014-09-23,40.973052978515625,41.431566794227635,40.86782086357059,41.22861791510789,7676300
2014-09-24,41.33385467529297,41.454120364311684,40.927956899594726,40.96553938978303,6614000
2014-09-25,40.709957122802734,41.266187489975174,40.67988999649958,41.24363571156832,7623600
2014-09-26,40.980567932128906,41.1309007418006,40.70996944819182,40.8001679870509,6891200
2014-09-29,40.717491149902344,40.97305610600196,40.22139480775135,40.58971010553268,7013600
2014-09-30,40.604740142822266,41.05573573559027,40.56715765465161,40.80017080172572,8250900
2014-10-01,39.807960510253906,40.66485347606485,39.740310914671,40.61975565724876,14633100
2014-10-02,39.54488754272461,39.92823340925252,38.86087611500515,39.815485974325156,12801900
2014-10-03,40.101131439208984,40.266497851964964,39.86060003921508,40.12368322926873,7632900
2014-10-06,39.6651611328125,40.311590211607275,39.44717870068685,40.2364223725847,6800600
2014-10-07,38.34223937988281,39.33443487507445,38.33472402896657,39.304367736689215,17072000
2014-10-08,39.09390640258789,39.1239735454087,37.906282934771355,38.43244646469335,16323200
2014-10-09,37.89875793457031,39.086384057258286,37.74090976404395,38.96611837485344,18871700
2014-10-10,37.55299758911133,38.04157857753324,37.2974326342593,37.598098299035904,14919500
2014-10-13,37.440250396728516,37.92131317009836,37.36508254628929,37.58306501152259,10229900
2014-10-14,37.63566589355469,38.03404530444314,37.50788490038637,37.60559876550597,11581300
2014-10-15,37.35003662109375,37.432719795545786,36.50066169729952,36.929108267315186,15426500
2014-10-16,37.13206481933594,37.58306039715785,36.59086783206168,36.793816702289526,12584700
2014-10-17,38.15433120727539,38.31969763198528,37.56803623582858,37.6582348005064,10847400
2014-10-20,38.34223937988281,38.65042037993108,38.026543028918304,38.59028897052075,8868200
2014-10-21,39.19913101196289,39.236713496846654,38.537668382041424,38.57525086692519,9073000
2014-10-22,38.83833312988281,39.439664388449934,38.8308177794627,39.311880492428436,7556300
2014-10-23,38.800750732421875,39.266782745620674,38.72558575860785,39.1765813362119,6829100
2014-10-24,39.206634521484375,39.24421699501813,38.627855253515996,38.74812088923936,5757500
2014-10-27,38.89094924926758,39.274295174983195,38.71806466110591,39.09389523694308,7190000
2014-10-28,39.7177848815918,39.74033380398739,39.123971741384246,39.13148996042306,11132100
2014-10-29,39.356971740722656,39.91319929368443,39.086373312856175,39.740317601960676,8334100
2014-10-30,39.78542709350586,39.91320811972176,39.19161406408401,39.20664763199645,5578800
2014-10-31,40.26649475097656,40.424342932436325,39.92824659973404,40.3416597324259,9531100
2014-11-03,40.43937301635742,40.522056209240624,39.965825645437285,40.4318576658044,9718200
2014-11-04,40.13871765136719,40.4769629684711,39.762886972486825,40.43938047405516,15411900
2014-11-05,40.424346923828125,40.446898714377824,39.93576876144601,40.22891623234739,9067100
2014-11-06,40.522056579589844,40.62728869245386,40.138710615962346,40.311592353861805,7559600
2014-11-07,40.61225128173828,40.7400351690985,40.31910389010451,40.40930242583188,7421200
2014-11-10,40.86030960083008,40.86030960083008,40.589711068263995,40.66487605292774,6004800
2014-11-11,40.86030960083008,41.07077385177687,40.80769353809338,40.80769353809338,4608800
2014-11-12,40.852779388427734,40.95049613369131,40.461918142092465,40.597214501294964,6013400
2014-11-13,40.96553421020508,41.04821739858124,40.71748464507662,40.73251821272318,5844200
2014-11-14,40.5145378112793,41.00311584655579,40.296555385957895,40.89036839258111,9083800
2014-11-17,40.604740142822266,40.64984084904309,40.364208777697996,40.446891972089475,7493000
2014-11-18,40.507015228271484,40.74003119581474,40.43936561623373,40.67989693295475,7063400
2014-11-19,40.604740142822266,40.679905119163585,40.334141640217446,40.43937375403931,6351100
2014-11-20,40.927947998046875,40.94298156432455,40.356683948933835,40.40178464776684,7717900
2014-11-21,41.03318405151367,41.33384967134143,40.96553443042042,41.33384967134143,8386200
2014-11-24,41.41653823852539,41.48418787308718,41.160973270998674,41.2737236177218,8237700
2014-11-25,41.10083770751953,41.46915011723831,40.80769027645679,41.45411941539521,8199900
2014-11-26,41.048213958740234,41.191028538374916,40.87533224633206,41.12337892331436,3566900
2014-11-28,41.1910400390625,41.356406448128006,41.10835683452975,41.10835683452975,2894100
2014-12-01,40.91292953491211,41.13091202536787,40.52958062171602,41.01064631810963,7151100
2014-12-02,41.42146301269531,41.47420018610751,41.007098275616464,41.007098275616464,6009500
2014-12-03,41.36117935180664,41.73033944219061,41.285838505022554,41.44404997232997,7323300
2014-12-04,41.56460952758789,41.67761940720773,41.17284845921654,41.20298193634929,5441700
2014-12-05,41.68515396118164,42.09198319562528,41.58721225938939,41.72282296219079,6500700
2014-12-08,41.95635223388672,42.15976818986791,41.5495231958835,41.69266648018471,7526100
2014-12-09,41.88103103637695,41.89609921032987,41.27078292410509,41.45159813757982,5272700
2014-12-10,41.31599044799805,41.96390760524993,41.24065244671968,41.65501720167177,7678600
2014-12-11,41.57213592529297,42.107043106940125,41.270778228442744,41.338583566536045,7441200
2014-12-12,40.720802307128906,41.64747333218457,40.71326965809461,41.34611851349359,7115500
2014-12-15,40.291378021240234,41.127643065710956,39.99002313854017,41.029701363702166,8611100
2014-12-16,39.839332580566406,40.76600353078021,39.81672888736919,39.96740772152519,7867400
2014-12-17,40.69820022583008,40.82627537316685,39.914672548367875,40.06535139002751,8726900
2014-12-18,41.44404983520508,41.44404983520508,40.96187991322004,41.19543222653879,8562200
2014-12-19,42.024169921875,42.069374438940415,41.323515714141166,41.45159374217983,14856900
2014-12-22,42.28785705566406,42.363195040680054,41.87349239015629,41.986499367680274,10211600
2014-12-23,42.52140426635742,42.641946760331656,42.27278662989296,42.28785480088471,7167400
2014-12-24,42.40086364746094,42.73989032486855,42.38579547580284,42.687153161045124,3630600
2014-12-26,42.506343841552734,42.777565220911,42.4837430179263,42.604285533867724,3297000
2014-12-29,42.55907440185547,42.78509120963026,42.36319106088025,42.446064560988255,5126500
2014-12-30,42.57414627075195,42.78509781467288,42.37073312412404,42.52894462659467,4434300
2014-12-31,42.197444915771484,42.75495573527594,42.167311448361275,42.73988756459099,5054100
