Date,Close,High,Low,Open,Volume
2005-01-03,294.8476867675781,299.306738890546,294.4200982555983,299.306738890546,1474660
2005-01-04,292.34326171875,297.9018188270567,291.36592992370925,294.9087367095468,1584770
2005-01-05,296.00823974609375,297.9628846804407,293.3205913107083,293.5038328654412,1893350
2005-01-06,298.879150390625,300.77272736495456,297.718576967989,298.0850787438358,1804990
2005-01-07,297.1688537597656,299.9786760435676,296.8634386993753,299.91758930327836,1280370
2005-01-10,295.2751770019531,297.71849666045676,293.32053245978,296.31359531323704,1699870
2005-01-11,294.5422058105469,296.1303487486412,293.32054592521246,295.2141038346404,1295270
2005-01-12,293.62603759765625,294.35902253569725,291.42704550142264,293.8092791719027,1612300
2005-01-13,290.7551574707031,294.9087951210046,289.8389122265728,293.19847812171747,1543380
2005-01-14,290.205322265625,292.28214043391483,289.8999072808456,291.671310464356,1141110
2005-01-18,294.2369079589844,295.1531532376928,288.6172627931496,289.533508071858,1511480
2005-01-19,293.4427490234375,295.8860691962239,293.25950746689995,293.80925077756615,1276380
2005-01-20,291.79364013671875,293.5039575107418,289.83897573121124,290.14439087950547,1731840
2005-01-21,292.7707824707031,296.25252058137863,292.2821259756488,296.25252058137863,1937040
2005-01-24,295.3974304199219,297.9018374761643,294.1757702599065,294.9087551712829,1598150
2005-01-25,296.3136291503906,297.7796173846895,295.39738417382233,296.5579574159318,1269150
2005-01-26,296.1304626464844,297.3521230016944,293.99255702486687,296.3748096303725,1487690
2005-01-27,296.6190185546875,297.9017651394371,293.80919714072417,296.1914301460876,1236940
2005-01-28,295.51953125,296.9244513619246,294.48113148837007,296.2525346684869,1682050
2005-01-31,299.612060546875,301.1391352693362,298.81798914761475,299.3066456023828,1914920
2005-02-01,302.2386779785156,302.97168143841657,300.0397048809173,301.13919142971645,1874180
2005-02-02,303.4604187011719,303.88800727335627,300.83385644648837,302.5441734531115,1608430
2005-02-03,302.9057312011719,304.138307930373,300.4405777427697,303.4603869677867,1509990
2005-02-04,306.78839111328125,306.85002372146005,302.8441486890451,302.90578129722394,1404570
2005-02-07,306.4801940917969,308.0825475902994,305.30924996860864,306.6650918844865,946390
2005-02-08,304.9394226074219,307.4662082273441,304.56966469863454,306.911552556538,1098460
2005-02-09,303.09051513671875,305.9254444863582,302.350980615697,304.93937965070677,1060350
2005-02-10,301.8579406738281,305.06264670774635,301.67306174432696,305.06264670774635,1373160
2005-02-11,304.44647216796875,305.6174163763196,301.056885939378,301.9813185471755,999570
2005-02-14,303.52191162109375,304.8161204880075,302.5974794029584,304.50797641529573,960370
2005-02-15,304.44647216796875,305.2476395716747,303.3987743560798,304.3232069638773,950090
2005-02-16,303.09051513671875,304.1382125510276,302.2893480370396,302.7207572800191,822810
2005-02-17,300.74871826171875,303.58364846587534,300.2556950990951,303.1522390928585,1412470
2005-02-18,299.3312072753906,300.5637837619146,298.03699820301557,299.2079421036884,1649340
2005-02-22,295.51019287109375,299.82421028527034,295.20204877008115,297.667201578182,1741190
2005-02-23,298.1602478027344,298.8998012257243,295.63348102403944,297.85210367775943,1658700
2005-02-24,297.6673583984375,299.2697123293967,296.86619083677454,298.4685259601005,1278590
2005-02-25,297.5440673828125,298.34525368267236,295.57195555285386,296.1266114172912,1583600
2005-02-28,294.0927734375,297.4207263732465,293.3532199817227,297.3590937839941,2069780
2005-03-01,295.0788269042969,296.9276917816612,293.84625031938737,295.38697105052427,1242590
2005-03-02,296.6195373535156,298.34515579714844,293.47648221704696,293.6613611753244,1137510
2005-03-03,295.6334533691406,298.2218524922249,294.21597924227785,298.16021991147034,1172930
2005-03-04,298.2834777832031,300.0090771564206,295.94159023274767,296.92763627023044,1255040
2005-03-07,298.71502685546875,299.8243385707045,297.91384056545945,299.14641749689093,789950
2005-03-08,298.71502685546875,300.00921758736666,297.1126730830816,298.71502685546875,1192540
2005-03-09,295.0788269042969,297.91375681111407,293.96951550092876,296.74281281697523,1305980
2005-03-10,296.7426452636719,297.7903422923219,295.0170465421941,295.1402928465194,1196920
2005-03-11,294.5242004394531,297.3591306276883,292.55208899240586,296.74284227405576,1198730
2005-03-14,297.1742248535156,297.3591038198868,294.27766232952524,294.5241738872289,994270
2005-03-15,294.5858459472656,298.59172042144394,294.46258074808554,298.28357623112254,1065750
2005-03-16,291.93585205078125,293.90796384513163,291.504442604213,292.7370195285437,1142100
2005-03-17,291.1344909667969,292.7368437678925,289.65540330717783,292.18218824648784,958600
2005-03-18,288.73101806640625,291.2578034161321,283.8007125284527,290.3950037085148,3735780
2005-03-21,282.01361083984375,286.3892627881185,280.7194012766031,286.3892627881185,2447300
2005-03-22,273.87847900390625,283.5542115031422,273.5703348963844,282.8762907050694,4488250
2005-03-23,273.9400329589844,276.40518511159615,271.4748808063726,273.01560090175496,3678710
2005-03-24,274.3714904785156,277.94595420690837,274.3714904785156,275.1726575463073,1817030
2005-03-28,275.9123840332031,278.37753816775887,275.9123840332031,276.4054073370609,1225670
2005-03-29,273.3238220214844,276.77503977020257,272.76916639221014,275.2343192402055,1714690
2005-03-30,276.8366394042969,277.32966239216773,273.5703009848829,273.9400776295968,1335160
2005-03-31,276.9598693847656,278.5622222121115,276.03543723140683,277.3296460076332,1426130
2005-04-01,274.98785400390625,281.6437602907911,273.632012186239,280.4111836593215,1722130
2005-04-04,274.80291748046875,275.85061499255494,269.93424423411795,275.0494290104819,1935820
2005-04-05,276.9598693847656,277.6377900587528,274.4330844040609,276.2203349466508,1263880
2005-04-06,278.25408935546875,279.36340046108,274.67962574172486,278.56223341898533,1159850
2005-04-07,280.1646728515625,281.9519052104971,278.56231946479716,279.17860778219716,1283620
2005-04-08,279.794921875,282.1368101738098,279.486777687913,281.70541959646516,964340
2005-04-11,281.08905029296875,282.8762823019795,280.41112951503413,281.4588269725352,1131870
2005-04-12,286.265869140625,287.2519340229785,279.4250663533502,281.0890520177982,1501380
2005-04-13,282.3216857910156,287.12872720887293,281.58213227705585,286.57407147721665,1383860
2005-04-14,279.794921875,283.3077731308433,278.43907992876575,282.87636374587004,1577040
2005-04-15,281.9518737792969,285.77286844427385,281.33558553059896,283.8007385253906,2694460
2005-04-18,284.78680419921875,286.01938069970646,283.36932993908295,283.4925951121816,1854920
2005-04-19,285.6496276855469,288.4845576333796,285.6496276855469,286.88220428828924,1482910
2005-04-20,284.293701171875,287.3135279947007,282.8146134509196,284.7251103773132,1910910
2005-04-21,285.15667724609375,286.26598894824434,281.39731388804586,285.6497004897982,1755630
2005-04-22,285.4648132324219,287.806701783842,282.01359420325224,284.41711536026355,1253660
2005-04-25,288.2995300292969,289.655371204792,285.9576430617521,286.2657870736721,1221530
2005-04-26,287.3135681152344,290.51825549020424,287.1286703695328,288.4228793589502,1263250
2005-04-27,289.9636535644531,290.57994188233715,286.01941209152045,286.57406781609075,1217560
2005-04-28,287.3506774902344,290.7722595363049,286.97741019726675,289.34142372928613,1583070
2005-04-29,292.14105224609375,292.26546208516413,284.6135640235191,287.6618803657527,1710480
2005-05-02,289.46600341796875,293.75855132904627,287.1020074834639,292.141071433513,1518330
2005-05-03,291.1455383300781,291.58102001993655,288.159437838707,290.3990037146534,1445900
2005-05-04,292.2032165527344,293.57183845886277,289.59036357304495,291.14562868353397,1371310
2005-05-05,291.64324951171875,293.57178167271945,288.96820163318523,292.3897842144178,987170
2005-05-06,289.83929443359375,292.07888070246895,289.40383145517484,291.70561316012714,1130950
2005-05-09,291.45660400390625,292.140924267117,289.6525007537432,289.71471513861053,851870
2005-05-10,288.53265380859375,289.9012941216879,287.28844224583975,289.2791883403109,1230780
2005-05-11,290.5235900878906,291.7055880492433,287.84854107087267,288.968324616328,1041960
2005-05-12,288.7193603515625,292.3897814708657,287.47514851551625,291.7676755528426,992430
2005-05-13,285.6087951660156,290.5234275088543,284.6756364052805,290.5234275088543,1345470
2005-05-16,291.1455383300781,291.70542979906475,286.0442627567249,286.0442627567249,1269910
2005-05-17,293.3851623535156,293.8828395067883,289.65252674847136,289.714741138922,1350890
2005-05-18,296.9934387207031,299.4818630400809,294.25617576642173,294.7538530362289,1525350
2005-05-19,297.6156005859375,298.6109742972967,295.9981206781256,298.11329693420436,896290
2005-05-20,297.3667297363281,297.7399972108559,294.6294665650784,297.67778280090585,1096930
2005-05-23,296.1224365234375,298.424236166111,295.8113835438961,295.8113835438961,1093490
2005-05-24,296.8067321777344,297.3044093095213,294.8782000680201,294.8782000680201,917060
2005-05-25,295.1892395019531,296.433451259601,294.00724212922063,295.7491309958617,985120
2005-05-26,294.75372314453125,296.9933078420681,294.06942194639606,295.1892048025832,1233420
2005-05-27,294.1317443847656,295.12711790084825,292.7009080077017,294.256173193715,1139760
2005-05-31,293.0742492675781,294.87835354072894,292.5143574566245,294.19403288948536,1007370
2005-06-01,296.8690185546875,299.2330139816805,293.0741678027922,293.13638220564366,1472430
2005-06-02,296.8067321777344,297.24219492175655,295.1892530216783,296.4334648363113,802100
2005-06-03,295.87359619140625,297.67769966507024,295.18927584341867,296.8067551245256,964160
2005-06-06,296.68231201171875,296.74452640128897,294.31831708938086,295.8735819028048,601590
2005-06-07,296.49566650390625,299.2329285816325,296.30902334861923,296.993343614342,1146510
2005-06-08,297.0554504394531,298.4862858527423,296.74439761176785,297.36650326713846,797620
2005-06-09,296.6201171875,297.9887579076564,294.878228075635,297.1800277453978,717610
2005-06-10,296.371337890625,298.4864948025287,294.69166283639464,297.3667114330418,857030
2005-06-13,296.1224365234375,297.61548702820295,295.00265339115526,295.50033056435467,835020
2005-06-14,294.9403991699219,296.55787824214883,294.75375601630066,295.62471942953687,795980
2005-06-15,294.87835693359375,296.43362252923504,293.1364670605458,296.1225694101068,1153990
2005-06-16,295.749267578125,296.49580257154275,292.8253799884482,295.99810624753974,1024960
2005-06-17,295.2515563964844,296.7446072270074,294.5050214886372,296.7446072270074,2035640
2005-06-20,294.6916809082031,295.5004112818529,293.32303983030243,293.94514595931685,1124660
2005-06-21,294.3805236816406,294.8782008146878,293.6339889969043,293.8206131755055,962600
2005-06-22,295.1271667480469,295.7492729254185,293.32306263070404,295.18938116281885,1039120
2005-06-23,291.64324951171875,294.8782079098596,291.08335797727756,294.0072634134882,1235570
2005-06-24,292.0788269042969,293.6963066330697,291.2700965324966,291.82998825029466,1208010
2005-06-27,290.9589538574219,293.1985200388591,290.21241914016514,290.8967394667894,1167620
2005-06-28,292.5142822265625,293.44744133321655,291.89217615545977,292.4520678224181,867980
2005-06-29,291.021240234375,293.4474693313008,290.3991341039166,293.3230405111401,1071150
2005-06-30,287.599609375,292.1409947740492,287.41298516052194,291.1456213314378,1650360
2005-07-01,287.16412353515625,290.15022463853927,286.60423195141794,289.27928006548325,864630
2005-07-05,289.030517578125,289.77703355795825,286.2310399371114,286.79093166827954,928810
2005-07-06,288.03509521484375,291.2078398015012,287.7240421962532,290.21246634497754,1462170
2005-07-07,287.8485107421875,287.97292057569973,284.8623899603105,286.16881661580845,1581470
2005-07-08,289.3414611816406,290.64788738354946,287.22630489458936,287.848410801673,1238750
2005-07-11,286.85302734375,290.02577115398674,286.4797600157519,289.34145088351767,1454440
2005-07-12,286.16876220703125,287.59959842399894,285.48444180471984,287.41297421662705,1433620
2005-07-13,284.5513610839844,287.28862446114397,283.6182018200545,286.7909471144509,1842950
2005-07-14,289.2793273925781,289.90143347299227,284.55131738439644,285.3600666800374,1755850
2005-07-15,288.7816162109375,288.96824041907826,286.41760199186535,288.0350814080371,1358390
2005-07-18,279.9477844238281,284.9246339246962,279.32567823621963,284.3025277370877,3424230
2005-07-19,276.215087890625,280.8186688917681,275.3441432123282,280.56983026727903,3819170
2005-07-20,275.0329895019531,277.83246571926173,274.5352934500004,277.77025133962223,2751580
2005-07-21,274.6598815917969,276.3395758909579,274.3488284982614,275.5930408724032,1982860
2005-07-22,276.33953857421875,276.52616281106873,274.90868314607314,275.5930036564757,2187790
2005-07-25,277.02386474609375,278.392505888666,276.3395631599809,277.14829357184516,1517400
2005-07-26,277.4593200683594,278.6413178590602,276.89942837646646,277.1482670189554,1373300
2005-07-27,276.1528625488281,278.0813950362702,274.7220262758189,276.83718297794235,1840920
2005-07-28,275.58740234375,278.03790205221316,275.27323522278704,278.03790205221316,2403110
2005-07-29,273.3253173828125,275.8386536346085,273.3253173828125,275.1474823303178,1901000
2005-08-01,274.58184814453125,275.9013528516665,273.5765103117032,273.9535143959168,1752410
2005-08-02,276.9068298339844,277.0953223831991,275.14748294863324,276.1528212866576,1641310
2005-08-03,276.78118896484375,276.84402621395793,274.8961865428357,276.1528548241744,1616920
2005-08-04,275.96435546875,276.27852253136234,274.58201272316154,275.96435546875,1619360
2005-08-05,274.1421203613281,276.027122387673,273.3252938200049,274.89612884195896,1464510
2005-08-08,272.0687255859375,274.77055514452434,272.0058883269668,273.63956118400876,1441260
2005-08-09,273.9536437988281,274.8333076273557,272.13147890218534,272.13147890218534,1303060
2005-08-10,272.0687255859375,276.7812323801512,271.5032286056797,273.953728303623,1784210
2005-08-11,273.38818359375,274.01651772328046,270.30935019409793,272.06867808668886,1598650
2005-08-12,274.07940673828125,275.02190811059273,271.94305495418354,272.38289659802473,1125150
2005-08-15,275.1474304199219,277.4094364548261,273.45094027516643,274.26776673280085,1483350
2005-08-16,277.3465576171875,279.1687219475509,275.147389141694,275.147389141694,1777760
2005-08-17,277.0953063964844,279.0431457186717,275.9643128159796,277.0953063964844,1072160
2005-08-18,277.7864990234375,279.1688224864364,275.83865955146683,277.15816494701045,1330620
2005-08-19,277.4723205566406,278.98031844290693,276.96964181106284,278.85464396270413,981250
2005-08-22,277.7236328125,278.980300834276,276.02712331300944,278.2262923511175,955110
2005-08-23,273.70233154296875,277.7865030996756,272.57131868366304,277.7865030996756,1807200
2005-08-24,270.4976806640625,274.2676831820285,269.8693469110682,269.8693469110682,2080560
2005-08-25,271.88018798828125,273.325348829238,270.5606824692308,271.25185385304167,1436200
2005-08-26,270.81201171875,274.26784945530017,270.68633722187195,274.20501220686117,1710970
2005-08-29,273.57672119140625,274.64489705751697,269.61822319391655,270.1837201685238,1598930
2005-08-30,271.81732177734375,272.82266012165474,270.4349791570119,272.6969856379031,1645590
2005-08-31,275.0218811035156,275.0846991819761,270.309374704725,271.81737291729047,1544270
2005-09-01,274.64483642578125,276.7183312666675,272.57132240966024,273.9536650870743,1643560
2005-09-02,275.7130432128906,277.2838787352413,275.3988761084205,276.02721031736075,1082310
2005-09-06,278.3521423339844,279.16896939308344,276.467139112761,276.467139112761,1613060
2005-09-07,279.3574523925781,279.3574523925781,276.969770386941,278.3521136099542,1209780
2005-09-08,279.23175048828125,280.0485965582778,277.0954177691005,277.0954177691005,1256090
2005-09-09,280.2998352050781,282.12200019086316,278.72900001470583,278.9803298101186,1307670
2005-09-12,282.8132629394531,284.3212613746796,282.4362585368364,284.06993149801525,1715430
2005-09-13,283.3786926269531,284.1327012530394,281.17952317197677,281.61936473306645,1714100
2005-09-14,282.6246643066406,284.1954995221627,282.3104972635362,283.37867288018504,1255300
2005-09-15,282.9388732910156,283.50438939262017,282.1220465279562,282.75038070730574,1064670
2005-09-16,285.5777587890625,285.5777587890625,283.06442317815765,283.5042645801576,2423410
2005-09-19,285.0123291015625,285.3893333668559,283.8813163056823,284.50965035609346,1209560
2005-09-20,283.69281005859375,288.21682267314276,283.0016388014776,284.6981483257416,1773440
2005-09-21,281.6194152832031,284.82390458117953,281.6194152832031,282.75040925010785,1382440
2005-09-22,283.8814392089844,285.76644217630894,280.23710780892026,281.682269080439,1224380
2005-09-23,284.2584228515625,285.89209580549914,283.0645915612689,283.6929258377645,1070500
2005-09-26,283.31591796875,285.82925504396667,282.9389135724195,285.26375803709095,1128120
2005-09-27,283.31591796875,285.8920923058951,282.247761216927,284.32125663388473,1075120
2005-09-28,283.8814392089844,285.5151122823807,282.24778531082984,284.6354480660109,1254250
2005-09-29,286.7716369628906,287.7141379734009,283.0644701565965,283.3786371600999,1399840
2005-09-30,286.0177307128906,287.83989602728093,284.76106233396797,287.83989602728093,1206010
2005-10-03,285.9550476074219,287.9028884798135,285.0753831030267,287.4002093521248,1185770
2005-10-04,284.8866882324219,289.2850271042178,284.1326987881126,286.39468629627623,1587600
2005-10-05,284.44696044921875,287.7771247467149,284.13279328246466,285.2009501442832,1491020
2005-10-06,285.4521484375,287.0858207864796,283.2529792841287,284.949488872537,1293630
2005-10-07,285.3265686035156,287.4629010825239,284.32123003244163,287.4629010825239,1096390
2005-10-10,284.195556640625,286.7088934905982,283.81857145331975,285.01240262200935,1074370
2005-10-11,281.4937744140625,285.38945485506804,280.67694747090405,283.69294452667236,1670390
2005-10-12,280.2370910644531,283.19026987356943,279.23175237356844,279.29458963710636,1642360
2005-10-13,280.9910888671875,281.4937486053153,278.2892400428408,278.3520773039167,1396330
2005-10-14,283.0016784667969,283.06451571265694,280.237012226071,282.75034865859186,1313960
2005-10-17,281.5565185546875,286.39467969703844,279.8600087874208,284.94951891398557,1463610
2005-10-18,279.3574523925781,282.3106122959356,279.3574523925781,280.8654509788928,1226780
2005-10-19,282.05914306640625,282.31047284410323,276.4669740179088,279.7971367166677,2541010
2005-10-20,278.6033935546875,283.1902449356655,277.09539523877595,281.17956773095744,1658620
2005-10-21,278.4148254394531,280.0484978282608,277.53516159170556,278.60331798710126,1759570
2005-10-24,283.06451416015625,283.63001101932485,279.4201840230829,280.04851812776695,1406920
2005-10-25,283.8184814453125,284.1326484519267,280.9909783857852,283.8184814453125,1253310
2005-10-26,286.83465576171875,288.719658975925,283.0018120577838,283.0646493333062,1753740
2005-10-27,285.3265686035156,288.71956950255674,285.200894091417,286.206232662491,1316450
2005-10-28,288.40533447265625,288.90799405218826,285.38933864499654,286.20616525554453,1509170
2005-10-31,287.6512451171875,290.6044220491841,287.6512451171875,289.0335873354047,2357360
2005-11-01,285.26361083984375,288.7822847645443,284.76095135427096,288.7194475350401,1992670
2005-11-02,286.2062683105469,286.7717653349487,284.8239252062394,285.2637668781301,2091680
2005-11-03,288.3633728027344,288.9343855100878,286.840665795702,288.55370391776216,1607390
2005-11-04,289.3150939941406,291.09158244042396,287.6654865155793,289.8226565895725,1334290
2005-11-07,294.5812683105469,294.77161889586006,290.2669261153837,290.5841577286245,2281860
2005-11-08,295.65972900390625,296.29419194168287,293.05842708656763,293.43910872168806,1652840
2005-11-09,297.0553894042969,297.8801830181219,295.0251013917501,295.97679526720736,1311630
2005-11-10,302.8290100097656,303.20969146581933,296.86506507246776,297.0554154816262,2351960
2005-11-11,304.542236328125,304.98636816767976,301.94093418703414,303.082979190629,1325430
2005-11-14,306.0649108886719,306.57249284560567,302.63881496902405,304.2884224450832,1339400
2005-11-15,302.38494873046875,305.74759354063457,301.36980446403135,304.8593495683517,1495640
2005-11-16,302.5753479003906,303.9077238397833,299.21270233350174,303.7173927179861,1513050
2005-11-17,304.16156005859375,304.4787915603992,300.29133186411264,300.9892450405394,1504930
2005-11-18,307.14337158203125,307.5240530430519,304.5420708543642,304.5420708543642,1589980
2005-11-21,307.7778625488281,308.2219748256629,305.49379293480644,306.50893713684553,1501610
2005-11-22,310.3793029785156,311.01376596959005,304.7325668681342,307.7145506710935,1482740
2005-11-23,313.04400634765625,313.995700744353,309.30067892643683,309.5544602264349,1294610
2005-11-25,314.1859436035156,315.70865024410915,312.9170181759768,312.9170181759768,830370
2005-11-28,312.79022216796875,314.69361094383873,311.711627450067,313.9956978535654,1522890
2005-11-29,311.45770263671875,313.3610905355322,308.98330224071384,312.7266279025944,1543070
2005-11-30,308.03179931640625,312.47304050119476,307.9048989662166,312.02890863780596,1758220
2005-12-01,309.93511962890625,312.40952101039835,308.79309417968545,310.63303267555034,1849850
2005-12-02,309.4275207519531,310.44264576000853,308.28547607448814,309.3640705983825,1254390
2005-12-05,309.93511962890625,311.26749556117755,307.524168408431,308.15863129405824,1410530
2005-12-06,310.18890380859375,313.1708871438087,309.61789107864877,310.56958541598067,1430000
2005-12-07,308.98345947265625,310.25238538424827,306.4456076494722,309.3641411185884,1372440
2005-12-08,307.71453857421875,310.8234032358129,306.12838115888775,308.66623302341736,1086600
2005-12-09,310.3157958984375,312.47296580003444,306.6358996076942,307.7144942396278,1220030
2005-12-12,308.85650634765625,311.52125805145636,307.270349229268,310.886795204101,1022760
2005-12-13,313.678466796875,315.32807427721826,307.96830046187506,307.96830046187506,2066900
2005-12-14,314.9472961425781,315.2645275084273,311.1405197523884,314.05905219065374,1767620
2005-12-15,311.5212707519531,315.26459783150824,311.2674894751184,314.8204854376151,1459710
2005-12-16,313.23431396484375,314.12255807437873,312.47295080680266,313.297744759456,2795250
2005-12-19,311.96539306640625,315.20113813209105,310.95024862752075,312.4729556047141,1180830
2005-12-20,312.21923828125,314.18607740399386,311.26754380530366,311.26754380530366,874230
2005-12-21,312.599853515625,315.5183671318481,311.64815924191674,313.80532905653496,1475210
2005-12-22,312.09222412109375,313.36114962625146,311.52121151622606,312.4729056450944,1029650
2005-12-23,312.4095458984375,312.7902275325949,310.56960725599436,312.4095458984375,625380
2005-12-27,308.6662902832031,313.6785447730033,308.5393899215265,313.55166377360337,1012480
2005-12-28,307.52410888671875,310.2522910219642,307.27030829177477,309.42749717519706,922010
2005-12-29,308.2221984863281,310.76005115187974,306.8898413267369,308.2221984863281,922280
2005-12-30,307.9049072265625,309.04695232208286,305.9380872817825,306.7628814933176,1058900
2006-01-03,312.72674560546875,313.2977583175757,305.24009146391006,310.88680714989283,1537600
2006-01-04,306.9531555175781,311.5212963246818,306.76282438489545,309.99858917640455,1870960
2006-01-05,308.4758605957031,309.49098571584403,307.0800345121035,307.33381579213875,1143160
2006-01-06,308.4758605957031,310.25234891822026,305.8111087496568,310.1254485970674,1370210
2006-01-09,307.01654052734375,309.2371602946496,306.4455278882044,308.34891626018083,1680740
2006-01-10,307.96826171875,308.0317118758333,305.0497287533428,306.4455547600978,1365890
2006-01-11,310.75994873046875,314.5667264741442,308.22209690135173,314.5667264741442,1684340
2006-01-12,311.0772705078125,311.5214024517386,310.1255757956381,311.5214024517386,1230010
2006-01-13,310.3793029785156,312.09234143705226,309.17380780565514,311.52132861754,940880
2006-01-17,307.27032470703125,308.9833820030849,306.25519972209213,307.77790656176876,1237740
2006-01-18,306.82635498046875,308.7931944369499,305.24019725141574,307.27046752723743,1215070
2006-01-19,304.16156005859375,308.2221194092484,302.6388527223825,308.09523842589084,1696500
2006-01-20,289.88604736328125,300.73536503772885,289.50536581356477,299.5298895988498,4777680
2006-01-23,291.8529052734375,294.26385631122344,289.94951676078466,291.8529052734375,2024410
2006-01-24,291.9164123535156,294.13703271796624,291.78951201635215,293.69290090016693,2083740
2006-01-25,293.31219482421875,294.2004583858437,291.91638804302636,292.74118207908225,1591940
2006-01-26,298.260986328125,301.6870818074274,294.7079905353313,295.3424533782491,1988560
2006-01-27,297.3727111816406,300.54502506511335,295.6596539396584,298.26095519655956,1412760
2006-01-30,297.0553894042969,298.13396417912486,296.0402453980235,297.372620696116,1057630
2006-01-31,295.5328674316406,298.51485137519757,295.3425362702539,297.1190249841124,1887080
2006-02-01,293.9466247558594,296.4210453109737,292.5508181312574,295.59623200517916,1845250
2006-02-02,289.7144470214844,295.6139081130423,289.2014589131932,294.3314182730725,2325420
2006-02-03,288.9449157714844,292.47176223224113,287.3418037438677,289.00904416643675,1663510
2006-02-06,289.65032958984375,290.6121969412788,289.13732192753355,290.2274460868565,1147420
2006-02-07,288.8808288574219,290.996929210035,288.56020640585984,289.1373229048233,1207470
2006-02-08,290.8686828613281,291.9587874209536,289.00907661435684,290.6762976548713,1051350
2006-02-09,293.6259765625,295.61383926533347,291.31749147434624,291.76637064148963,1357740
2006-02-10,294.7161865234375,295.4215598908774,290.16334340913613,293.04894571928224,1272030
2006-02-13,292.9207458496094,296.4475938032547,291.18939586845886,295.3574889045852,1158300
2006-02-14,295.7421569824219,296.57576752831847,293.11304896724147,293.56190865763136,1518040
2006-02-15,296.5757751464844,297.9865217964995,293.4336789560781,295.22915690224113,1700050
2006-02-16,297.7941589355469,297.7941589355469,295.229179066043,296.8964198950692,1325990
2006-02-17,296.5117492675781,298.62786997430624,295.8063756986688,298.1789905479324,1313850
2006-02-21,296.0627746582031,297.34526444304396,294.7802848733623,296.25514029823285,1395640
2006-02-22,300.6156311035156,301.2568760671061,296.51166725038524,297.40940628556325,1515530
2006-02-23,300.1025390625,302.1545300632715,298.8200495793269,300.6155270280746,1257540
2006-02-24,300.42327880859375,301.9622628758348,299.65377699035116,299.65377699035116,1254600
2006-02-27,299.974365234375,302.21872245052987,299.5255055326892,301.3851118836548,1011450
2006-02-28,297.3451843261719,301.0002674865957,296.96043358053885,298.69178258203357,1656790
2006-03-01,298.3713073730469,299.140809243816,296.31933499973843,297.4735682366466,1006530
2006-03-02,295.293212890625,297.53756955754614,294.2030889675685,296.7039591946703,1280670
2006-03-03,294.4597473144531,297.1529648974791,293.69024539401903,294.97273554857804,1398560
2006-03-06,295.5497741699219,298.05062539715993,293.8825334953493,294.45966956791636,1214820
2006-03-07,297.5377197265625,297.79421384696013,293.690249212857,294.0108717556658,1560380
2006-03-08,299.33319091796875,300.1668212507107,296.96059589996446,297.21709001417486,1138820
2006-03-09,298.1147155761719,301.2568113084869,297.92234995614325,299.33307683124434,1335380
2006-03-10,301.3209228515625,302.60341243132586,298.69181529919996,298.82007208487147,1356280
2006-03-13,300.3590087890625,302.6033652033669,299.0123910266329,301.32087582376437,1044280
2006-03-14,302.53936767578125,303.116503801615,300.679761184882,301.0003836684592,1310920
2006-03-15,301.4492492675781,302.6676107359293,300.61561910663283,302.21873145163244,1151760
2006-03-16,303.4370422363281,305.5531422141031,302.2186614808185,302.4751750520235,1753160
2006-03-17,304.0142517089844,304.71962510727667,302.9882558177633,304.71962510727667,2092900
2006-03-20,303.9500427246094,305.9379055676687,303.3087979087347,304.2706651325467,1051010
2006-03-21,302.7958679199219,304.4630891053576,302.0904945734147,303.3088560432494,1606880
2006-03-22,305.68145751953125,306.5150680778203,300.74386386715,300.74386386715,1377320
2006-03-23,306.3227233886719,307.6693221412281,304.39898852017086,305.1043423165601,1379500
2006-03-24,306.57916259765625,307.79752388250995,304.9119220961114,306.1944117789552,868420
2006-03-27,305.4890441894531,306.6432966669038,304.5271769095309,305.424915790277,1227550
2006-03-28,305.2325744628906,307.8616824845075,304.2065787021083,304.7195863671202,1753870
2006-03-29,305.4249267578125,307.22042415301934,303.95007137000033,305.29668952409526,1423120
2006-03-30,303.1805725097656,305.7455520388474,303.11646367693123,304.71957588260733,1443260
2006-03-31,302.8599853515625,304.97610545112565,302.7317481017134,303.62948712762966,1293990
2006-04-03,304.0142517089844,306.899854145344,303.30887831069214,304.0142517089844,1145520
2006-04-04,309.1441650390625,310.2342696093056,304.0142059247673,304.14244316108005,1611820
2006-04-05,309.4647216796875,310.8113395746958,308.6310917593315,309.72121566701367,1276340
2006-04-06,306.83575439453125,308.88774636865065,305.61739272144285,308.1823729044693,1183440
2006-04-07,305.6171875,309.9776430554077,304.3346982696762,308.0539092099221,1255520
2006-04-10,307.3485412597656,309.4005318896284,305.87368644839944,307.1561756997554,1273400
2006-04-11,304.3990173339844,308.37472469700657,303.7577723171184,305.8738730450782,1020660
2006-04-12,305.2325744628906,306.7074299151618,304.4630727499935,304.5913295585568,787020
2006-04-13,308.1181945800781,308.9518051768433,304.0142308658049,304.0142308658049,1197840
2006-04-17,310.0418395996094,311.3884575013765,309.079972465381,310.4265903671481,1656020
2006-04-18,310.87548828125,311.6449899111956,307.15627606473805,310.61899426101456,1803670
2006-04-19,309.2724304199219,312.35041791014794,308.11819734186383,310.87554278902627,1445480
2006-04-20,309.72137451171875,312.4146116829977,309.4648803928462,309.72137451171875,1866460
2006-04-21,307.8616027832031,310.9395696994638,306.45085653119577,310.9395696994638,1579130
2006-04-24,307.79754638671875,308.5029196777032,306.5150566101074,307.6692895813612,1347680
2006-04-25,304.3348388671875,307.92581428491,304.07834481647336,307.79755747493215,1849030
2006-04-26,306.1944580078125,306.7074461307045,304.33485160077583,304.33485160077583,1219180
2006-04-27,311.9607238769531,313.83961109436956,305.481788801627,305.80573555539326,2464800
2006-04-28,323.6227111816406,323.6227111816406,313.58036478861675,313.58036478861675,4037230
2006-05-01,320.4481201171875,324.3354810087697,319.08753985070575,323.9467409651835,2076680
2006-05-02,321.3550720214844,323.10439181432594,319.15223878866715,321.67901866666733,1493670
2006-05-03,322.9749450683594,323.5580453276952,320.1890106225646,322.5214116599078,1180060
2006-05-04,319.9298400878906,323.16930796959116,319.15237965956817,322.97494780554626,1721280
2006-05-05,326.3438720703125,326.3438720703125,321.93818564618596,322.5212856777532,1894860
2006-05-08,324.9832763671875,328.61148272494654,324.33538308087816,326.6030095829608,1384770
2006-05-09,326.2143859863281,327.5749663271938,323.9467586755989,325.5664924689769,1253480
2006-05-10,325.8903503417969,327.6396702703785,323.9466703198776,324.5945636605174,1590980
2006-05-11,320.5777282714844,327.3806107086177,318.69884088613315,327.3806107086177,1480300
2006-05-12,317.4029846191406,322.65092531054705,317.14383120384093,320.3832983254328,1861800
2006-05-15,320.7721252441406,322.1327057582712,317.1439171305069,317.3382773016069,1329120
2006-05-16,320.9664306640625,322.0030642014328,317.8565498240918,321.61432415340136,938750
2006-05-17,316.36639404296875,319.0875547025883,314.3579399732134,318.8284012521819,2216110
2006-05-18,315.7183837890625,319.0226434333299,315.52402371616057,316.30150355203534,1645100
2006-05-19,316.17193603515625,317.9860293986352,315.4592494380271,317.0789827168957,2179010
2006-05-22,316.43121337890625,318.37489407505694,314.3579658329643,314.5523259937224,1804030
2006-05-23,314.4227294921875,318.9579843073684,314.3579559553984,317.3382504448038,1597440
2006-05-24,315.2649230957031,316.6902766703799,313.77475645637304,314.42264983726346,2015200
2006-05-25,317.9212951660156,318.24524186181463,315.848028404047,317.2086084808303,1279430
2006-05-26,321.1607666015625,322.45655340282417,318.5691929990391,319.34665321651363,1347710
2006-05-30,317.597412109375,321.35518662475965,316.81993197481347,321.35518662475965,1208930
2006-05-31,319.41156005859375,320.96650081844604,315.97773172341397,319.08761324311854,1666450
2006-06-01,322.8453369140625,323.49323044170234,319.21714897699263,319.9298160396833,1446490
2006-06-02,324.85382080078125,325.4369210391723,321.80873299045356,324.1411339440179,1427680
2006-06-05,321.4847106933594,326.6030645623853,321.03117740774275,324.0114909808899,1362090
2006-06-06,322.391845703125,323.29889275040097,318.69884443018515,321.80874544217204,1586960
2006-06-07,323.6227111816406,326.6030243881908,322.06777117843814,322.6508712081222,1665630
2006-06-08,323.6227111816406,325.24244447083805,318.5691512281987,323.29876452380114,2274910
2006-06-09,322.4566650390625,324.59470609249064,322.0031315927502,323.622865655088,1303290
2006-06-12,319.6058349609375,323.62278230987573,319.5410614328411,323.2988355808368,1354460
2006-06-13,312.3494567871094,319.99459209216246,311.5071833833098,319.0875451568047,2537680
2006-06-14,309.69305419921875,314.8762015498333,307.5550138259455,312.6733678802497,2341840
2006-06-15,315.3944396972656,317.0789661738286,310.729619960784,310.9887733174552,2025830
2006-06-16,313.3212890625,316.49596314163193,312.0902954120782,315.52412292727684,1889680
2006-06-19,309.8227844238281,315.97777475609956,308.85094384504845,313.904506945844,1287240
2006-06-20,311.05364990234375,314.2931171586228,309.3691229746508,309.82265629938547,1345810
2006-06-21,313.3860168457031,315.8480036318251,311.3127502463425,311.63669691673414,1596060
2006-06-22,312.0901794433594,317.4676853890557,311.312699651921,317.4676853890557,1046700
2006-06-23,309.3042297363281,312.15495604633253,308.72112977303016,310.3408628778204,1164290
2006-06-26,312.9325866699219,313.4508936044106,308.3973317906476,309.30437881207405,981130
2006-06-27,309.4339294433594,314.6170772739947,309.4339294433594,312.93255027461026,1242380
2006-06-28,310.0169677734375,311.1183943765758,307.94370114593113,309.7578143880332,979520
2006-06-29,316.56072998046875,319.3466637865377,310.34094917411727,311.96068272930574,2034810
2006-06-30,312.60858154296875,317.1438355757165,312.5437882452161,317.1438355757165,1989760
2006-07-03,317.2733459472656,317.79165266048835,314.2282396337143,314.8761329113095,632860
2006-07-05,317.5325622558594,319.0875024759339,315.3297286297424,317.14382225780633,1235750
2006-07-06,319.21710205078125,320.9664024549697,317.92131518598757,317.92131518598757,942690
2006-07-07,317.98602294921875,321.29028272552046,317.53250950361456,319.2170360338992,807950
2006-07-10,319.6706237792969,321.6143041262794,318.1156834561387,319.6058304799697,838870
2006-07-11,321.3550720214844,321.87337874492346,316.56066562720355,319.67054551210623,816870
2006-07-12,316.36639404296875,322.197435651747,315.5889336917495,320.83687509407815,1374150
2006-07-13,310.1465759277344,316.171976589123,309.88740275216463,316.171976589123,1632990
2006-07-14,308.26776123046875,311.0537155218738,307.1663539942657,310.0170818267497,1539690
2006-07-17,300.6225891113281,304.186003421915,300.1690557447607,303.92684997193686,3265410
2006-07-18,301.5943603515625,303.86198712112315,299.4563201634027,300.75210688886597,1655100
2006-07-19,306.129638671875,307.8141655057669,303.40847841926984,303.5380650111607,2614340
2006-07-20,305.22265625,307.42549037199893,304.8339161644373,306.1297032682181,1596560
2006-07-21,304.056396484375,307.490243726487,302.1775093824629,306.9719170890406,2451420
2006-07-24,307.490234375,308.59164137331584,304.50992055977446,305.15781400777394,1549850
2006-07-25,307.4253845214844,310.3409045011402,305.93523777407,309.0451178435154,1474990
2006-07-26,307.9436950683594,310.2761150352375,305.4169150092979,307.42538830778005,1390680
2006-07-27,306.5183410644531,310.5352678823855,306.323961200468,310.5352678823855,1072170
2006-07-28,313.1268310546875,316.36629762786714,308.3972177666992,308.3972177666992,2333850
2006-07-31,312.997314453125,314.55225470320346,312.15504114573474,313.126881273551,1776930
2006-08-01,314.2929992675781,314.6817391469434,311.7014264346517,312.9972128511149,1388420
2006-08-02,315.653564453125,316.3662311317232,312.8028186502095,315.52397790858134,1332120
2006-08-03,317.22442626953125,318.0752368150151,315.4573336313524,315.71911995511545,1195330
2006-08-04,317.4206848144531,320.8893977108498,314.60644755684916,319.645897991746,1485460
2006-08-07,315.6535339355469,317.8133151259691,314.8681752987633,316.37346099902095,918740
2006-08-08,316.1772155761719,318.7296668189282,315.1955020233415,317.2898122855716,1280420
2006-08-09,313.0358581542969,319.8424244314653,312.119595762531,318.6643556651759,1084320
2006-08-10,313.9521179199219,314.4756906852364,309.89435908316216,313.0358356210905,1203180
2006-08-11,311.79229736328125,313.6248417648128,309.0435107205114,313.6248417648128,782310
2006-08-14,312.3157958984375,315.7190573788548,310.6796067329449,313.8210819414858,1100160
2006-08-15,316.83172607421875,318.53336708061073,315.45732295470924,315.52277452668886,1256050
2006-08-16,317.6170349121094,318.79510310284525,316.9625592415936,318.00972430902135,1129060
2006-08-17,317.8788757324219,318.009758896953,316.6353558447821,317.4207347240268,1032270
2006-08-18,318.0752258300781,318.2715605728658,316.8971774273211,318.20612897394693,1180050
2006-08-21,317.35528564453125,318.27154769549395,316.63535832841245,317.7479750872338,820000
2006-08-22,316.8970031738281,318.8604294141294,316.8315516378838,318.4677401714682,1323140
2006-08-23,317.94427490234375,318.0751780265391,315.65361004001267,317.3552507894897,1039910
2006-08-24,318.8606872558594,319.1879252271921,317.4208321927869,318.59888090037657,1335960
2006-08-25,318.3370361328125,319.3842014436245,317.42077397573337,318.92606037857644,797180
2006-08-28,321.47845458984375,322.9837406299171,317.48614903932946,317.48614903932946,1287800
2006-08-29,322.3946838378906,322.9837078819791,319.18775739962194,322.0019944841615,1499430
2006-08-30,324.0963439941406,325.27439215358083,322.26380022355306,322.3947033403848,1364190
2006-08-31,322.9837341308594,325.33985047170506,322.3947100389009,324.09635072801234,1011950
2006-09-01,323.11474609375,325.3399600646222,322.0675807036282,325.2745084827986,744150
2006-09-05,323.44207763671875,325.14369941848446,321.4786494518897,322.7221499743432,775640
2006-09-06,321.5439453125,322.4602273902866,320.104110568722,322.06753792452315,1041370
2006-09-07,317.7479248046875,324.9471568805919,316.8971144576489,324.9471568805919,1420360
2006-09-08,318.8606872558594,319.3188084319128,317.2899290150455,317.4862837816576,919950
2006-09-11,320.16973876953125,321.7404775260967,318.14085872133023,318.6644316491764,1044540
2006-09-12,320.62762451171875,322.0020274037763,319.12233847037754,320.6930760728667,1098170
2006-09-13,322.6565856933594,323.9655373594582,319.8423476004539,320.69315819421115,1390750
2006-09-14,322.59112548828125,323.44195603230185,321.02038752557297,322.72202864059733,1329330
2006-09-15,321.9365539550781,324.4890048822156,321.87110239838006,323.8345292612567,1784870
2006-09-18,324.5545349121094,325.4053654088825,321.4130591611418,322.3293212574227,1246150
2006-09-19,325.2745361328125,325.3399877201998,322.656632421482,324.5546086175926,918360
2006-09-20,326.58349609375,328.2196859539392,324.8164030555375,326.12535494368876,1631750
2006-09-21,325.6017761230469,327.95789347251116,323.9655862932828,326.51803843311063,1401900
2006-09-22,323.9654846191406,324.9471982088956,322.46019843738867,324.9471982088956,1114150
2006-09-25,327.761474609375,328.350518811308,324.03097451089275,325.6017124456756,1625760
2006-09-26,328.7432861328125,329.46321372593223,326.2562853271505,327.7615721348371,1592360
2006-09-27,327.0415954589844,329.5285957395093,326.1907648565809,327.5651681581418,1588050
2006-09-28,326.7796630859375,328.3504205235495,325.60161498073904,327.1723524453405,1202520
2006-09-29,325.0780944824219,327.6959973331826,324.48905036258975,327.23785634509403,1690870
2006-10-02,323.8999938964844,326.25611022167453,322.52559104237247,325.1434936319145,1167880
2006-10-03,327.8267822265625,329.7902087761003,324.29261843199595,324.5544046439995,1508440
2006-10-04,333.97900390625,334.17535863661834,327.23791093029274,327.56514884122305,2093430
2006-10-05,333.717041015625,334.96054042467034,331.557279935336,334.5678711177134,1486980
2006-10-06,334.1100158691406,334.2409190653507,331.1648737116261,333.717326253534,1502320
2006-10-09,334.3062744140625,334.895318689586,332.8009878662154,333.7827016947293,992900
2006-10-10,332.6045837402344,335.9423940828187,332.53913217070993,335.0915835980452,2359550
2006-10-11,329.72491455078125,330.83753144891625,328.08872497882817,329.52857979135376,1980600
2006-10-12,328.4158935546875,331.09924788075676,326.91060745550897,330.5102237538179,1920870
2006-10-13,329.72491455078125,329.8558177057444,325.40539005923887,329.7903661282628,1969870
2006-10-16,328.2196960449219,329.39774479126834,326.3871713343781,329.20140999121776,1305680
2006-10-17,327.5650329589844,329.070318827534,324.8162274904043,326.9760089222915,1303900
2006-10-18,328.4813537597656,331.88463542963,325.27442678605513,328.4813537597656,1865610
2006-10-19,326.3871765136719,326.7798461200042,324.0310590105693,325.60179735496376,1814460
2006-10-20,326.6489562988281,327.1725290786907,323.96560086273456,326.38716990889685,2669420
2006-10-23,331.2956848144531,332.0810438543292,325.8635232501415,325.9289748300523,2073440
2006-10-24,330.3140869140625,331.49213587366313,328.8087799401006,330.51042174965426,1548670
2006-10-25,332.93182373046875,333.3244932040811,329.8557797004058,329.8557797004058,1416910
2006-10-26,332.6700744628906,333.4554534907415,330.96845319091096,332.93188078751984,1927800
2006-10-27,329.593994140625,332.14644558996457,329.2013046931078,331.4919698351075,1686820
2006-10-30,328.02325439453125,330.11756481394866,327.56511337961956,328.874064881636,1284730
2006-10-31,328.28509521484375,330.2485227939122,327.95785728499897,328.02330886557155,1813900
2006-11-01,327.8267822265625,331.88453841814373,326.7141858322957,330.837373597122,2084280
2006-11-02,328.75225830078125,329.6775722547905,326.96772856883433,329.1488271868799,1761520
2006-11-03,327.7608947753906,330.4046608476589,327.03385507145,328.8184052383648,1057540
2006-11-06,331.92474365234375,332.38739048067015,326.7693891814551,327.8268993424319,1529100
2006-11-07,333.6432189941406,335.4277688868931,331.72649292028177,332.12306180426356,1362750
2006-11-08,334.2380065917969,335.2294184917089,332.25518279197286,333.1143983704326,1075080
2006-11-09,334.5024108886719,334.56850905568655,332.51958690020354,334.2380383909418,1024100
2006-11-10,334.6346435546875,336.41919351375776,333.1144863083181,335.42778135212586,1165050
2006-11-13,335.03118896484375,336.7496406252606,333.7754043488844,333.7754043488844,809470
2006-11-14,335.4278564453125,336.0887980343673,330.73516712895605,336.0887980343673,1807300
2006-11-15,333.5771789550781,335.0973363179729,331.7926288592158,334.1059240803458,1514390
2006-11-16,334.8328857421875,335.42772891210376,333.24663056563446,333.77537556770915,1295170
2006-11-17,335.7582702636719,336.2870153770562,333.64324946946823,334.7007598665701,3011080
2006-11-20,335.2956237792969,336.3531342414258,333.444995598322,335.4278201509384,1342730
2006-11-21,334.5024108886719,336.08866604538076,333.44490072742303,336.0225678783661,1011050
2006-11-22,335.5599060058594,336.749592277472,334.3041013998676,335.0972390278279,1168650
2006-11-24,332.51953125,334.89892367201446,332.51953125,333.7753155317971,1013510
2006-11-27,329.7436218261719,334.0397404232686,328.2895630185824,332.4534852830217,2175140
2006-11-28,327.5625,329.47922566387894,326.70326424010466,328.1573431135725,1455710
2006-11-29,329.5455017089844,330.27254153816307,327.03391140548865,328.8184618798057,1326250
2006-11-30,327.7608947753906,329.7437193295918,326.8355806841636,328.6862088666176,1706140
2006-12-01,326.372802734375,328.02515596849054,322.73762561932074,327.7607834850976,1774090
2006-12-04,330.4707336425781,331.66042021555825,326.3068104668148,328.1574385070801,2077410
2006-12-05,333.8415222167969,334.238091111108,328.8844614637371,329.7436772594681,1577910
2006-12-06,335.62603759765625,335.82433212147697,332.98227197602733,333.7754097306484,1231670
2006-12-07,335.1634216308594,335.5599905447486,333.2466954124497,334.89904907837746,1984580
2006-12-08,342.69805908203125,348.3160600505891,332.7839397257526,333.6431553351658,5445830
2006-12-11,349.5058288574219,349.5058288574219,342.69814002628624,342.69814002628624,2675560
2006-12-12,345.3418884277344,346.1350261917774,342.0371813614402,344.94533971604403,2604950
2006-12-13,345.8045349121094,347.9856333779703,344.4826521642348,347.8534370350509,1408170
2006-12-14,351.0259094238281,351.62077273200543,345.672301012855,346.3332423149828,2096150
2006-12-15,357.3710632324219,357.4371412435873,351.6208643377132,352.61227654919173,3213990
2006-12-18,366.4260559082031,367.54962440696903,358.56083437278784,359.42005042388706,4547520
2006-12-19,365.0379333496094,365.0379333496094,360.4774618165771,364.3769919383877,2640580
2006-12-20,364.5751647949219,365.4344206628208,362.0635961996393,364.310812508427,1805360
2006-12-21,361.931396484375,366.4258290597084,361.2043772775332,364.64127969487316,1615380
2006-12-22,360.54345703125,364.17863395823787,359.9485937614817,363.1872220690593,964770
2006-12-26,364.310791015625,364.77345791550954,360.3451438862981,361.40263365119245,880630
2006-12-27,372.8369140625,374.5553853835653,364.3107968033831,364.3107968033831,2235020
2006-12-28,369.3340148925781,376.7365660121771,367.1529165259024,374.09280063665307,1530610
2006-12-29,368.1443176269531,370.7220049279289,367.1529056405251,369.1357296133812,1103800
2007-01-03,365.17010498046875,371.9777929870858,361.6671238062541,367.8799484467749,2282100
2007-01-04,363.91424560546875,371.118521554634,361.66706950124865,365.17005014948404,1658680
2007-01-05,361.9976501464844,363.84827818903113,359.948707390975,363.5178074549811,1317880
2007-01-08,363.8481750488281,364.50911632957076,358.89111544325823,360.8739392854862,1236940
2007-01-09,360.6759033203125,364.50935721380836,358.1643328618622,363.5840226730041,1963000
2007-01-10,357.76751708984375,360.1469299706987,356.577830819744,358.69285104472993,1744860
2007-01-11,358.03204345703125,359.4861229260433,355.5865516692388,358.6929850028849,1447750
2007-01-12,359.41998291015625,360.5435915385383,356.9084132553816,357.0406096247209,1842960
2007-01-16,361.9976501464844,362.2620025293249,359.15560990178767,361.0723159548781,1255190
2007-01-17,359.4859619140625,364.0464323334379,358.75890233486757,363.5176874017114,1404510
2007-01-18,359.4859619140625,361.60094164096864,357.37094184650385,360.2129811526049,1761490
2007-01-19,360.21307373046875,360.27915173617254,353.60365953357945,356.90836663202407,2395580
2007-01-22,361.40264892578125,367.0206492631043,361.27045261442004,364.64127702120413,2808250
2007-01-23,360.1469421386719,362.1958440985873,358.8911374918484,361.2044321165656,1626530
2007-01-24,362.39404296875,362.46016129151167,358.6927884761447,360.21294513058444,1506360
2007-01-25,356.4456481933594,362.7245907753808,355.8508252057726,361.53490445955026,1902680
2007-01-26,361.3367004394531,361.3367004394531,353.73587372961197,356.44571755076765,2110090
2007-01-29,357.3049011230469,360.8740007835442,356.5778817265973,359.88258869347953,2220680
2007-01-30,358.69293212890625,359.02340285311925,355.58649925317127,356.24744070159727,1692090
2007-01-31,364.37701416015625,365.43454468700253,357.0405801844432,357.10665819333025,1815610
2007-02-01,365.3113708496094,368.18152336253104,362.44121833668765,367.98128774343394,1875510
2007-02-02,364.8442077636719,366.71318259357696,362.57480234689916,365.31145147114813,1258560
2007-02-05,365.44500732421875,368.38193326800655,363.17556084586334,364.110048393354,1658800
2007-02-06,366.7798767089844,370.4510128725866,365.2446824612369,365.44491810403815,1553620
2007-02-07,366.7798767089844,368.3818433308013,365.97889339807597,366.7131450746185,1199300
2007-02-08,363.3758544921875,365.6452603383425,361.44014765484417,365.24478893599616,1399410
2007-02-09,356.4339599609375,363.7095009077075,355.69974899847296,363.10875321863296,1922970
2007-02-12,356.6342468261719,359.8381399020286,355.09905230437704,357.0347589229732,1530850
2007-02-13,358.5032043457031,359.43769189256267,357.10151376512727,357.30174945667903,1305190
2007-02-14,361.640380859375,363.375851983564,358.70349553644104,359.50443833560433,1416250
2007-02-15,361.8405456542969,363.9097561192345,360.70586333125846,361.77381401401476,1370810
2007-02-16,361.1063232421875,361.4400629124668,358.9703812044589,360.9728192261346,1725490
2007-02-20,361.7071228027344,364.777511913625,361.0396433664789,361.57361876754095,1610550
2007-02-21,358.7701416015625,361.44005893441135,357.70219096430515,360.50557157203207,1491600
2007-02-22,357.7021789550781,361.03957550909195,356.56745597877267,360.1050881780865,1909300
2007-02-23,358.9036865234375,360.63911669170875,354.7653060378945,358.236207114147,1773710
2007-02-26,351.6281433105469,361.7071067957988,348.2907462769622,359.7714002204357,3559730
2007-02-27,337.74456787109375,352.22887863327014,334.07343126379925,347.89026264283115,3161560
2007-02-28,336.20941162109375,340.54802810426924,330.80282392962687,340.4145240645366,4673630
2007-03-01,340.948486328125,343.4181683788893,331.06979886477956,332.07101801457225,3672380
2007-03-02,333.539306640625,341.81602284381773,332.7383235913637,339.8803579427673,2617310
2007-03-05,328.733642578125,337.4108757832329,328.26639879606097,331.069820748731,2491590
2007-03-06,337.6110534667969,339.34650388358756,330.7360241797209,332.7384622675901,2686810
2007-03-07,335.20806884765625,341.08187777290965,334.87432924122487,337.74448170859546,2080560
2007-03-08,337.0770263671875,342.0163891880524,335.80881984690484,337.8780096272874,1783090
2007-03-09,335.9424133300781,340.0807942440924,333.7397391993056,339.81380652670435,1570120
2007-03-12,336.1426086425781,338.0782947061153,334.407158238428,334.4739102481748,1098860
2007-03-13,325.39617919921875,334.34039830733946,325.39617919921875,333.80642298172296,2928670
2007-03-14,327.5988464355469,329.2008131205902,320.7238174966706,325.7299124627997,3044130
2007-03-15,334.60736083984375,334.87436885245165,327.46534463931437,327.73233228207084,2929270
2007-03-16,330.6025085449219,336.2760829279006,328.333082865701,333.8064215948686,3081450
2007-03-19,334.14007568359375,334.4070632769112,331.73714660404164,332.4713777630503,1681370
2007-03-20,338.0114440917969,340.01388158093056,333.20560633978454,334.1400730940774,1644510
2007-03-21,347.2895202636719,350.4266815608249,336.6766019818007,337.01034167852526,2927020
2007-03-22,346.02130126953125,348.42421056374394,345.02008227365843,346.42177257199825,2074200
2007-03-23,345.2203674316406,347.4897730372428,343.28466079947873,345.7543428247405,1514320
2007-03-26,344.0187683105469,347.15588770650794,340.81485618629017,347.0891560877533,2086930
2007-03-27,340.81500244140625,344.7531270207212,340.4145107077789,341.8162012206911,1711160
2007-03-28,340.1473693847656,344.75297131677064,339.1461506878147,341.6158112517191,2323610
2007-03-29,343.08441162109375,344.3526387770555,340.614729693,342.4169322210527,1781610
2007-03-30,342.6839904785156,346.6888674654571,339.88056843971344,343.7519413791472,1991310
2007-04-02,340.7482604980469,343.75191803426867,336.47639607605834,342.4836907786455,1881330
2007-04-03,343.15106201171875,344.8197601166964,341.48238427659106,341.54913627476014,2045210
2007-04-04,342.8174743652344,343.88546606969163,341.34903160378826,343.68523035626777,1533010
2007-04-05,344.2191467285156,345.48733318890294,340.7482455795671,341.81619636091546,1033960
2007-04-09,344.28582763671875,345.88779431236645,342.8173649739925,345.754290299445,1152640
2007-04-10,349.7591552734375,350.49336621190866,342.7506225818896,344.41932084178194,2153560
2007-04-11,345.7541809082031,350.29303073357704,342.6837932809569,349.825787206033,2427960
2007-04-12,344.7530517578125,345.8210023212006,342.5503782585104,345.7542706883773,2271040
2007-04-13,344.41937255859375,345.7543313669604,342.7506740481354,345.7543313669604,1690130
2007-04-16,353.2968444824219,357.7022330436869,348.75799263057837,348.82472427586765,3277250
2007-04-17,350.6269226074219,354.0978236545222,349.4921994732166,353.76408395268004,2253690
2007-04-18,353.6972961425781,355.7664656695403,351.42785023454593,351.89509389087056,2618800
2007-04-19,354.36474609375,356.9011590669852,351.42782113124616,351.8282923808149,2243980
2007-04-20,356.56744384765625,358.7701173504253,353.1632750345562,358.703385717497,2658760
2007-04-23,354.4981994628906,358.03587194077556,353.0965093887957,355.96666190318456,1514820
2007-04-24,352.4956970214844,355.76636091299633,349.5588134202388,355.4326213624213,1895740
2007-04-25,359.10394287109375,360.0384303937808,352.2956443564502,353.6973756404808,2675340
2007-04-26,357.50189208984375,359.43759833030776,355.56622658908253,359.0371270514476,2474200
2007-04-27,356.233642578125,357.43509694091165,354.76518025040997,356.76761776828624,1315900
2007-04-30,357.9023132324219,365.1778112157248,356.9678261660893,358.0358172047112,3049570
2007-05-01,361.7738342285156,362.57481765519225,358.70344528924966,359.1039166327332,2098920
2007-05-02,362.44134521484375,363.4425644005201,360.9061506114159,363.4425644005201,1934650
2007-05-03,363.7222595214844,364.73353549791113,361.02552358434644,363.7222595214844,1622800
2007-05-04,364.6661071777344,367.8347387555009,363.72223320844955,364.7335091117168,1770210
2007-05-07,363.250244140625,366.7560083324092,362.17156645803726,363.8570260551531,1602980
2007-05-08,362.1716003417969,364.059307037392,360.5535425176183,362.3738472825892,1539270
2007-05-09,364.8683776855469,365.0706246494736,360.2164917706098,361.5648597286873,2077140
2007-05-10,358.6658630371094,364.39642663826623,358.53101801670937,362.50871979943446,2086540
2007-05-11,358.05902099609375,362.44121595648124,356.643251391535,358.73320483615333,7673280
2007-05-14,356.37359619140625,359.3400218368696,354.4858894847114,358.53099292002327,2398490
2007-05-15,355.9017028808594,358.93553047869193,355.5646109255446,357.5197195770179,2467700
2007-05-16,370.1943054199219,371.070777272659,360.688330368832,362.7108817540778,6452370
2007-05-17,369.4527282714844,372.0820615928362,363.7221658804121,370.05951016069304,2236920
2007-05-18,370.8013000488281,374.50931304931646,369.0484376354448,370.8013000488281,2102100
2007-05-21,369.7225036621094,372.1495494817688,369.04831969565686,372.01470445869353,2331700
2007-05-22,371.340576171875,373.02603634072784,367.5651618532165,369.9922080367927,2128000
2007-05-23,370.8685302734375,374.37429462576534,369.7898525414525,371.61015721948024,1896970
2007-05-24,370.32916259765625,374.3068635791262,369.0482380341885,372.4191571205478,2243110
2007-05-25,371.61016845703125,371.8798173237228,367.29537510077574,370.53144954350785,1353860
2007-05-29,370.1943054199219,373.63266746418765,368.23919710353226,373.63266746418765,1592070
2007-05-30,372.1495361328125,372.41922616928923,367.7673405080602,369.2505534108377,1420020
2007-05-31,367.3627624511719,372.14945088523933,366.14919871393755,371.5426690166222,1954240
2007-06-01,367.49755859375,369.1156161102364,365.94694414398253,368.5762773210449,1736430
2007-06-04,365.070556640625,367.0257062751831,363.7221889337344,367.0257062751831,1571990
2007-06-05,363.3851623535156,365.00322035232176,361.83454744153227,364.73353030287933,1443580
2007-06-06,359.5422058105469,363.38506163085987,357.99159132836104,361.42991218663894,1939660
2007-06-07,354.0813903808594,362.3738440712168,353.7442984328861,359.00292459148454,2253720
2007-06-08,359.5422058105469,359.81189578523697,352.5981210258622,354.0813335888319,2264220
2007-06-11,360.4861755371094,362.50872743896457,356.0365366636737,358.66587059565495,1458110
2007-06-12,354.6206970214844,362.30640919596493,354.6206970214844,359.3399838639756,2056340
2007-06-13,361.90185546875,362.2389473686182,355.6319543609836,356.0364481812601,2318400
2007-06-14,361.8345031738281,365.54251458093125,361.16031928162755,361.42996814915625,1718320
2007-06-15,363.92437744140625,366.21661863472735,362.1715161633914,364.1940673990594,2697020
2007-06-18,363.78961181640625,367.3628193646421,363.7222098867456,366.2841004476376,1204740
2007-06-19,365.8121032714844,366.68857510629874,363.72215000903265,363.78955192759724,1825670
2007-06-20,360.2838439941406,366.95823901398427,360.0815559323065,366.0144063707197,1818900
2007-06-21,361.7671203613281,361.8345634511349,355.3623723184684,360.21650538073675,1662830
2007-06-22,353.3397216796875,361.36252555359624,352.5981359412889,359.7444679348352,3361160
2007-06-25,348.4858093261719,356.6434212157673,347.47453308453925,355.0253627695809,2561080
2007-06-26,344.8450622558594,351.9913950825323,344.6428153171647,350.1036884065167,2896420
2007-06-27,349.29473876953125,349.9015208722338,340.32809916193605,343.5641949366469,3066380
2007-06-28,349.29473876953125,353.0701941272594,345.3844795213614,350.71054995952755,2368240
2007-06-29,345.7889709472656,352.26112052996933,342.21578360008357,351.24984458586414,2657870
2007-07-02,348.1484375,348.89002302174123,343.9010683533254,345.85619673459564,1806070
2007-07-03,349.6317443847656,352.1262329753747,347.74403774689773,350.03627940289925,1005180
2007-07-05,347.2046203613281,350.5755390056128,346.32818974359594,349.6316653256494,1353840
2007-07-06,348.55303955078125,349.2272233796996,346.5978899873519,349.0249764608071,1259670
2007-07-09,347.87890625,349.6317680002183,347.20472232315893,347.406969271427,1789550
2007-07-10,343.83380126953125,346.2608469365712,342.2831864739823,345.6541060942718,3372870
2007-07-11,346.597900390625,347.33952731404463,342.48539537035083,343.63151614369633,2518900
2007-07-12,356.2387390136719,356.7106347580303,346.59787768325435,347.541751469799,3078750
2007-07-13,354.0813903808594,356.5084359466988,352.46333257102015,354.2836373198594,2035310
2007-07-16,351.8565979003906,357.1152241508488,351.11497091254284,355.09267242767874,1909230
2007-07-17,353.6768798828125,356.84555264330453,351.4520811016746,352.5982020340554,2332180
2007-07-18,347.87890625,353.2723776647287,341.743828400854,350.1037049787913,3645300
2007-07-19,344.7102355957031,351.4520749038488,342.68768380325946,347.8789083003159,2898500
2007-07-20,342.0137023925781,351.7893751779602,338.1034415082145,346.80043582513275,4763010
2007-07-23,342.8899230957031,345.92372996012267,342.0808942155519,343.22701503335634,2389950
2007-07-24,332.4400939941406,340.32803348801076,330.08045028175496,339.3841801179486,4597590
2007-07-25,331.7658996582031,337.42904027520274,326.84434486795493,335.00197413235725,4441470
2007-07-26,322.32745361328125,328.19284350795624,313.49563693108195,326.91189770850775,7731630
2007-07-27,316.6640625,324.889090525984,314.9111809290684,321.65301729845777,5591740
2007-07-30,318.14752197265625,321.2487734280941,314.84402348566624,319.0239737831437,4024890
2007-07-31,313.9674072265625,325.361109452761,313.4954703317641,320.7092452982134,4678890
2007-08-01,315.8551940917969,317.810323515573,307.63014132002706,312.8213661869664,6073780
2007-08-02,322.1982727050781,322.4710867275272,317.0829317302482,318.85625409773104,4127120
2007-08-03,311.83111572265625,324.58535019011924,311.62648964650316,321.65256376125956,4812400
2007-08-06,329.7689208984375,330.7919889053613,307.05681947047793,313.0588101186821,6282300
2007-08-07,331.4057312011719,336.93030102868545,323.4258155075331,326.90422908933243,5700090
2007-08-08,337.5440673828125,340.20403872818054,328.5410858435389,332.5651471931328,5397220
2007-08-09,319.8793029785156,332.224329281926,319.8793029785156,326.0859204827647,6659720
2007-08-10,320.561279296875,323.97150567237367,312.0357133581283,312.3085273052942,5158780
2007-08-13,317.4239196777344,326.7679498268966,316.7418742891641,325.60846434057777,3450030
2007-08-14,311.4218444824219,319.40176088503796,310.46698535916454,318.1740878429025,3882690
2007-08-15,311.080810546875,317.1510084818258,308.2844211479253,310.8761845043955,4611530
2007-08-16,324.31256103515625,329.63250639200305,304.60145475867,307.3978448316267,10234250
2007-08-17,332.9063415527344,340.34063175074795,323.2212891972046,340.34063175074795,8496920
2007-08-20,330.041748046875,335.4299022689085,325.33563919001966,334.20222893733677,3861920
2007-08-21,327.7909851074219,333.0427215852431,326.0176631117223,328.4048217328333,3366340
2007-08-22,330.3145446777344,332.6335154490166,323.9715314405419,330.791984734027,4091020
2007-08-23,329.7689208984375,334.2022155951073,327.0407395466407,332.8381249192089,2579860
2007-08-24,330.7919616699219,331.6104243338223,326.42687602931653,329.8371024382848,2356250
2007-08-27,325.9495544433594,329.9736189052522,325.33571762957536,329.6325961404413,2031540
2007-08-28,314.6957092285156,322.33462520485716,314.4228952610116,322.26641650938825,3899740
2007-08-29,320.2203369140625,320.56135963708067,312.71783700766275,316.4690869608626,2945400
2007-08-30,315.3095703125,318.7880059074643,313.74087426691466,318.1741692293819,3006840
2007-08-31,319.74267578125,321.72062285916843,316.53707688910094,321.10676573051194,2721150
2007-09-04,321.9936828613281,324.3808420976014,317.1511556762986,320.288569121133,2628660
2007-09-05,313.7407531738281,318.37865163413,312.8541028493003,318.37865163413,3525000
2007-09-06,311.4218444824219,316.400766148643,310.5351732281082,314.8320705043179,2703920
2007-09-07,310.19415283203125,314.08181885038914,307.39778412568285,308.4208519395278,4056690
2007-09-10,308.9665222167969,312.5813539964548,305.7609009673864,311.69470342842425,3173620
2007-09-11,313.8090515136719,316.0597927124999,309.98959361212246,310.60343022867823,3169350
2007-09-12,312.1039733886719,315.1049689298914,310.33065121883243,312.9906240664049,2887520
2007-09-13,316.1962585449219,317.6285580792426,313.1270541775379,313.6726821837676,2883470
2007-09-14,318.10601806640625,318.4470408175097,313.19530293914295,313.39990826405426,2864670
2007-09-17,313.9454650878906,317.28750394170606,311.35370109347474,317.1510865464748,2345880
2007-09-18,329.9053649902344,330.92843307995264,314.081903543509,317.0146904082853,4932530
2007-09-19,329.2232666015625,334.2021888443113,325.5402054199453,331.95144773498544,4179450
2007-09-20,321.9254150390625,330.5873995745491,320.69774169728976,329.8371455037445,3358440
2007-09-21,324.0396728515625,325.3355545453687,320.0837982741305,324.51709199435044,3810970
2007-09-24,317.7649230957031,324.3125625916583,316.53724979649934,323.9715399180604,3798890
2007-09-25,315.8552551269531,317.56036876852124,313.46809602875777,315.9916517296533,3223150
2007-09-26,317.4920654296875,320.6976864461324,313.80902522452635,316.1961836112157,3472180
2007-09-27,319.74267578125,319.81088444158524,316.60528554943625,319.4698619542698,2713730
2007-09-28,318.3105163574219,321.78893037008294,317.1510311436225,319.6063981282533,2098300
2007-10-01,325.4720153808594,328.9504296513689,312.78596903184734,312.9905742897467,5676440
2007-10-02,326.4267883300781,327.38164730517866,322.47091426985514,326.22216231189367,3301630
2007-10-03,326.63140869140625,329.0867753230106,324.99450454179185,325.67654967199496,3408980
2007-10-04,324.8580627441406,330.4508407166909,323.2893673884654,327.65445173041576,3565810
2007-10-05,329.4279479980469,332.6335698964487,326.0859295000721,326.358743513593,3702930
2007-10-08,326.0176086425781,329.2914173073841,324.5171008628275,329.22322943824184,1854830
2007-10-09,324.7900390625,327.04078063475794,319.19725826291284,327.04078063475794,4072870
2007-10-10,321.5161437988281,323.15304832307345,318.9925887281412,322.60742041978176,2914380
2007-10-11,329.564453125,333.8613322210923,321.4480935655671,322.6757881747224,6485410
2007-10-12,326.4951171875,333.04273589232724,322.8802643459055,326.2904910939915,4383000
2007-10-15,315.377685546875,330.45088811499375,311.62643707498137,321.03867300217104,7719530
2007-10-16,305.4880676269531,315.3777238916383,304.73781367848244,313.05877417175844,6428680
2007-10-17,304.601318359375,308.9664024429369,299.0767493846089,307.8069175517326,11455420
2007-10-18,298.9404296875,302.9645133804699,298.39480180423436,300.71375152966766,5730040
2007-10-19,288.9144592285156,300.4410232682121,288.437019083724,298.05386417300497,6995610
2007-10-22,290.61956787109375,294.9164458428367,286.9365266361176,287.1411319435815,5893160
2007-10-23,289.4600524902344,292.93848805963785,287.3457076684893,292.59746537272326,4364810
2007-10-24,285.2313537597656,291.9835980899493,280.66164190841255,287.89132627597485,7104000
2007-10-25,281.207275390625,288.30056332674553,275.81912155844867,284.75391935868527,6090200
2007-10-26,290.7557678222656,291.77883529639655,283.116876504038,288.3686103826268,5475830
2007-10-29,291.16510009765625,294.0296983458543,289.8692183432307,292.18816792710294,3418350
2007-10-30,287.20928955078125,292.05181550480756,285.1631535826888,289.8692621464271,3893960
2007-10-31,285.7770080566406,289.66467496454453,282.3667812301891,288.1641668351567,7346310
2007-11-01,266.0848693847656,282.59857141917513,263.45924653408775,266.84491865959666,17147470
2007-11-02,260.695556640625,268.77968410868044,252.33507433802595,267.6050600881489,13870850
2007-11-05,248.0511474609375,255.5825012028321,241.83259501762709,248.74209773241643,23018950
2007-11-06,242.38516235351562,251.0911333664289,238.51586064654333,249.01828412935967,15170590
2007-11-07,230.8465118408203,244.32004341418184,230.63921408801315,239.06881663503015,12075250
2007-11-08,227.3225860595703,234.92303726520944,214.5400090319045,233.54113704600232,19427110
2007-11-09,228.70452880859375,238.17055550491116,218.34027523720735,221.79502642766948,15395400
2007-11-12,231.95199584960938,242.24714984652115,230.08642183273096,232.09017324107586,11060630
2007-11-13,248.0511474609375,248.74209773241643,236.37409209016928,238.8615172847192,10571110
2007-11-14,249.01852416992188,259.1064043983926,248.32757375819284,258.48455324506307,11644730
2007-11-15,238.9305419921875,247.36014185290952,236.374039211304,247.01466679445574,8268660
2007-11-16,234.9229736328125,241.00332451592035,231.12274905934052,240.45057301240809,7969580
2007-11-19,221.1040802001953,229.18820656696624,220.4131299495697,226.977157330513,9815050
2007-11-20,216.9582977294922,226.28612263187483,212.8125977728777,220.4130476933376,12758130
2007-11-21,212.32901000976562,217.99481067084454,210.73983281967537,213.7109105528455,9203560
2007-11-23,219.03115844726562,219.0311584472656,214.26360748062197,216.26735834067551,3847530
2007-11-26,212.12159729003906,219.51476888736278,205.55757392112903,218.3401457447959,11085750
2007-11-27,209.49606323242188,213.8490401054507,204.52121444656999,212.88171425434675,19314170
2007-11-28,223.1077117919922,227.11523374330142,214.33266097721133,214.33266097721133,13887420
2007-11-29,223.1077117919922,224.28233502116078,219.72206160089982,223.1768109971404,7092070
2007-11-30,230.0863494873047,236.99584947190843,228.01349949192357,235.2684744757575,9452690
2007-12-03,228.4281005859375,230.43185160001738,226.0097753067769,230.0863765601373,5565540
2007-12-04,224.9042510986328,228.4971999500187,221.10402565764207,224.97335032387542,6470550
2007-12-05,232.78115844726562,233.19573285623613,226.07895299907574,226.76990331864977,6632750
2007-12-06,237.34130859375,237.82498199476424,231.81370897584608,231.81370897584608,5486960
2007-12-07,237.06500244140625,239.20695213952598,231.8137770452136,238.2396050534475,5342370
2007-12-10,240.2434539794922,243.42180883767074,237.3414539681364,237.96330508881775,5731210
2007-12-11,229.60269165039062,243.83626680275705,228.91174160499537,241.07246662117606,8569740
2007-12-12,217.44198608398438,235.6139637066783,211.43071229983448,234.43934020389716,17796660
2007-12-13,214.26364135742188,216.40559099591292,209.15061456904394,214.88549226249998,9543220
2007-12-14,212.12159729003906,221.44941997217433,209.15052146276804,211.70702317583218,10543370
2007-12-17,212.60533142089844,216.40555656365265,208.04505703236907,208.52870939886495,8684030
2007-12-18,209.9105987548828,216.82009866236572,206.73224566633692,215.71459554606471,8157850
2007-12-19,208.73614501953125,214.95469936319475,207.69971929558736,210.8780957329091,7530330
2007-12-20,206.52496337890625,210.3942878321237,202.72473814712734,210.3942878321237,9249920
2007-12-21,208.94329833984375,210.87797120037922,207.21592315336005,209.42697182650832,8559110
2007-12-24,214.0563507080078,215.16187517903512,209.35789806379847,209.4269972968862,3172470
2007-12-26,210.394287109375,213.8490373082153,209.08148625104002,212.8126122485632,4065330
2007-12-27,204.2448272705078,207.69957732215335,203.69205461057197,205.35035150425855,6152790
2007-12-28,202.37939453125,206.17962223052152,200.58291903800364,205.7650477188284,5748350
2007-12-31,203.41575622558594,205.14313190869404,198.99367869405495,201.3429054058562,6542020
2008-01-02,199.82275390625,206.5249564381059,199.33908045855722,205.41943219060892,6214650
2008-01-03,199.89187622070312,203.07025122746757,199.61550036927272,201.89564858735682,5965790
2008-01-04,195.1243438720703,200.582846559609,193.7424433898515,197.68086819862629,7545430
2008-01-07,195.26251220703125,198.71726287917926,192.98236411173872,195.81526388012503,6891880
2008-01-08,187.52381896972656,198.30264279533827,186.62559243680886,196.64436707281027,9998940
2008-01-09,189.9421844482422,190.7022338001779,183.10178245306935,187.59295824908804,10781020
2008-01-10,194.22604370117188,197.40441782812965,186.00374315191073,186.41829627124085,10559540
2008-01-11,197.33534240722656,202.2410920766535,190.70221757857342,192.7059685460513,8894630
2008-01-14,200.79014587402344,201.61927351824525,196.09167154558736,200.03009638555736,9431530
2008-01-15,186.14195251464844,195.95345235812758,184.5527757208748,195.26250225890016,22078200
2008-01-16,181.30535888671875,188.14576280489305,178.95613202714063,186.5565855109188,19821450
2008-01-17,172.4611358642578,190.49493629938115,169.97371147904735,183.23996080942183,23219430
2008-01-18,168.9373321533203,173.7739837896117,165.2752938058012,169.4900944489378,19718770
2008-01-22,168.5918731689453,175.36318821631102,154.49649126876764,154.49649126876764,21079670
2008-01-23,182.13446044921875,185.86558697422734,163.6169946569286,165.68984506928058,18963490
2008-01-24,188.836669921875,189.8730951598351,183.1017920396128,185.17464251553292,13578570
2008-01-25,184.06912231445312,194.15699908183785,180.19979711908454,193.46604890716938,11031670
2008-01-28,191.0476531982422,191.18585161691965,180.6834043809777,182.61805572575312,8367260
2008-01-29,192.84417724609375,196.02255192527764,190.01127761712283,192.77507801882643,8165430
2008-01-30,192.6369171142578,201.27379505313465,188.5603149443335,191.32411588477407,13495700
2008-01-31,196.90060424804688,200.60515076462943,184.8782661228031,188.7226157019162,13862060
2008-02-01,207.5250244140625,207.80460927374537,197.5996232440967,197.66950346079932,12037670
2008-02-04,204.23985290527344,206.47655298141993,202.07303304169696,205.0786074347198,8475970
2008-02-05,189.07215881347656,200.6052110146683,188.79257393539703,200.25572458432916,10920250
2008-02-06,188.1634521484375,193.6853320002515,186.90528853816835,190.88944130759091,7369580
2008-02-07,186.62574768066406,190.400196738351,183.89975787961004,186.9752340995417,10720340
2008-02-08,181.94265747070312,186.20639689870444,179.70595674177432,185.9967135378857,8185880
2008-02-11,180.40492248535156,183.4104976350374,177.39933667018497,183.34059607391322,7130470
2008-02-12,183.20082092285156,187.3247572071142,181.17380356254912,182.78143287186703,8506580
2008-02-13,184.10943603515625,187.25481371684214,179.28652785609606,185.78696653253056,10378810
2008-02-14,179.91555786132812,184.31909840427957,179.63597306438342,183.06093482159943,6563010
2008-02-15,178.09820556640625,181.45327589604705,174.74313523676543,178.1680964212162,8737640
2008-02-19,176.9799346923828,181.3135645036706,175.86158446086208,180.5446900537976,6995500
2008-02-20,178.1681671142578,181.03395993541145,171.1085480488823,175.51207893716375,7415690
2008-02-21,175.0927276611328,180.75441294151756,174.74324117877526,179.1467623240956,7836590
2008-02-22,175.5819854736328,175.93147191393285,169.57082509976038,175.37229147635688,8675360
2008-02-25,172.9258575439453,174.67328945391031,168.8019225026191,172.2967863225491,12003200
2008-02-26,174.3937225341797,178.02837914728724,170.54937193723384,170.96875990491048,10763990
2008-02-27,179.77581787109375,181.73293323508855,172.4365925941979,172.64628657333412,8775790
2008-02-28,174.8131103515625,178.93704581309453,174.1840284005884,177.95848810999578,6221650
2008-02-29,165.72645568847656,172.85597613870988,164.188706991062,172.3666973102046,10000490
2008-03-03,161.39288330078125,165.79641593050815,159.3658655923351,165.79641593050815,10214360
2008-03-04,154.4729461669922,157.26883659535403,148.3918866184003,155.38161268930492,18768120
2008-03-05,154.8224334716797,158.10760261315292,152.93520955342703,156.01068477832206,11233460
2008-03-06,147.9725341796875,153.42452395208267,147.3434629490365,153.42452395208267,8697280
2008-03-07,146.15524291992188,151.607223203889,142.59047673534604,145.03688197345247,10073740
2008-03-10,137.62771606445312,147.55313662677423,137.62771606445312,146.57456847805756,11678560
2008-03-11,150.20921325683594,150.69850262805386,141.89144326279356,146.08527902425544,13736630
2008-03-12,148.25210571289062,158.52700169986366,147.5531330516615,151.18778875695773,12005760
2008-03-13,147.27352905273438,148.8811682134869,140.07410892621706,144.61743096090095,13799010
2008-03-14,138.25686645507812,150.83838090298343,136.57932479606825,150.06950630941867,16764220
2008-03-17,130.1487274169922,135.1114383416454,125.74519684047254,127.56253030553717,18154640
2008-03-18,144.75729370117188,145.03687859854327,134.342590959145,138.67622086128256,15244380
2008-03-19,142.66033935546875,151.3275969957307,141.26239388668603,146.7842742221868,13711620
2008-03-20,157.2688446044922,158.24740203806303,144.12815678888828,144.82712943157492,18090680
2008-03-24,162.65101623535156,170.26982839405647,159.64543017881593,160.48420631774246,12883550
2008-03-25,163.69944763183594,166.70503317222997,161.3928349768601,161.3928349768601,9192670
2008-03-26,154.1234893798828,159.3657849370217,152.86533631307395,158.2474242853077,12323180
2008-03-27,152.30615234375,156.70968263950095,150.34903724828501,154.6826660054219,10665300
2008-03-28,145.59603881835938,153.56432460599413,144.68737203000276,152.7954609123683,8504380
2008-03-31,149.71995544433594,150.90820694280737,142.73022819982467,145.38632668583443,8964140
2008-04-01,166.6350860595703,166.91468153658425,157.82803651043116,158.0377304518224,13529120
2008-04-02,167.8932342529297,175.0926549321368,166.35549650238949,168.10292818833895,15337310
2008-04-03,170.26980590820312,172.9258944457682,164.67802260304677,165.65658041525703,7650630
2008-04-04,168.3126220703125,171.24830516868028,164.39837082883776,170.8289172979949,7337010
2008-04-07,171.94729614257812,176.07123109281474,170.4794491044382,173.6947280139458,8925050
2008-04-08,166.07595825195312,170.26979547381578,164.328526076177,169.92030903866055,7866930
2008-04-09,164.81776428222656,169.85036557353212,164.538168803807,168.52232171383932,8466120
2008-04-10,165.72645568847656,168.24275137742322,161.4627173283335,164.32851008390224,7752820
2008-04-11,163.280029296875,169.99016091254833,162.51115504980334,162.79073986756913,6947560
2008-04-14,157.33883666992188,161.81225989099627,155.03222348870324,161.67246741511562,7969290
2008-04-15,159.3657684326172,160.83361530279242,157.0591564932603,159.22597603199966,5511960
2008-04-16,163.8391876220703,165.3070344777035,160.06473951540846,163.55960282360516,7262330
2008-04-17,167.9631805419922,170.2697931151603,160.484173066369,161.11324437474238,8057380
2008-04-18,175.51205444335938,181.73290739173157,174.95287413367396,179.84567251335866,14507760
2008-04-21,174.9528350830078,175.4421137452182,169.3610545652319,173.48498843090167,6733510
2008-04-22,175.5819854736328,176.9799312348329,172.15702262488455,175.02280503605684,6071040
2008-04-23,172.1570281982422,177.1896309683904,171.10856884339964,175.23250470625496,6873340
2008-04-24,180.05531311035156,182.9211045126476,172.5762991252067,172.6462006386182,8548840
2008-04-25,185.92677307128906,186.2762594868366,180.40489197182958,183.13088174690878,9738850
2008-04-28,187.39459228515625,191.16904074295786,185.36757564401785,186.62571801963347,7506480
2008-04-29,183.9696502685547,189.98079930915023,183.55026232059387,187.32471119032695,5772890
2008-04-30,176.63037109375,180.89409748704003,176.4905787090557,178.30791170650738,14899760
2008-05-01,183.9929656982422,185.47963888040525,178.04629457412946,178.61264677696636,8451470
2008-05-02,186.82472229003906,191.14314583158668,185.76281592430803,189.86886683452556,7742090
2008-05-05,182.29388427734375,187.17864811765483,182.0107136323831,186.89547747269418,6301350
2008-05-06,183.14344787597656,185.12566432057636,177.33835148108747,180.52407036996928,7915920
2008-05-07,173.3031005859375,184.70088775102343,171.74564026054134,184.276120933975,8845620
2008-05-08,172.0288543701172,175.56854273164225,169.90504135320217,175.3561592694964,7901530
2008-05-09,167.28562927246094,174.5065894333888,166.64847905686017,172.80754379632415,8607690
2008-05-12,167.35641479492188,170.54213343291354,165.37419850643084,167.92276693546302,6880480
2008-05-13,163.0380096435547,169.05547843906643,162.25927406675729,167.78118876897483,6703870
2008-05-14,164.59548950195312,165.30342709120885,162.3300913767889,164.31231878715897,6436040
2008-05-15,167.99354553222656,168.0643327901716,162.82560040247708,164.87861452142747,7078400
2008-05-16,163.6751251220703,168.55989967544383,163.3919544822809,168.55989967544383,6731610
2008-05-19,162.7548370361328,166.57770625489354,161.90531414383142,164.38309554770112,5895800
2008-05-20,156.52500915527344,161.76374312371075,155.81707154860513,161.40977432037658,8973970
2008-05-21,149.09170532226562,157.72854434042696,148.73773642150266,156.6666376381381,11344910
2008-05-22,153.7639923095703,154.96748366016226,149.5871662097904,150.43668888066313,9170050
2008-05-23,149.5164337158203,154.25961394348644,149.23326296878145,153.97644319644758,6554880
2008-05-27,153.3392791748047,154.18880208279336,150.08276209153328,150.36593279343955,6872740
2008-05-28,152.9145050048828,156.38339454751178,149.51640273320933,156.0294257859264,7037320
2008-05-29,156.0293731689453,157.51604578716868,152.34810145032753,152.4188994996775,7268620
2008-05-30,154.96754455566406,158.7196161955419,154.7551719061928,157.65770973910125,5354940
2008-06-02,151.9234161376953,154.7551665909439,148.66689879555116,153.6224620887362,6272640
2008-06-03,151.64019775390625,154.04719153549505,148.87924605396378,153.19765796418835,7202840
2008-06-04,149.2332305908203,154.61354923313422,147.53417407040337,151.14465972430378,9114510
2008-06-05,150.2243194580078,153.33925061006235,147.9589218579568,150.71987349516465,8783690
2008-06-06,142.01231384277344,148.9500949981352,141.58754688122076,148.9500949981352,11425070
2008-06-09,138.7557373046875,143.7112993512835,137.33986243423152,142.6493931984415,11079870
2008-06-10,143.4281768798828,145.4103937225923,137.97704815561684,138.04784624383,9880060
2008-06-11,135.9947967529297,144.84401541716852,135.07447585139508,144.34845053015604,10889260
2008-06-12,140.80877685546875,143.21577104924742,137.69385590148454,137.90623933068116,9807660
2008-06-13,144.985595703125,145.1271810363653,140.87955622554486,143.0033686309551,6811990
2008-06-16,147.46340942382812,152.13579126670118,144.27769011184932,144.49007355976877,7399810
2008-06-17,144.8440399169922,151.07388226855556,144.1361023041081,150.08277393142612,7084320
2008-06-18,144.41929626464844,146.75549292350166,140.3132552888265,142.50786656277668,8570390
2008-06-19,142.79098510742188,146.61385391524072,137.41066683302762,145.12718091182197,15174540
2008-06-20,136.63192749023438,140.95035024477082,134.5081151458266,139.7468479411252,15160370
2008-06-23,131.32240295410156,137.9770109661782,130.5436674027385,137.33987155307656,8781290
2008-06-24,133.44619750976562,136.34874511868335,129.76492525615657,131.3223853478065,9313580
2008-06-25,133.44619750976562,139.74683593600415,132.73826012244592,135.42842435471428,12029140
2008-06-26,125.09254455566406,128.6322317858881,124.1014364521086,127.85350707659971,17332100
2008-06-27,122.1192398071289,126.72083435058595,119.71225621299818,126.08369481163099,12647440
2008-06-30,118.65033721923828,122.61478100178249,117.3760474739574,121.69446003006465,12464770
2008-07-01,121.26970672607422,123.1811359860941,115.03985401000168,117.3052520515908,13829670
2008-07-02,119.21665954589844,124.45540303803334,118.86269082895424,122.26079267207213,8926060
2008-07-03,119.07508850097656,121.19890105736354,117.3052447039874,120.06620750865204,5799810
2008-07-07,116.10173034667969,122.68555014264605,111.8541060657036,120.70332331773712,11539140
2008-07-08,123.11032104492188,123.25191717996934,114.0487301198441,116.95126724975329,10540450
2008-07-09,116.38493347167969,125.58812198325901,115.96017740635352,123.60590540719653,10100080
2008-07-10,115.2522964477539,119.14595503854103,113.6240370584242,113.97800602122302,10426350
2008-07-11,114.6151123046875,118.79195132521716,111.5001906641843,112.27892647544626,13624380
2008-07-14,107.74810791015625,120.20781484106963,107.25255371680349,118.65035417527328,11873880
2008-07-15,103.07572174072266,111.42937701067667,99.18206483269395,106.11984486336482,18911890
2008-07-16,116.59732055664062,117.09287471617417,103.21730423788222,107.11096103778519,15887210
2008-07-17,127.21639251708984,130.75608073850174,120.70336835014615,121.41130599442855,19573740
2008-07-18,136.9858856201172,144.98558032582815,133.94175266810555,140.1716038903525,21382430
2008-07-21,139.39288330078125,144.4192436507084,138.0478064308242,141.1627269729713,11700690
2008-07-22,147.88819885253906,148.5961366369979,133.09230347825897,134.7913498400508,13879600
2008-07-23,149.5164337158203,157.23296079875234,145.12722232308852,146.04754345437217,15657590
2008-07-24,134.93295288085938,151.1447246461138,134.93295288085938,149.51646549883907,11753780
2008-07-25,133.44619750976562,139.67604867863255,131.25158728816763,135.9947764250235,10217800
2008-07-28,123.39350891113281,135.00367963733441,121.97763390538779,133.23383588015315,12169000
2008-07-29,130.6144561767578,131.74716038862874,116.95126158155396,119.99539469897263,14725510
2008-07-30,133.16305541992188,138.89734300502485,127.71192772726938,133.8001948841768,10627940
2008-07-31,134.6034393310547,138.49246998089816,129.20201703062358,132.5148937705767,8496750
2008-08-01,135.89981079101562,137.3401903669442,130.35435162153544,136.47596481923188,8412710
2008-08-04,135.61180114746094,139.1407283229489,129.56219757475853,133.45123079775917,8680070
2008-08-05,143.4617919921875,144.18198172205715,137.55623840510108,139.5007484779045,9247840
2008-08-06,141.8773651123047,145.69437256443956,138.63651159451092,141.44524691424328,6739200
2008-08-07,133.01902770996094,141.7333269723766,132.01076658387973,138.92458071105537,10084520
2008-08-08,139.64468383789062,141.66121582972036,132.44279171650967,132.5868383503095,8209780
2008-08-11,142.74156188964844,147.63885286546898,138.34841237352506,138.56446044000091,7413170
2008-08-12,133.52316284179688,141.94939092486084,132.1548068396907,141.80534419687285,8300440
2008-08-13,128.26580810546875,132.65895930322927,125.52908466058763,132.65895930322927,9338300
2008-08-14,130.21031188964844,132.8750118259833,127.54561195331358,127.68964770866774,6408720
2008-08-15,133.59524536132812,135.03562536522384,131.0025569586249,132.22688875331812,6483280
2008-08-18,126.8974609375,134.3154192664125,126.82544853947185,134.3154192664125,7440310
2008-08-19,123.80059814453125,127.25751070999088,122.57627792051194,126.53732105007106,7837220
2008-08-20,125.9611587524414,126.1772178339017,121.35194963098856,123.87261327317526,8571760
2008-08-21,125.81715393066406,126.39330795966404,121.64005095694432,123.15245390941625,6095150
2008-08-22,130.642333984375,131.36252328084723,127.40148215024999,129.77810902645166,6242450
2008-08-25,126.82540130615234,131.7947054776538,126.53731885365166,129.63413653539718,6156450
2008-08-26,128.48182678222656,129.9222060555216,126.24924550215235,127.68962477544737,5032120
2008-08-27,130.49835205078125,131.36257736451734,127.5455813130812,129.70615009203195,5632720
2008-08-28,137.41213989257812,137.4841522391388,131.5065890029122,133.01898015130448,8076010
2008-08-29,136.76400756835938,137.91631538238656,134.17133147063083,135.7557464730019,5246040
2008-09-02,137.62820434570312,142.7415427006027,135.9717664603396,141.3731871805129,7979090
2008-09-03,141.22915649414062,141.58925122157166,135.1795584797678,137.70022157178508,6362760
2008-09-04,131.79470825195312,140.22092510628275,131.1465419513209,138.99660487774293,8057360
2008-09-05,137.3401641845703,138.13237719599405,129.13000656264228,129.99423194559967,8401440
2008-09-08,146.34246826171875,150.87966319526706,140.43691800991445,150.08745054413973,17043010
2008-09-09,135.97181701660156,146.77466247360027,135.46768642645281,144.1819751682315,11634880
2008-09-10,134.53138732910156,138.56444153179658,130.93044018961393,137.9882987808534,9026060
2008-09-11,134.02732849121094,134.5314591620757,126.96946613143102,128.4818581440253,13396690
2008-09-12,129.34603881835938,136.04379238851394,127.617577421852,131.00246587983523,10991620
2008-09-15,109.75686645507812,127.32949541579232,105.86784786786448,118.039045029775,26909750
2008-09-16,113.42984008789062,115.30233708185455,101.54671398344495,102.69902151653336,25736750
2008-09-17,101.04261016845703,109.68488597492427,93.84071366306769,108.02844758084032,31223420
2008-09-18,119.91157531738281,125.31299762897663,92.54436893864079,105.36374675600116,34223920
2008-09-19,148.71923828125,162.25881277782435,136.8361030190678,156.28123344809322,26540510
2008-09-22,144.10995483398438,148.07099794947976,140.4369831857453,143.749860005303,11772140
2008-09-23,143.9658966064453,144.03791996211484,130.4983532878318,142.52551740682415,8501110
2008-09-24,136.54794311523438,144.0379100417154,135.39563543921247,144.0379100417154,8743370
2008-09-25,139.78883361816406,145.2622690755873,137.12412277566142,138.996620504573,9354680
2008-09-26,145.11822509765625,147.06273509715004,130.7144310432983,132.1548104487341,11248610
2008-09-29,127.8336410522461,153.3283459143018,127.8336410522461,140.9410882468014,20118520
2008-09-30,147.71084594726562,152.46408925251805,136.4038639118164,137.48414797972163,11318420
2008-10-01,165.6436004638672,167.37205102954098,144.39800823045812,150.15952476833178,15699040
2008-10-02,162.0426788330078,169.2445756700304,158.44173041449653,166.7959351411317,10876560
2008-10-03,132.15478515625,150.519619060797,127.47355298450272,140.07687036997615,29571940
2008-10-06,125.38504028320312,130.4983809314918,115.95055013147449,124.08869653109349,15922150
2008-10-07,109.10868835449219,131.0744638978058,108.02840431137841,131.0744638978058,12775840
2008-10-08,103.70731353759766,117.3188940437184,101.18664966689217,105.07566952886312,15606320
2008-10-09,93.12053680419922,111.62941116771037,93.12053680419922,110.69316229555585,18930780
2008-10-10,101.61876678466797,106.58807110963077,86.42276035916008,86.71083732594617,26081660
2008-10-13,113.42984008789062,117.10281073404329,104.57150752127822,113.06974535745289,16383390
2008-10-14,134.09921264648438,138.63640632402243,125.02483628062217,133.09095226890432,25352210
2008-10-15,116.88674926757812,129.12996984789532,115.23031134416202,125.96112969239958,15327840
2008-10-16,114.51016235351562,121.56802361465861,105.50779109930842,115.30237541957494,17092760
2008-10-17,107.16423034667969,121.20792960005525,106.66009975081333,111.05325035961765,15737900
2008-10-20,108.67660522460938,110.90919735934965,105.79584685163925,109.3247824520603,10724810
2008-10-21,102.12290954589844,106.58808383294748,98.23387827197297,104.71558607262519,17137840
2008-10-22,95.9292221069336,102.26689077536301,93.69664164832601,98.66594391707558,13714880
2008-10-23,94.41686248779297,97.94578718936843,90.02370146081658,95.0650287426223,14477960
2008-10-24,87.4310302734375,92.18428117247076,86.06266875086138,86.42276359919134,12844550
2008-10-27,84.47825622558594,91.89620703355678,83.90210225261607,87.14295598769567,12208960
2008-10-28,96.57742309570312,97.58568407048492,83.10987520765974,88.51129683517736,15088930
2008-10-29,92.9764633178711,100.53845261828106,92.11223267248711,95.42510307660196,13053170
2008-10-30,95.60171508789062,98.44569745232938,93.04941366445196,98.22692701034326,10086960
2008-10-31,99.53955841064453,100.77924299326335,93.9245086231622,94.28912239023416,9197050
2008-11-03,102.01888275146484,103.76903474071689,98.15398742033886,99.53951467559638,7104590
2008-11-04,107.05059051513672,107.99858841342756,104.35245121009952,105.15459471855506,8020500
2008-11-05,92.10140228271484,106.467176629963,91.00756142692755,105.15456537759334,10737260
2008-11-06,84.00699615478516,95.31002111045586,82.47561969285863,91.00758380398698,15281210
2008-11-07,86.19467163085938,87.79897515921581,83.49653262728083,86.77805574363686,9972330
2008-11-10,81.74636840820312,89.54910282460794,80.57960599519328,88.965718836322,8991280
2008-11-11,78.75655364990234,82.32976877080499,75.40210895900802,80.87131407358457,14035220
2008-11-12,70.2975082397461,80.65253299776384,69.4224321987825,77.51685915077427,16091600
2008-11-13,68.91195678710938,72.19347853887649,60.307075301495686,71.3913298900456,27693000
2008-11-14,69.42243957519531,73.72488193395476,64.09908340551242,71.17258627952019,28156970
2008-11-17,64.82830047607422,71.53718862346071,63.80738126315137,68.25566615849864,16755820
2008-11-18,60.963401794433594,65.55753605711975,57.53603567460051,65.33876563944409,21271830
2008-11-19,46.670536041259766,60.74462179162674,45.57669535279274,59.723702703011895,34145120
2008-11-20,34.34661865234375,46.30595233717843,32.01309257101432,44.70165106992756,72437300
2008-11-21,27.491880416870117,40.3262847562802,22.241441266463276,39.66998160109339,102772530
2008-11-24,43.389034271240234,47.399785338329664,38.2844420040355,44.62872152106065,80378310
2008-11-25,44.33700942993164,47.98314790137424,41.93056043111099,46.597615226590435,46312050
2008-11-26,51.410526275634766,53.88990028674676,44.33702068560957,44.993326389074944,38172080
2008-11-28,60.452945709228516,61.83847872463567,54.10866471138403,54.3274351319715,25077460
2008-12-01,47.03514862060547,57.7547849180166,46.23299991188105,57.60894172136173,31481200
2008-12-02,52.65019989013672,54.40034622552703,43.31609537399145,50.46251836178929,32692380
2008-12-03,57.02555847167969,57.17140723359429,48.71237376719647,50.09790084223608,31407220
2008-12-04,53.96281433105469,59.06740487588418,53.23358711036476,55.4941903817911,25963510
2008-12-05,56.22342300415039,60.96340039402859,52.28559452138519,52.868978579410665,21521410
2008-12-08,61.765560150146484,62.9323284711381,58.48403676537583,60.01541879578642,22910990
2008-12-09,62.27604293823242,65.63048904328734,59.79666779499514,60.525895451031666,21702360
2008-12-10,60.52585983276367,64.39076636076263,58.702791765511755,63.66153913386186,16340030
2008-12-11,55.20248794555664,59.43200725145255,54.983723158841336,58.994472114460834,16549230
2008-12-12,56.15049362182617,57.244334406666944,50.82713291017632,51.556360100070165,14896130
2008-12-15,53.96281433105469,56.73387999510128,52.72313028130667,56.44218799411288,10147230
2008-12-16,60.01539993286133,60.74462712250211,54.108655245921426,55.34834480644792,20492970
2008-12-17,57.098480224609375,59.79661808343771,56.87970988424562,59.14031262590731,15419050
2008-12-18,54.18159484863281,58.702802236449614,53.74405398359753,58.33818855796235,11149680
2008-12-19,51.191749572753906,54.764964130068584,50.38960072851484,54.25450729197889,20240200
2008-12-22,49.222843170166016,52.86897970128942,47.691466939806745,52.13975239506474,13533270
2008-12-23,47.54561233520508,50.462521203955376,47.47269072619875,50.24375637693639,10685850
2008-12-24,49.44160461425781,49.58744782360841,47.618536679566326,47.76437988891692,3998030
2008-12-26,49.07699203491211,51.26467360145686,48.63945127075362,49.8791408299328,4805880
2008-12-29,47.91022491455078,49.95206330423635,47.47268970635017,49.80622008935682,6103560
2008-12-30,49.58745193481445,49.733295156256645,47.61854062753349,48.56653269403229,7337200
2008-12-31,48.93114471435547,51.33759673455413,48.27483911215928,49.0040663226968,9255840
2009-01-02,52.06683349609375,52.21267673952951,49.222845740591396,50.097916328332225,10470770
2009-01-05,51.629295349121094,54.69204780052539,51.26468169711759,51.920981819873646,12818480
2009-01-06,54.40035629272461,55.34835402253405,53.087750470945615,53.16067208933953,11249880
2009-01-07,52.13975143432617,54.254511696123274,51.62929455479981,52.65020831385253,10528730
2009-01-08,52.21267318725586,53.525284543127086,50.90006739494737,51.77513792315303,10532530
2009-01-09,49.222843170166016,53.16067173649186,48.566537481851235,53.01482293710923,14024850
2009-01-12,40.836727142333984,47.76438621112279,39.15950497677295,47.69146459679541,29449610
2009-01-13,43.024417877197266,43.461953217472974,36.89890642264627,37.77397988497953,27389790
2009-01-14,33.03400421142578,37.91982887250936,32.37770115000929,36.6072199678943,51309120
2009-01-15,27.92939567565918,33.836136495623634,24.50202795767197,33.836136495623634,63453460
2009-01-16,25.52294921875,32.66937444364386,25.085414059140852,30.773385042963284,42653170
2009-01-20,20.418363571166992,26.106335723921543,20.418363571166992,25.158340828759332,38431180
2009-01-21,26.76264762878418,26.76264762878418,21.658055544124927,22.75189670512334,31235310
2009-01-22,22.67896842956543,25.66880052191359,21.949741157816643,24.939573250164802,29362730
2009-01-23,25.304183959960938,26.106332753414698,21.730969628872092,21.87681562271304,26644640
2009-01-26,24.283275604248047,27.34603171239244,24.064507906905344,26.762650258884506,21284620
2009-01-27,25.8875675201416,26.543873161533735,24.28326700479067,25.45003228040099,17714240
2009-01-28,30.700458526611328,31.575531566748623,29.460774733345712,31.283842407889864,37601010
2009-01-29,28.507577896118164,29.896409729496018,28.507577896118164,29.165446193698116,16636040
2009-01-30,25.949199676513672,29.165439625020618,25.949199676513672,29.165439625020618,19739840
2009-02-02,26.680166244506836,27.191841223315226,24.267987388300778,24.779662367109168,17009390
2009-02-03,25.291336059570312,28.142094833378202,22.806061825249724,28.142094833378202,16658250
2009-02-04,25.51062774658203,27.922806784403324,25.218241225704805,25.94920473949335,18493540
2009-02-05,25.80301284790039,27.19184471313774,23.39083368211338,25.29133780342323,21841440
2009-02-06,28.58067512512207,29.750218536905983,23.24464149979707,23.24464149979707,26148360
2009-02-09,28.87306022644043,29.969505551495132,28.288289944092188,29.677119016118684,17448290
2009-02-10,24.48727798461914,29.457829376054953,23.829409699521285,29.311636113988257,29657680
2009-02-11,26.97255516052246,26.972555160522457,24.706566562276528,26.09539837373063,15698220
2009-02-12,26.38778305053711,26.753264825688067,24.92585594993329,25.6568195002352,13235750
2009-02-13,25.51062774658203,27.19184327061478,25.51062774658203,25.72991624303769,13606700
2009-02-17,22.367477416992188,24.194884285711225,22.367477416992188,23.756307417971698,19249840
2009-02-18,21.27104377746582,23.390838211546722,20.8324652821588,23.244644915043512,18635620
2009-02-19,18.347185134887695,22.00200283529551,18.274088502039078,21.928906202446893,23114110
2009-02-20,14.253788948059082,17.03144982641019,11.768513205186677,16.081197787553837,61771060
2009-02-23,15.642627716064453,18.12790478220876,15.05785713374922,17.25074890873591,38826810
2009-02-24,19.005054473876953,19.005054473876953,15.05785113121993,16.665970288641873,36277170
2009-02-25,18.4202823638916,21.563425130286287,15.788813255592464,19.66291958572567,43757850
2009-02-26,17.981700897216797,20.686264787849698,17.177640834627837,19.9553013480783,26164050
2009-02-27,10.96445083618164,14.107592851539568,10.233487447102863,11.40302914846931,186820940
2009-03-02,8.771562576293945,11.695416768391928,8.406080802281698,10.964453220367432,107799620
2009-03-03,8.917755126953125,10.16039301645377,8.844659190571416,9.648718673377171,51618540
2009-03-04,8.259885787963867,9.575619924497211,8.113693261038152,9.502523312483875,48175560
2009-03-05,7.455829620361328,8.113697370367548,7.090347769391642,8.040600721333087,57908530
2009-03-06,7.52892541885376,7.894407228534999,7.309636193624771,7.74821464408275,41521800
2009-03-09,7.675111770629883,7.821304236364605,7.2365336763250525,7.455822723477468,24061740
2009-03-10,10.598970413208008,10.598970413208008,7.675116506116144,9.06394683314434,111511620
2009-03-11,11.256837844848633,12.572573007515466,10.672067590909323,12.207091250252834,86438980
2009-03-12,12.20709228515625,12.20709228515625,10.818261071554035,11.25683879919064,51990900
2009-03-13,13.011144638061523,13.815204451470198,11.987796418360338,13.376626244683495,72675800
2009-03-16,17.031452178955078,19.589824907634316,14.034502383578536,14.326887559444236,147367850
2009-03-17,18.347185134887695,19.44363044501004,16.88525805472457,18.858858776423403,69616400
2009-03-18,22.513675689697266,24.5603729726871,18.420281123717587,19.005051377656894,129964780
2009-03-19,19.005054473876953,28.434486462816356,19.005054473876953,26.387786057982552,124562510
2009-03-20,19.1512508392334,20.613178341641973,17.543130028902883,20.540081687681003,60747130
2009-03-23,22.87916374206543,24.487284474169563,20.68627259512487,24.194897872548704,81343850
2009-03-24,22.00200080871582,22.879156139498516,20.90555559958582,22.29438591897672,52271150
2009-03-25,21.56342315673828,23.09844677893976,19.51672592327113,22.513675144947555,64079800
2009-03-26,20.540067672729492,22.586764221913185,20.101489442418195,22.148185991601892,43143240
2009-03-27,19.1512508392334,19.955309850195945,18.56647900174834,19.29744275295263,43150440
2009-03-30,16.8852596282959,17.762415121616275,16.44668118453449,17.323838072057306,44857360
2009-03-31,18.493379592895508,18.78576616518362,17.835512593652258,18.639572879039562,30679100
2009-04-01,19.589818954467773,20.10149390239129,17.76241041788675,18.127892125202955,38512130
2009-04-02,20.028400421142578,21.85580924413373,19.589822024784244,21.70961737481581,52594690
2009-04-03,20.832460403442383,20.832460403442383,19.29743672645354,20.101496880514578,27997320
2009-04-06,19.8822078704834,20.540074745375385,19.44362948915466,20.39388148686506,19565480
2009-04-07,20.17459487915039,21.124846965686938,19.078149520437897,19.15124615652587,36332010
2009-04-08,19.736011505126953,20.759359970996833,19.516723046084127,20.686263353248552,22628330
2009-04-09,22.221282958984375,22.51366798590487,21.12483806238118,22.07509114262502,54495400
2009-04-13,27.776622772216797,27.776622772216797,22.806069781185407,23.098455005210305,83474270
2009-04-14,29.31163215637207,32.7471608032586,28.14209179455733,30.84665701820861,122225470
2009-04-15,29.019245147705078,29.092340366323448,25.656812111586902,28.7268586964239,74633210
2009-04-16,29.31163215637207,30.700463775880724,29.01924846012047,30.627368548918867,73522350
2009-04-17,26.680166244506836,30.40807876878853,25.949202785753222,30.334983538274894,111530470
2009-04-20,21.490324020385742,25.07204445808302,20.466975523072527,24.925851218094536,83212170
2009-04-21,23.683216094970703,23.975599792046825,19.078145679081025,19.736012483007524,70991330
2009-04-22,23.75632095336914,24.633477977020757,22.36749016108963,23.390839092548077,48982860
2009-04-23,23.390827178955078,24.048695308724746,22.58676721583811,24.048695308724746,36173570
2009-04-24,23.317729949951172,23.82940344446934,22.58676661989501,23.610115003133256,32964010
2009-04-27,22.44057846069336,23.17154191030289,22.075096735888597,22.2943852130906,19385000
2009-04-28,21.124839782714844,21.782706495410785,20.832454731983525,21.197936393948147,32919880
2009-04-29,22.80606460571289,23.025353125416853,21.92890773849224,22.367486172102566,22935140
2009-04-30,22.294389724731445,23.97560544137449,22.294389724731445,23.829412164187087,26594860
2009-05-01,21.709617614746094,22.952254791592075,21.63652098217814,22.732966288090523,25310730
2009-05-04,23.390827178955078,23.683213634053573,22.29438215494156,22.440575382490806,31985380
2009-05-05,24.19489288330078,25.364436260206457,23.82941110084364,24.048702401041695,43485810
2009-05-06,28.215187072753906,29.092343739909836,25.218238147409,25.656815086784874,86731360
2009-05-07,27.849708557128906,32.23548960791484,25.583722796251305,32.01620111305645,103236360
2009-05-08,29.384735107421875,31.065950705571897,28.726866800647908,30.627373693325676,76724850
2009-05-11,28.215187072753906,29.457825452191127,27.70351490628344,29.01924851281525,49317220
2009-05-12,26.753259658813477,29.165441139667315,26.753259658813477,29.165441139667315,48135460
2009-05-13,24.92584800720215,26.6070658678928,24.92584800720215,26.09539098804798,39301550
2009-05-14,25.949199676513672,26.60706782592772,24.414177712419523,24.560368155930224,40135080
2009-05-15,25.437524795532227,26.753258307845208,25.218236341547392,26.607067864124634,23552890
2009-05-18,26.60706901550293,27.19183918090214,26.168489300150448,26.60706901550293,31057380
2009-05-19,27.557323455810547,28.28828692790948,26.75326196345911,27.776611939759356,31807320
2009-05-20,26.97255516052246,29.60402273249338,26.46088013586018,28.507577446104737,38251110
2009-05-21,27.191831588745117,27.33802478637774,26.3146751913527,26.82634998886522,17093820
2009-05-22,26.826366424560547,27.70352335936023,26.826366424560547,27.630425321557322,13459850
2009-05-26,27.557323455810547,27.922805191860014,26.89945521555977,26.89945521555977,18545490
2009-05-27,27.0456485748291,27.995900534642224,27.0456485748291,27.922805302504436,17682440
2009-05-28,26.826366424560547,27.484232034356538,26.68017313735976,27.484232034356538,15697060
2009-05-29,27.191831588745117,27.63040839323967,26.899445193479874,27.33802478637774,14770690
2009-06-01,26.97255516052246,27.557325422248823,26.753263872521085,27.48422739678018,23989270
2009-06-02,25.656814575195312,26.53397122486099,25.291332870201625,26.38777798518269,28698430
2009-06-03,24.779661178588867,25.291333344451342,24.26798622432222,25.21823811744361,21652750
2009-06-04,26.095401763916016,26.680172101612847,24.779667806996915,25.07205158164287,23279100
2009-06-05,25.291336059570312,26.826361087160898,25.291336059570312,26.753263063901645,18788620
2009-06-08,24.99895477294922,26.387783889643497,24.63347298617629,24.70656822816898,28826290
2009-06-09,24.92584800720215,25.291329665890764,24.706559569669732,24.99894601198213,20904210
2009-06-10,25.437524795532227,26.46087463200009,25.291331563407677,25.72991125978132,31512150
2009-06-11,25.437524795532227,25.949199713766156,25.291331563407677,25.583718027656772,16970930
2009-06-12,25.36443328857422,25.949203514314515,25.145144802472156,25.36443328857422,13907910
2009-06-15,24.63347625732422,25.364439927936775,24.487282965520684,25.21824663613324,13993380
2009-06-16,23.75632095336914,24.779671279030243,23.75632095336914,24.779671279030243,18616890
2009-06-17,22.513675689697266,24.04870074324303,21.928905435757954,23.537025725394443,33844650
2009-06-18,22.87916374206543,23.09845369328107,21.928911469405577,22.65987518505243,22568550
2009-06-19,23.17154884338379,23.53703067754314,22.879162260694265,23.463932637668204,20640720
2009-06-22,21.92890167236328,23.025346755981445,21.782708436866717,22.95225013823316,20456620
2009-06-23,22.00200080871582,22.36748254509249,21.197940709846716,22.14819266674518,24194470
2009-06-24,22.221282958984375,22.58676459118544,21.92889793206388,22.294379564264943,13120530
2009-06-25,22.148193359375,22.367483244580058,21.855808239970482,22.29438661617837,15376260
2009-06-26,22.148193359375,22.29438661617837,21.782711611568796,22.221289987776686,10314650
2009-06-29,22.07509994506836,22.14819518529386,21.855810041784828,22.07509994506836,10486130
2009-06-30,21.709617614746094,22.075099383383552,21.41723108447428,22.0020027508156,10893990
2009-07-01,21.709617614746094,22.440581152021014,21.63652098217814,21.928906118247646,8579260
2009-07-02,21.0517520904541,21.49033054946408,21.0517520904541,21.49033054946408,11834490
2009-07-06,20.39387321472168,20.978644617366324,19.955295011288612,20.905548017760534,18996350
2009-07-07,19.662914276123047,20.54007087343046,19.443625823897182,20.54007087343046,15369770
2009-07-08,19.1512508392334,19.809117936476714,18.639575655709315,19.809117936476714,21018320
2009-07-09,19.662914276123047,19.662914276123047,19.22433597746934,19.51672243937313,11436370
2009-07-10,18.93195343017578,19.58982026863707,18.71266494875607,19.58982026863707,15029170
2009-07-13,20.320789337158203,20.320789337158203,19.078151942700355,19.443633775341347,22319810
2009-07-14,21.34413719177246,21.417232434746477,20.68626885138718,21.197943917419646,21927220
2009-07-15,23.17154884338379,23.463932637668204,21.782716758216218,22.07510334090574,38800900
2009-07-16,22.148193359375,23.39083185959698,22.002001496773854,23.171543368594147,33323340
2009-07-17,22.07509994506836,23.390833787960183,21.70961816713148,23.244640519104497,44758640
2009-07-20,20.39387321472168,22.22128123385806,20.028391610894403,22.075089428848155,39246660
2009-07-21,19.370532989501953,20.61317151254713,19.224339730013494,20.46697825305867,36507960
2009-07-22,20.46698570251465,20.759370933710024,19.151251465034097,19.516733352579003,28412200
2009-07-23,20.247692108154297,21.051750946060263,20.174595469925826,20.61317390509425,22006020
2009-07-24,19.95530891418457,20.54008072424068,19.516731799395792,20.466984073708336,17814220
2009-07-27,19.662914276123047,20.905552556608217,18.712662457541665,19.88220412255089,61937110
2009-07-28,21.709617614746094,22.294387886885108,19.51672700292133,19.736015506422884,103746810
2009-07-29,23.53702163696289,23.53702163696289,21.563419932882653,21.928901626660327,107645930
2009-07-30,22.952255249023438,24.633472254783275,22.075099823333478,24.12179721081238,103950270
2009-07-31,23.17154884338379,23.244644094853616,21.855813403888597,22.36748852939271,110797830
2009-08-03,23.24463653564453,24.12179321005463,22.952251442241863,24.048697982355538,64248560
2009-08-04,23.75632095336914,23.75632095336914,22.732972021910694,22.95226058072227,83574080
2009-08-05,26.168495178222656,26.38778369095431,24.04870250394369,24.267991016675346,267446330
2009-08-06,27.776622772216797,27.84971803257098,26.241599997535417,27.84971803257098,128777960
2009-08-07,28.1420955657959,30.99285441379678,27.995902303877088,29.092347585661344,189881460
2009-08-10,28.79996109008789,30.042596726294278,28.580669824023914,29.23853804540729,95516100
2009-08-11,26.97255516052246,28.946154445298372,26.09539837373063,28.726865945701554,91585970
2009-08-12,29.092357635498047,29.16545568591115,27.264948201253127,27.557334826094518,98883010
2009-08-13,29.67711639404297,30.261889413129154,29.092346163361196,29.896407670402493,75554240
2009-08-14,29.530925750732422,33.112645134950085,28.580670994613314,30.408079697297143,112162930
2009-08-17,29.238544464111328,29.457832989911186,27.77661724090576,28.28829232670869,75873870
2009-08-18,30.261869430541992,30.334964615459178,29.384713269522898,29.75019477091397,56583680
2009-08-19,30.18878746032715,30.627367167529496,29.604017305794727,29.82330576519388,59364820
2009-08-20,32.74717330932617,32.96646186236169,30.40808890400175,30.62738024544251,105945050
2009-08-21,34.35529327392578,35.524834057250544,33.47813629222962,33.84361813556925,136681890
2009-08-24,35.232444763183594,36.54817863641353,34.79386494650378,36.182696850049396,120227490
2009-08-25,34.72077941894531,35.81722508480674,34.136008954833656,35.67103177167745,97316510
2009-08-26,33.8436164855957,34.72077342452794,33.47813466007436,34.64767817478569,72132960
2009-08-27,36.91366195678711,37.27914375833946,34.06290278931685,34.574577869171115,121601410
2009-08-28,38.229400634765625,39.691328022622095,36.91366654337585,38.66798052416569,135999640
2009-08-31,36.548179626464844,37.35223846288515,35.378638993779894,36.76746814654267,95323150
2009-09-01,33.185733795166016,36.694356956936,33.03954058250818,35.96339368205044,126786530
2009-09-02,33.331939697265625,34.13600134605177,31.43143541541636,32.30859231027175,99545100
2009-09-03,34.866966247558594,35.232448068207205,33.98980932032092,34.79386821038587,59180880
2009-09-04,35.45172882080078,36.0364990477929,35.086247080380154,35.59792207464991,57542050
2009-09-08,34.2090950012207,36.47508377325064,33.843613211061495,36.40198574217594,90059280
2009-09-09,34.062904357910156,34.79386799467565,33.33194072114466,34.4283861762929,79811170
2009-09-10,34.72077941894531,34.72077941894531,33.11265855133411,33.62433375308388,116711140
2009-09-11,33.69741439819336,34.720764357784525,33.69741439819336,34.64766912712986,48006390
2009-09-14,33.03954315185547,33.40502481772023,31.87000014804593,33.18573637588214,73800890
2009-09-15,30.11570167541504,32.96645811788575,30.042603640435843,32.45478581505595,131885930
2009-09-16,30.70044708251953,31.50450529551017,30.33496556963239,31.212121758242052,130674940
2009-09-17,32.30858612060547,33.331933311546884,31.358334161729736,31.87000636299826,115493420
2009-09-18,31.139049530029297,32.747170074092,31.139049530029297,32.60097679037631,125072600
2009-09-21,32.38167953491211,32.60096800720368,30.261887251554647,30.99285068479602,47905820
2009-09-22,33.98979949951172,34.20908797085999,33.18574084176667,33.33193129706272,67838110
2009-09-23,33.03954315185547,34.6476630393412,33.03954315185547,34.42837180909928,59869910
2009-09-24,32.38167953491211,33.91670441776153,31.50452285734162,33.77051117343241,66450380
2009-09-25,32.01622009277344,32.96647265942077,31.87002674673397,32.23550871762957,46116580
2009-09-28,33.405033111572266,33.405033111572266,32.45478110207464,32.60097157399388,31530720
2009-09-29,34.35529327392578,35.0131617072992,34.062906683892,34.79387037057127,50099310
2009-09-30,35.37863540649414,35.37863540649414,32.96645356501149,34.72076712456168,82481630
2009-10-01,33.112648010253906,34.72076836593609,33.03955277116116,34.72076836593609,48521050
2009-10-02,33.03954315185547,33.55121804174691,31.504518482181165,32.16238659609927,58853980
2009-10-05,34.13599395751953,34.209089187767745,33.25883725251948,33.47812573166841,30414280
2009-10-06,34.13599395751953,35.0862458927678,33.91670547837059,34.79385939496635,47709440
2009-10-07,33.91671371459961,34.35529077940018,33.331940576992224,33.91671371459961,36917480
2009-10-08,33.98979949951172,34.501474458260475,33.84360625581147,34.428376442208254,34461860
2009-10-09,33.8436164855957,34.1360030613748,33.55123269822165,33.8436164855957,28835270
2009-10-12,34.866966247558594,35.08625478226676,33.9167140715532,34.136002606261364,36251950
2009-10-13,35.305538177490234,35.67101994493507,34.64767266913229,35.08624967470425,45533930
2009-10-14,36.548179626464844,36.548179626464844,35.817216033935544,36.40198635027802,58527200
2009-10-15,34.72077941894531,35.30554988305697,33.91672037934247,35.08626130756579,83405090
2009-10-16,33.55122756958008,34.282191108887666,32.308588995076256,34.20909308191413,41099010
2009-10-19,33.185733795166016,34.06288749430581,32.96644258197747,34.06288749430581,30462400
2009-10-20,32.38167953491211,33.843606401394865,32.23548629058299,33.55122270114084,52459310
2009-10-21,32.30858612060547,33.331933311546884,32.23548810013541,32.30858612060547,39240270
2009-10-22,32.6009635925293,32.747156817061594,32.089291489272014,32.38167514993277,30679880
2009-10-23,32.6009635925293,33.62431337585153,32.6009635925293,33.18573649065848,33523070
2009-10-26,31.212148666381836,33.112653056467636,30.992860127280405,32.96645976759833,64038580
2009-10-27,31.212148666381836,31.650725744584694,30.919762088643225,31.431437205483267,33277340
2009-10-28,29.823318481445312,31.06595733242329,29.238548077574862,30.91976403435437,64507320
2009-10-29,31.50453758239746,31.79692420771567,30.481189970594745,30.627383283253852,44074000
2009-10-30,29.896408081054688,31.43143030622971,29.3847330765282,31.285237049450078,53583280
2009-11-02,29.165443420410156,30.042597349237017,27.849706950361195,29.969502117969558,69051660
2009-11-03,29.530925750732422,29.604020983478016,28.068998788585358,28.361382507972134,50739070
2009-11-04,29.019245147705078,30.48117182730328,28.946147140682857,30.04259215038151,48146650
2009-11-05,29.67711639404297,29.823309648814515,29.238539418132742,29.604021160859403,26644960
2009-11-06,29.67711639404297,29.67711639404297,28.946152908589653,29.165444184949173,25344420
2009-11-09,30.627382278442383,30.627382278442383,29.969513787262265,30.261900402987965,23410170
2009-11-10,30.554271697998047,31.13904190119143,30.261887990603494,30.334983220351063,24568590
2009-11-11,30.408071517944336,31.28522801697042,30.261881091776356,31.06593958931481,31834120
2009-11-12,29.67711639404297,30.481177901084266,29.604021160859403,30.261889413129154,20783380
2009-11-13,29.60401725769043,30.261885423222942,29.457824022193865,29.969498952229817,19618180
2009-11-16,30.554271697998047,31.06594667144386,30.554271697998047,30.846658193796877,36003680
2009-11-17,30.99285316467285,31.065948398483982,30.408080140566078,30.48117816278164,20027790
2009-11-18,31.358341217041016,31.504531714063777,30.919761360757754,30.992859397674128,30598000
2009-11-19,31.139049530029297,31.212147566089627,30.70047246728718,31.139049530029297,24821480
2009-11-20,30.70044708251953,30.91973543257128,30.627351895303164,30.627351895303164,12444070
2009-11-23,31.285255432128906,31.285255432128906,30.919773469631124,31.139062089448576,22623430
2009-11-24,30.77356719970703,31.431435571210613,30.77356719970703,31.358340324779064,19323450
2009-11-25,30.481178283691406,30.99285328761228,30.26188979298373,30.919755265106758,20097990
2009-11-27,29.67711639404297,30.188791391541177,28.873057675406084,29.092346163361196,25806580
2009-11-30,30.0425968170166,30.40807854368787,29.677115090345332,29.823308338694698,25016920
2009-12-01,29.969507217407227,30.408084256446383,29.604025422072993,30.33498901274146,24623940
2009-12-02,29.969507217407227,29.969507217407227,29.384736902553414,29.82331394159257,18922360
2009-12-03,29.60401725769043,30.773557564854855,29.457824022193865,30.334980646769203,34577410
2009-12-04,29.67711639404297,30.115696158357608,29.604021160859403,30.115696158357608,31939870
2009-12-07,29.457839965820312,30.115708487414572,29.457839965820312,29.896419909685005,23200950
2009-12-08,28.58067512512207,29.530930018573,28.142098088456102,29.31163871183522,55286630
2009-12-09,28.215187072753906,28.873055270221897,27.70351490628344,28.79996004312731,39989180
2009-12-10,28.288293838500977,28.580677625724825,28.06900530098183,28.361389088205677,39824110
2009-12-11,28.87306022644043,28.873060226440433,28.288289944092188,28.507578451422198,22120240
2009-12-14,27.0456485748291,28.068998555184386,26.7532620694692,27.776612049824486,83688720
2009-12-15,26.022289276123047,27.045638890025916,25.656807669501074,26.826350483733407,93423080
2009-12-16,25.218231201171875,26.16848283368028,25.145135994211,25.583712812783062,119108140
2009-12-17,23.390827178955078,23.75630885362625,22.879152276734658,23.025345504283905,377263850
2009-12-18,24.852754592895508,24.852754592895508,23.463923073813287,23.829404759002927,281369720
2009-12-21,24.99895477294922,24.99895477294922,24.560374955778858,24.77966625856641,62625030
2009-12-22,24.4141845703125,25.14514814680803,24.4141845703125,25.14514814680803,49092610
2009-12-23,24.048696517944336,24.706561892388983,23.829405271392087,24.560368657488826,35752040
2009-12-24,24.48727798461914,24.48727798461914,23.97560296158798,24.267989485721372,14549800
2009-12-28,24.779661178588867,24.925851632604335,24.194888208910317,24.63346793616923,33795650
2009-12-29,24.63347625732422,24.925860052526172,24.487282965520684,24.779669549127753,19084190
2009-12-30,24.267986297607422,24.560369994925473,24.121793054746306,24.560369994925473,22009500
2009-12-31,24.19489288330078,24.56037466575792,24.19489288330078,24.34108615396458,19875800
2010-01-04,24.852754592895508,24.925849814571848,24.41417768602953,24.56036812938221,40679350
2010-01-05,25.80301284790039,25.949206116094533,24.925856027140206,24.998954055439608,66861710
2010-01-06,26.60706901550293,26.899452704000485,25.656814359774604,26.022296061699624,67433890
2010-01-07,26.680166244506836,27.04564797388364,26.387779745643666,26.972552743370002,67245190
2010-01-08,26.2415828704834,26.826352936872244,25.656810015690926,26.680159723174125,62409770
2010-01-11,26.533987045288086,26.82637369897513,26.314698449225695,26.753275641350474,47557650
2010-01-12,25.729921340942383,26.387786960653184,25.437534762134202,26.241596459654165,47011810
2010-01-13,25.583721160888672,26.241589391816106,25.583721160888672,25.876107660946268,41035110
2010-01-14,25.656814575195312,26.022296280189003,25.583719349558226,26.022296280189003,27417030
2010-01-15,24.99895477294922,25.583725074104954,24.852761500559097,25.510629832112265,54017740
2010-01-19,25.876113891601562,26.02230438842695,24.121800045647056,24.414186616107802,80789300
2010-01-20,25.291336059570312,26.314686077964033,25.218240824715533,25.656817810653145,47944940
2010-01-21,23.902509689331055,25.29133882210272,23.390834624244746,25.218243579263866,95968050
2010-01-22,23.75632095336914,24.779671279030243,23.537032394557563,23.975609512180718,65474150
2010-01-25,23.61012077331543,24.341084282015004,23.463927513894614,24.19489102259419,49752440
2010-01-26,23.025352478027344,23.902509320585523,23.025352478027344,23.53702753522001,45890280
2010-01-27,23.390827178955078,23.610115626077004,22.95224889050928,23.171538731833152,55891370
2010-01-28,23.683216094970703,24.04869780761899,23.3908296094904,23.756311322138686,51294260
2010-01-29,24.267986297607422,24.414179540468538,23.90250458465672,23.90250458465672,67942930
2010-02-01,24.4141845703125,24.633473085580206,24.194893266640037,24.5603750548878,23577690
2010-02-02,24.92584800720215,24.92584800720215,24.2679826946049,24.487271132137316,33280870
2010-02-03,24.63347625732422,25.291341887832452,24.63347625732422,24.779669549127753,27200590
2010-02-04,23.24463653564453,24.487274925358488,23.17154130794544,24.414179697659396,45029910
2010-02-05,23.53702163696289,23.683214872154764,23.025346707993343,23.463923625164934,46750170
2010-02-08,23.025352478027344,23.683220807047164,23.025352478027344,23.61012277693122,25620320
2010-02-09,23.24463653564453,23.61011825094839,22.732962970740388,23.31773315754572,49883800
2010-02-10,23.390827178955078,23.390827178955078,22.95224889050928,23.24463395140583,25499680
2010-02-11,23.46392250061035,23.53702050890494,23.171538832643694,23.317730666627025,23685280
2010-02-12,23.24463653564453,23.463925007146006,23.025348064143056,23.17154130794544,18926940
2010-02-16,24.19489288330078,24.34108615396458,23.4639293183865,23.537027347920755,33228540
2010-02-17,24.92584800720215,25.218234449514547,24.560366348513533,24.706559569669732,57569040
2010-02-18,25.072057723999023,25.36444435868115,24.7796738777225,24.852769142190233,28868750
2010-02-19,24.99895477294922,25.14514804533934,24.77966625856641,24.852761500559097,27822290
2010-02-22,25.291336059570312,25.43752931768434,24.925854308487477,25.145145589860757,23360670
2010-02-23,24.48727798461914,25.43753000544584,24.48727798461914,25.145146269716996,28291710
2010-02-24,25.218231201171875,25.218231201171875,24.633461180274658,24.633461180274658,29262200
2010-02-25,24.779661178588867,24.8527564055966,24.560369920757324,24.779661178588867,25996910
2010-02-26,24.852754592895508,25.218236278085147,24.706561361138856,24.779659371219168,17855770
2010-03-01,24.779661178588867,25.145142890435878,24.41417946674186,24.99894964801624,15568690
2010-03-02,24.852754592895508,25.145141056408807,24.779659371219168,24.925849814571848,16428080
2010-03-03,24.852754592895508,25.072043046328496,24.779659371219168,24.925849814571848,16364990
2010-03-04,25.072057723999023,25.437539623148883,24.7796738777225,24.92586440665796,31935610
2010-03-05,25.583721160888672,25.583721160888672,25.218239430018834,25.36443268004763,31907970
2010-03-08,26.022289276123047,26.31467567678197,25.876098864196955,25.876098864196955,45986460
2010-03-09,27.92281150817871,28.21519529011475,25.87611388100647,25.949209129389235,110631150
2010-03-10,28.946147918701172,29.75020928713416,28.653764247965118,28.946147918701172,121205060
2010-03-11,30.554271697998047,30.554271697998047,28.87305631816547,29.092344795812455,120029930
2010-03-12,29.019245147705078,30.846653497202833,28.79995670344612,30.77355549018061,127975970
2010-03-15,28.434492111206055,28.79997400061279,27.995912170874657,28.36139406028139,63482980
2010-03-16,29.60401725769043,29.75021049318699,28.653765409568827,28.873053868611652,54320540
2010-03-17,29.60401725769043,30.481173882265768,29.16544033960478,29.969498952229817,68063590
2010-03-18,29.384735107421875,29.89641014731222,29.238541840538254,29.89641014731222,35021590
2010-03-19,28.507577896118164,29.604023199815018,28.507577896118164,28.507577896118164,55803040
2010-03-22,29.530925750732422,29.96950272401478,28.361382507972134,28.434480529122123,50007930
2010-03-23,30.18878746032715,30.334980696061262,29.750210541528844,29.89640377726296,44335410
2010-03-24,30.334991455078125,30.62737803024812,29.96950963031815,29.96950963031815,46585380
2010-03-25,31.212148666381836,32.01620757255543,30.919762088643225,30.992860127280405,97149430
2010-03-26,31.50453758239746,31.943117520374777,31.13905569495245,31.723828945588874,58727000
2010-03-29,30.554271697998047,32.235487077830626,30.042596724552233,32.01619860018364,88626840
2010-03-30,29.896408081054688,30.554273553956364,29.604021567495426,30.188791806209508,62439130
2010-03-31,29.60401725769043,30.042594175776077,29.3116307866973,29.823305716733252,55035890
2010-04-01,30.554271697998047,30.554271697998047,29.38473129161128,30.042596724552233,30209100
2010-04-05,31.139049530029297,31.285242813744993,30.91976099865824,31.212147566089627,34453330
2010-04-06,31.358341217041016,31.431436465552398,31.06595464618551,31.212147931613263,31812190
2010-04-07,31.870006561279297,32.16239306816987,31.43142958934783,31.504524821868277,62152800
2010-04-08,32.67406463623047,32.82025787435222,31.504521519660507,31.79690799590402,55935620
2010-04-09,33.25883102416992,33.405024245693184,33.03954258608692,33.18573580761018,66446000
2010-04-12,33.91671371459961,33.91671371459961,33.47813386139407,33.8436156781962,43484970
2010-04-13,33.7705192565918,34.20909630615077,33.55123073181231,33.7705192565918,59676180
2010-04-14,36.036495208740234,36.10959322207969,34.35527993959005,34.50147317786487,103954530
2010-04-15,35.15934753417969,37.05985453963022,34.64767525233224,36.47508422580114,153653670
2010-04-16,33.331939697265625,35.305542013589026,32.23549427579761,35.23244676751978,186414120
2010-04-19,35.6710205078125,36.036502281024525,33.91670966943758,33.98980490871813,186006680
2010-04-20,36.328895568847656,36.98676120989007,35.96341372768904,36.69437741000627,102738530
2010-04-21,36.036495208740234,36.84055662504969,35.23243658083487,36.76745861171023,98787570
2010-04-22,35.59791946411133,35.74411270723952,34.86695603687456,35.45172622098314,80864670
2010-04-23,35.52482604980469,36.18269433489181,35.30553755091049,35.59792407503912,76164060
2010-04-26,33.69741439819336,35.08624608786646,33.624319167538694,35.013150857211805,124478540
2010-04-27,31.72382354736328,33.405039385848234,31.650725509269563,33.25884609806584,133979440
2010-04-28,32.527889251708984,33.33194832009684,32.162407350004386,32.308600668367355,110487010
2010-04-29,33.331939697265625,33.843614784965006,32.89336264404038,33.112651170653,71647090
2010-04-30,31.943103790283203,33.258837461862846,31.943103790283203,33.258837461862846,80341770
2010-05-03,32.23550796508789,32.74718327007784,32.01621934535108,32.60098992745127,44946260
2010-05-04,31.139049530029297,31.870013160202802,30.91976099865824,31.723822664892072,97352370
2010-05-05,30.554271697998047,31.06594667144386,29.530924539510696,30.408078450098632,100162270
2010-05-06,29.530925750732422,31.212141199520662,28.50757576186772,30.70046620508831,170724590
2010-05-07,29.238544464111328,30.188796601513967,28.65377413251008,29.823314795712577,122458690
2010-05-10,30.846662521362305,31.796914583415628,30.40808271613446,31.650721315006347,109813230
2010-05-11,30.481178283691406,30.99285328761228,30.04259851387161,30.188791770478208,75475030
2010-05-12,30.554271697998047,30.919753423544446,30.261887990603494,30.919753423544446,65669620
2010-05-13,29.896408081054688,30.40808029717673,29.82331005846265,30.33498506298914,50910530
2010-05-14,29.092357635498047,29.530937572760134,28.58068243622837,29.457839522347033,87280120
2010-05-17,28.215187072753906,29.311632209597775,27.484223648191325,29.238536982503188,94521750
2010-05-18,27.264936447143555,28.94615184418377,27.11874319774782,28.873056613688057,88927420
2010-05-19,27.849708557128906,28.142095075876437,27.118745048664586,27.26493830803835,92045240
2010-05-20,26.533987045288086,27.557337544786954,26.387793718444563,27.41114421794343,116429090
2010-05-21,27.4111270904541,27.84970400853975,25.803007076799986,25.876105088750286,133515830
2010-05-24,27.63041877746582,28.87305724175382,27.55732354538009,28.21518899936477,84300490
2010-05-25,27.63041877746582,27.77661203004165,26.022298575940432,26.607071586243748,102076440
2010-05-26,28.215187072753906,29.457825452191127,28.215187072753906,29.01924851281525,124767260
2010-05-27,29.384735107421875,29.750216880428603,29.092348573654636,29.457830346661364,75460890
2010-05-28,28.946147918701172,29.53092083698114,28.87305269811814,29.384727607411147,63286600
2010-06-01,28.1420955657959,28.946154323742533,28.069000329038765,28.50757732639065,56634680
2010-06-02,28.65377426147461,28.726869507601915,28.14209917336874,28.43448573468778,56166340
2010-06-03,28.946147918701172,29.45782282799418,28.72685946854815,28.946147918701172,71405630
2010-06-04,27.70352554321289,28.653777802318277,27.557332244487775,28.142102650982995,106756480
2010-06-07,26.60706901550293,27.922802584752173,26.460875777052102,27.84970457132471,86203870
2010-06-08,27.191831588745117,27.411119990992393,26.680156791232598,26.972543186497845,83022780
2010-06-09,28.288293838500977,28.434487126315418,27.48423214972405,27.630425437538495,114856500
2010-06-10,28.507577896118164,28.946154902235065,28.288289393059713,28.873059664017113,70989130
2010-06-11,28.361387252807617,28.653773809514803,28.142098729479656,28.215193974454024,43859390
2010-06-14,28.361387252807617,28.72686905448917,28.361387252807617,28.653773809514803,38228780
2010-06-15,29.165443420410156,29.165443420410156,28.434479954118217,28.72686366759239,42247510
2010-06-16,29.165443420410156,29.238538651677615,28.72686366759239,28.946152149799108,40783400
2010-06-17,28.946147918701172,29.45782282799418,28.580666238978157,29.311629598424187,58734300
2010-06-18,29.31163215637207,29.31163215637207,28.7268619754647,29.01924846012047,68839920
2010-06-21,29.384735107421875,29.750216880428603,29.311637079777743,29.60402361354498,57155530
2010-06-22,28.79996109008789,29.457826523066988,28.79996109008789,29.23853804540729,48772470
2010-06-23,28.434492111206055,29.09235783909486,28.288298797762256,28.873069263131924,46265950
2010-06-24,27.63041877746582,28.21518899936477,27.55732354538009,28.21518899936477,56634790
2010-06-25,28.79996109008789,28.873056319839698,27.922804391044817,28.142092868704516,70357690
2010-06-28,29.238544464111328,29.384737744112865,28.65377413251008,28.726869378308404,54126640
2010-06-29,27.264936447143555,28.653768133796603,27.11874319774782,28.653768133796603,79745340
2010-06-30,27.484230041503906,28.2151936361014,27.118748244205158,27.84971183880265,53205360
2010-07-01,27.63041877746582,28.14209376727904,26.46087833366792,27.995900514703212,86206490
2010-07-02,27.70352554321289,28.434489248433227,27.118752348312423,27.92281409709794,38516880
2010-07-06,27.70352554321289,28.50758450359316,27.191850391877605,28.28829594970811,51454380
2010-07-07,28.507577896118164,28.580673134336113,27.557325857261812,27.92280762516076,47295490
2010-07-08,29.019245147705078,29.23853359196404,28.65376347780553,28.87305192206449,46663460
2010-07-09,29.530925750732422,29.604020983478016,28.799962269658888,29.01925075630007,41928480
2010-07-12,30.0425968170166,30.188790065365964,29.530924630400254,29.604019860372794,39470360
2010-07-13,31.431427001953125,31.431427001953125,30.554270341892206,30.627368356799707,64688800
2010-07-14,30.77356719970703,31.285242289942605,30.334990144307916,31.212147043511056,48298880
2010-07-15,30.408071517944336,30.99284437623082,29.604013020405876,30.919746374743188,68022500
2010-07-16,28.507577896118164,29.969504967713966,28.507577896118164,29.604023199815018,80624880
2010-07-19,29.092357635498047,29.530937572760134,28.14210528737179,28.726875748649064,60092350
2010-07-20,29.165443420410156,29.677115616091047,28.507575185385676,28.580670416653135,54745170
2010-07-21,28.79996109008789,29.677115000726687,28.65376784218,29.60401977097488,42520470
2010-07-22,29.896408081054688,29.89640808105469,29.165444585560977,29.165444585560977,42143450
2010-07-23,29.384735107421875,29.67711885278447,29.165446601298765,29.384735107421875,37675190
2010-07-26,30.334991455078125,30.334991455078125,29.384739268383193,29.384739268383193,43066240
2010-07-27,30.408071517944336,31.212132803886433,30.408071517944332,30.773553160171566,53521030
2010-07-28,29.896408081054688,30.40808029717673,29.75021482427506,30.188791806209508,33190010
2010-07-29,30.11570167541504,30.3349902035428,29.677121830754604,30.261894956968522,39395920
2010-07-30,29.969507217407227,30.115700493221883,29.677120665777913,29.677120665777913,26978030
2010-08-02,30.627382278442383,30.7004775381711,30.408090922445396,30.627382278442383,29385140
2010-08-03,30.18878746032715,30.48117393179538,30.042594224593028,30.408075919726297,21169620
2010-08-04,30.261869430541992,30.408059800376368,30.04257829898529,30.334964615459178,27707590
2010-08-05,29.969507217407227,30.04260246111215,29.750218697887647,30.04260246111215,19093650
2010-08-06,29.67711639404297,29.823309648814515,29.31163465131631,29.750214415630946,29607280
2010-08-09,29.823318481445312,30.115705077583154,29.311643332406707,29.823318481445312,27938130
2010-08-10,29.238544464111328,29.677121515711043,29.238544464111328,29.457832989911186,37330160
2010-08-11,28.1420955657959,29.01925234890421,28.069000329038765,28.8730590869854,57403800
2010-08-12,28.288293838500977,28.434487126315418,27.995907262872088,28.06900530098183,33560510
2010-08-13,28.361387252807617,28.873062332842764,28.361387252807617,28.50758053116121,27447280
2010-08-16,28.288293838500977,28.580677625724825,28.142100550686532,28.288293838500977,23911520
2010-08-17,28.1420955657959,28.65377058830946,27.995902303877088,28.65377058830946,42478180
2010-08-18,28.215187072753906,28.507573557940606,28.068996618564732,28.215187072753906,47840910
2010-08-19,27.70352554321289,28.434489248433227,27.63042749964771,28.142102650982995,53867410
2010-08-20,27.4111270904541,27.703513561447227,27.118740619460972,27.630415549496924,51973470
2010-08-23,27.4111270904541,27.995897244036314,27.4111270904541,27.703513561447227,29397900
2010-08-24,27.118749618530273,27.41113618654878,26.899461086718876,27.04565437072813,44346680
2010-08-25,26.89946937561035,27.191856033725852,26.607085505900677,27.0456627046681,50868250
2010-08-26,26.753259658813477,27.411127842392546,26.753259658813477,27.264934602885628,33489660
2010-08-27,27.484230041503906,27.484230041503903,26.60707595871077,27.045653000107336,55836000
2010-08-30,26.826366424560547,27.484232034356538,26.826366424560547,27.411136784958657,31688960
2010-08-31,27.118749618530273,27.264942902539527,26.53397927089823,26.899461086718876,61541890
2010-09-01,28.1420955657959,28.142095565795895,27.33803680784926,27.411132044606394,53222240
2010-09-02,28.361387252807617,28.72686905448917,27.995905451126063,28.069003484505288,47390890
2010-09-03,28.58067512512207,29.092350193502234,28.507579881812678,28.799966431859854,43608360
2010-09-07,27.995901107788086,28.3613828527681,27.922805874153855,28.3613828527681,26492790
2010-09-08,28.068994522094727,28.215184965364955,27.995896512055644,28.14208974372984,24907680
2010-09-09,28.58067512512207,28.87306167516925,28.36138660678909,28.434484638503278,45078780
2010-09-10,28.58067512512207,28.799966431859854,28.507579881812678,28.653773156836266,25644170
2010-09-13,29.165443420410156,29.311633882945078,28.946152149799108,28.946152149799108,45870620
2010-09-14,28.79996109008789,29.16544281565548,28.580669824023914,29.092344797499397,38404540
2010-09-15,28.65377426147461,28.726869507601915,28.50758098081509,28.65377426147461,24836100
2010-09-16,29.019245147705078,29.092340366323448,28.361377026524348,28.43447503354657,37834360
2010-09-17,28.87306022644043,29.38473526914689,28.873060226440433,29.238542001458665,55888390
2010-09-20,29.165443420410156,29.238538651677615,28.799961687264187,28.873056918531645,34473280
2010-09-21,28.79996109008789,29.38473129331518,28.79996109008789,29.38473129331518,37200450
2010-09-22,28.361387252807617,29.092350856170725,28.361387252807617,28.72686905448917,43837660
2010-09-23,27.776622772216797,28.434491269026218,27.776622772216797,28.069009390444418,38372030
2010-09-24,28.507577896118164,28.580673134336113,28.14209612821921,28.215191366437164,39249340
2010-09-27,28.288293838500977,28.72687091353927,28.288293838500977,28.50758237602012,36629390
2010-09-28,28.361387252807617,28.50758053116121,28.069003484505288,28.434485286186842,29345050
2010-09-29,28.65377426147461,29.165449349580474,28.28829245402826,28.43448573468778,50744380
2010-09-30,28.58067512512207,29.31163871183522,28.434484638503278,28.946156918478646,47868000
2010-10-01,29.896408081054688,29.96950331524228,28.799962837814117,29.092346562968935,77500060
2010-10-04,29.457839965820312,30.115708487414572,29.457839965820312,29.823321858171447,42326390
2010-10-05,30.18878746032715,30.334980696061262,29.750210541528844,29.750210541528844,63625620
2010-10-06,29.969507217407227,30.408084256446383,29.82331394159257,30.26189376903654,48412190
2010-10-07,30.554271697998047,30.627369716149893,30.188789972451648,30.261887990603494,49228170
2010-10-08,30.627382278442383,30.7004775381711,30.261900402987965,30.554284230308248,35248850
2010-10-11,30.554271697998047,30.77356017564503,30.11569474270408,30.77356017564503,43225180
2010-10-12,30.99285316467285,30.99285316467285,30.188791650728252,30.334984906754947,48296870
2010-10-13,31.065954208374023,31.43143602259019,30.554279110790404,31.065954208374023,107396320
2010-10-14,29.67711639404297,30.481177901084266,29.165444184949173,30.481177901084266,98325960
2010-10-15,28.87306022644043,30.042600791136916,28.580673691063982,29.969505551495132,106125370
2010-10-18,30.481178283691406,30.700466774399082,29.01925129443431,29.238539785141985,94439510
2010-10-19,29.67711639404297,30.627371155855812,29.530925927675835,30.188791391541177,70732750
2010-10-20,30.0425968170166,30.115694835393427,29.45782661202343,29.96950158704406,49484540
2010-10-21,29.75021743774414,30.481180997450853,29.457830898499576,30.18879445820629,43687230
2010-10-22,30.0425968170166,30.261888083742793,29.896406357071523,29.96950158704406,31441180
2010-10-25,30.77356719970703,30.91976048097504,30.26189489787637,30.84666523454349,76494560
2010-10-26,30.554271697998047,30.77356017564503,30.334983220351063,30.408078450098632,42127270
2010-10-27,30.481178283691406,30.627371540298007,30.26188979298373,30.408080261185887,26922470
2010-10-28,30.481178283691406,30.700466774399082,30.33498502708481,30.627371540298007,26162360
2010-10-29,30.481178283691406,30.554273517792485,30.33498502708481,30.408080261185887,18835180
2010-11-01,30.334991455078125,30.700473279838103,29.96950963031815,30.554279992253107,29258270
2010-11-02,30.481178283691406,30.700466774399082,30.33498502708481,30.627371540298007,22490240
2010-11-03,30.627382278442383,30.627382278442383,30.334995662716683,30.481188970579534,30544940
2010-11-04,31.650714874267578,31.650714874267578,30.627367780457206,30.846656244244848,65927800
2010-11-05,32.82025909423828,32.96644954938965,31.577620706622245,31.650715934197933,105440700
2010-11-08,32.45479965209961,33.03957023922446,32.23550824207244,33.03957023922446,42687730
2010-11-09,31.431427001953125,32.674065371339076,31.431427001953125,32.674065371339076,54105940
2010-11-10,32.30858612060547,32.60096983727257,31.504524625861105,31.65071787839684,50288500
2010-11-11,31.870006561279297,32.23548830069032,31.79691132875885,32.01619981472459,38163270
2010-11-12,31.358341217041016,32.08930485577479,30.919761360757754,31.65072499949153,49740230
2010-11-15,31.577627182006836,31.94310897164024,31.431433908472524,31.65072242457161,35374110
2010-11-16,30.846662521362305,31.358337566592454,30.627374012950714,31.28523953818548,50020480
2010-11-17,30.627382278442383,30.992864153896804,30.334995662716683,30.919766105762665,39175510
2010-11-18,31.431427001953125,31.650715469867315,30.846656824713897,31.139040519131434,48876450
2010-11-19,31.212148666381836,31.212148666381836,30.8466668384111,31.139050627744652,29041620
2010-11-22,30.554271697998047,31.06594667144386,30.408078450098632,31.06594667144386,36827360
2010-11-23,29.969507217407227,30.33498901274146,29.969507217407227,30.33498901274146,38789450
2010-11-24,30.481178283691406,30.627371540298007,30.04259851387161,30.26188979298373,30429910
2010-11-26,30.0425968170166,30.40807854368787,29.96950158704406,30.261888083742793,15672580
2010-11-29,30.334991455078125,30.481184742663125,29.96950963031815,30.115702917903146,33721160
2010-11-30,30.70044708251953,30.9928334081903,30.04257924396162,30.188772406797007,61260330
2010-12-01,31.431427001953125,31.50452222845647,31.139040519131434,31.28523376054228,49494990
2010-12-02,32.30858612060547,32.52787460520689,31.577622646331154,31.577622646331154,51966270
2010-12-03,32.527889251708984,32.60098451668765,31.796925448299792,32.016214031641425,36080610
2010-12-06,32.527889251708984,32.89337115341358,32.38169593334602,32.527889251708984,47203040
2010-12-07,33.7705192565918,33.98980778137128,33.18574892771154,33.25884417316975,326782940
2010-12-08,33.91671371459961,33.91671371459961,33.258845328993786,33.697422393794355,91574090
2010-12-09,34.28219985961914,34.42839037407295,33.916717996673974,34.20910181398691,73204230
2010-12-10,34.866966247558594,34.866966247558594,34.062904569088644,34.355291140969534,76407750
2010-12-13,35.15934753417969,35.451734085296636,34.79386573948591,35.08625229060286,69850800
2010-12-14,34.28219985961914,35.159354099963295,34.06290851112778,35.159354099963295,60311180
2010-12-15,33.55122756958008,34.20909308191413,33.18574579992628,34.13599784334522,72978680
2010-12-16,33.55122756958008,33.989804577802786,33.18574579992628,33.6974180467179,68094680
2010-12-17,34.35529327392578,34.35529327392578,33.40504103892376,33.62432958724651,69555640
2010-12-20,34.42838668823242,34.64767801324685,34.136002902221556,34.574579975440365,41915750
2010-12-21,34.64766311645508,34.86695155878123,34.42837188572509,34.64766311645508,39886050
2010-12-22,34.574588775634766,34.79387736805922,34.209106858792104,34.72078210005298,51355450
2010-12-23,34.2090950012207,34.501481548709975,34.2090950012207,34.501481548709975,20536470
2010-12-27,34.866966247558594,35.013159533499035,33.98980932032092,34.062904569088644,29016760
2010-12-28,34.9400634765625,35.08625677078848,34.720774929426106,35.013161517878075,18644350
2010-12-29,34.866966247558594,35.08625478226676,34.720772961618145,35.08625478226676,16459820
2010-12-30,34.793880462646484,34.94007380006722,34.72078518813911,34.94007380006722,14418630
2010-12-31,34.574588775634766,34.79387736805922,34.50149350762853,34.72078210005298,16923250
2011-01-03,35.81721496582031,35.81721496582031,34.94005812326213,34.94005812326213,65798900
2011-01-04,35.81721496582031,36.109601509474615,35.30553990862765,35.89031020753152,58340430
2011-01-05,36.328895568847656,36.548184115861794,35.671027139400074,35.671027139400074,66673580
2011-01-06,36.18268585205078,36.91364920259726,36.0364926242607,36.54816752732402,71529750
2011-01-07,36.10960388183594,36.54818093772669,35.37864026308141,36.255794374862916,68069720
2011-01-10,35.89030456542969,36.03649781427466,35.59792085614402,35.96340258405432,46153210
2011-01-11,36.10960388183594,36.4019876562948,35.890312565485644,36.18269912834943,33127350
2011-01-12,37.1329460144043,37.1329460144043,36.401982499205765,36.475080523768334,60853490
2011-01-13,36.8405647277832,37.425335021093076,36.767466698366526,37.20604650965246,65082660
2011-01-14,37.4984245300293,37.64461777811058,36.76746107802715,36.913654326108436,103634370
2011-01-18,35.08625030517578,36.182695627212524,34.94005703788996,36.0365023599267,180960580
2011-01-19,34.793880462646484,35.52484436134415,34.72078518813911,35.45174908683678,71421890
2011-01-20,35.08625030517578,35.23244357246161,34.501480024437114,34.86696179844937,62673870
2011-01-21,35.744117736816406,35.89030821211096,35.37863597177086,35.451731209418135,65507770
2011-01-24,35.52482604980469,35.96340583599762,35.30553755091049,35.89030781076319,37250070
2011-01-25,35.232444763183594,35.52482851923205,34.86696297681946,35.451733277321125,42339570
2011-01-26,35.15934753417969,35.59792736085511,35.15934753417969,35.3786388417198,44338240
2011-01-27,35.305538177490234,35.52482668027621,35.15934491283138,35.305538177490234,27251160
2011-01-28,34.501487731933594,35.67102855468174,34.501487731933594,35.378644743197334,64329500
2011-01-31,35.232444763183594,35.232444763183594,34.57457643236625,34.64767446268193,34795650
2011-02-01,35.81721496582031,35.89031020753152,35.4517331804548,35.52482842216601,39237120
2011-02-02,35.45172882080078,35.81721056122141,35.30553556695165,35.744115328499035,31667370
2011-02-03,35.15934753417969,35.524829328873466,34.79386573948591,35.451734085296636,43984840
2011-02-04,35.232444763183594,35.30554000509452,34.79386494650378,35.30554000509452,36607580
2011-02-07,35.81721496582031,35.81721496582031,35.30553990862765,35.378637938743594,39261140
2011-02-08,35.744117736816406,35.89030821211096,35.451731209418135,35.817212974463686,40287550
2011-02-09,35.37863540649414,35.67101914081615,35.086248883767595,35.67101914081615,28657830
2011-02-10,34.9400634765625,35.23245006501447,34.79387018233651,35.08625677078848,41029190
2011-02-11,35.6710205078125,35.81721377477824,34.79386369442272,34.94005696138846,45335780
2011-02-14,35.89030456542969,35.96340258405432,35.52482283751939,35.744114104989,35369660
2011-02-15,35.89030456542969,36.1095958328993,35.67101608636437,35.81720933520934,42499990
2011-02-16,35.81721496582031,36.109601509474615,35.59792645228195,36.109601509474615,29894750
2011-02-17,36.10960388183594,36.10960388183594,35.59792879102678,35.67102403754027,30673510
2011-02-18,35.89030456542969,36.25578629333999,35.81720933520934,36.18269106311964,25229030
2011-02-22,34.28219985961914,35.378645448454655,33.98981325390088,35.378645448454655,89462910
2011-02-23,34.35529327392578,34.79387037057127,33.40504103892376,34.50148656894267,81515000
2011-02-24,34.28219985961914,34.42839037407295,33.5512361337288,34.20910181398691,58605760
2011-02-25,34.35529327392578,34.574581822248525,34.062906683892,34.13600472560304,40819490
2011-02-28,34.2090950012207,34.72077006512455,34.2090950012207,34.57457679137991,44054250
2011-03-01,33.405033111572266,34.35528512106989,33.405033111572266,34.35528512106989,52789640
2011-03-02,33.624324798583984,33.770518072780526,33.40503628149157,33.5512295556881,35351470
2011-03-03,34.2090950012207,34.2090950012207,33.843613211061495,34.06290172747607,45540670
2011-03-04,33.185733795166016,33.91669707005158,33.03954058250818,33.84359906952086,71717620
2011-03-07,33.03954315185547,33.40502481772023,32.8933499278288,33.18573637588214,36391780
2011-03-08,33.91671371459961,33.98980896259805,33.185750080995355,33.258845328993786,47184230
2011-03-09,33.98979949951172,34.135992743211965,33.697413012111234,34.135992743211965,34512780
2011-03-10,33.185733795166016,33.69740585686303,33.03954058250818,33.624310644735914,46421340
2011-03-11,33.405033111572266,33.478128347531886,32.966453330601006,32.966453330601006,32170320
2011-03-14,33.185733795166016,33.185733795166016,32.674058945065404,33.03954058250818,38691140
2011-03-15,32.45479965209961,32.67408827372066,32.08931768659581,32.23550824207244,58194870
2011-03-16,32.08930587768555,32.89336479053664,31.943112587602148,32.747171500453234,62107200
2011-03-17,32.527889251708984,32.60098451668765,32.08931208502572,32.60098451668765,38307430
2011-03-18,32.89336013793945,33.25884191724989,32.600973599129226,32.89336013793945,45908550
2011-03-21,32.38167953491211,33.77051117343241,32.016197818291424,33.697413157065746,82106490
2011-03-22,32.30858612060547,32.52787460520689,32.16239286806973,32.30858612060547,34194090
2011-03-23,32.162384033203125,32.308577245580224,31.72380718447543,32.162384033203125,47019570
2011-03-24,32.38167953491211,32.454777551278774,31.796909345999854,32.23548629058299,40238690
2011-03-25,32.6009635925293,32.747156817061594,32.38167514993277,32.6009635925293,30876830
2011-03-28,32.38167953491211,32.67406602357035,32.23548629058299,32.60096800720368,23570900
2011-03-29,32.527889251708984,32.527889251708984,32.016214031641425,32.38169593334602,24791350
2011-03-30,32.527889251708984,33.03956447177654,32.308600668367355,32.60098451668765,33904790
2011-03-31,32.30858612060547,32.52787460520689,32.16239286806973,32.4547793731412,33507430
2011-04-01,32.527889251708984,32.747177835050614,32.38169593334602,32.60098451668765,25952210
2011-04-04,32.38167953491211,32.67406602357035,32.08929583465809,32.60096800720368,29670460
2011-04-05,32.67406463623047,32.7471598610893,32.30858293512812,32.60096662296754,40880950
2011-04-06,33.55122756958008,33.989804577802786,32.67407076473005,32.96645450741032,64009410
2011-04-07,33.47813415527344,34.28219583233936,33.47813415527344,33.770520726643774,56844410
2011-04-08,33.331939697265625,34.13600134605177,33.112651170653,33.91671281943915,39526630
2011-04-11,33.112648010253906,33.5512278100243,33.03955277116116,33.47812978252692,23444240
2011-04-12,33.25883102416992,33.551217467216446,32.60096292151714,32.89334936456366,45351280
2011-04-13,32.89336013793945,33.624323696560324,32.747166868534336,33.551228456060116,41002970
2011-04-14,32.38167953491211,32.7471612515328,32.08929583465809,32.7471612515328,40517360
2011-04-15,32.30858612060547,32.82026111027836,32.16239286806973,32.60096983727257,40547880
2011-04-18,32.30858612060547,33.03954959487978,31.796911130932575,32.30858612060547,79085390
2011-04-19,33.112648010253906,33.25884127684404,32.45478249320527,32.60097297139077,54278930
2011-04-20,33.405033111572266,33.62432160785564,33.03955135496514,33.33193508720813,31615610
2011-04-21,33.25883102416992,33.62431268377618,32.82025414800392,33.47811946225293,31274740
2011-04-25,33.03954315185547,33.47812003553166,32.96644514564022,33.18573637588214,24048020
2011-04-26,32.96644973754883,33.1857409983359,32.82025928156306,33.112642981938805,37260000
2011-04-27,32.96644973754883,33.112642981938805,32.82025928156306,32.96644973754883,28289910
2011-04-28,33.55122756958008,33.62432280814899,32.67407076473005,32.82026403027249,43925890
2011-04-29,33.55122756958008,33.55122756958008,33.112647772952755,33.47812954260655,26901780
2011-05-02,32.82025909423828,33.62431775118761,32.82025909423828,33.62431775118761,28862010
2011-05-03,33.03954315185547,33.40502481772023,32.674061485990705,32.674061485990705,43508120
2011-05-04,33.03954315185547,33.18573637588214,32.82025471001737,33.1126383696669,27559410
2011-05-05,32.74717330932617,32.96646186236169,32.600980011167415,32.82027135260817,27189990
2011-05-06,33.03954315185547,33.47812003553166,32.8933499278288,33.258831593693564,5131670
2011-05-09,32.27935028076172,32.98107462007282,32.052750576265474,32.812953338054825,49168100
2011-05-10,32.30858612060547,32.54980261714572,31.979651999501154,32.169701275914555,42299000
2011-05-11,31.372949600219727,32.30127350640536,31.24868715348202,32.184319467191656,54014800
2011-05-12,31.007478713989258,31.02940952103297,30.422708313585932,30.853977006709364,60720600
2011-05-13,30.356916427612305,31.0659519888232,30.276509988084708,30.897830700904024,43395000
2011-05-16,30.10838508605957,30.68584691116421,29.92564421394325,30.027981444588104,42979300
2011-05-17,30.364229202270508,30.444635645975136,29.962199772152275,29.969508181395923,36727300
2011-05-18,30.14493179321289,30.3715286622608,29.96949935060424,30.327672642911697,33051500
2011-05-19,30.24725341796875,30.42268299790662,30.093749050019486,30.218014225178138,30115400
2011-05-20,29.984113693237305,30.437310140235393,29.940254893178036,30.057208904932494,31538600
2011-05-23,29.355491638183594,29.706353754766955,29.28239640954698,29.465137269542744,34722800
2011-05-24,29.6113338470459,29.742907516509543,28.807275012239014,29.399356524825414,61023600
2011-05-25,29.48705291748047,29.867245524345282,29.392003371217093,29.428560030827825,40313600
2011-05-26,29.40660858154297,29.633261405762873,29.275002456276674,29.275002456276674,32041000
2011-05-27,29.954965591430664,30.020768652052286,29.45778753097677,29.46509774256026,27696700
2011-05-31,30.08657455444336,30.408276887261188,29.80142607208815,30.262047539946604,34705800
2011-06-01,28.989864349365234,29.97690775744876,28.945994699792916,29.969597543733393,41994500
2011-06-02,29.25307273864746,29.49435161824527,28.5877317527625,29.026419864096713,40828200
2011-06-03,29.136089324951172,29.465104705812845,28.8436333779244,28.8801900226661,27554900
2011-06-06,27.83464813232422,28.953297410128233,27.710355007720505,28.916740772838473,69952400
2011-06-07,27.47640609741211,28.222170882333703,27.4471596539383,28.11250090294846,49736400
2011-06-08,26.913410186767578,27.78347049558211,26.87685075747278,27.322849019577774,64098400
2011-06-09,27.61530113220215,27.76884065788164,26.90609076726517,26.957270609158332,51092100
2011-06-10,27.7249813079834,28.017440046476686,26.935347176600697,27.498328435289675,57048500
2011-06-13,28.638914108276367,28.86556979166029,27.688427301245603,27.827346470358826,51683900
2011-06-14,28.353759765625,28.9167409076076,28.26602327790214,28.887494482002428,38166800
2011-06-15,27.783472061157227,28.39032292125768,27.27167070221204,28.06130756271485,49812600
2011-06-16,27.512941360473633,28.03205277749769,27.05963020645143,27.564121202203204,59369000
2011-06-17,28.002811431884766,28.127107347963612,27.688419324799845,27.79077902681025,38591200
2011-06-20,27.90045166015625,28.309893256267436,27.644552405769687,27.746912107524313,30249100
2011-06-21,28.74128532409668,28.792465205329385,27.78348522413796,27.97358152741739,44132600
2011-06-22,28.887508392333984,29.37006349081561,28.529249267980806,28.668165672859423,40189000
2011-06-23,28.814382553100586,28.85093919226841,28.207534533454936,28.463433796722477,38344100
2011-06-24,28.94599151611328,29.033728016514686,28.48537000809306,28.836318798791734,63661100
2011-06-27,29.238445281982422,29.391984828941894,28.82900370099792,28.836313912670597,29365900
2011-06-28,29.35544204711914,29.479735227864698,29.070293453638225,29.36275226224198,22526900
2011-06-29,30.34247589111328,30.364409318524803,29.742938036392218,29.984214105198006,46800700
2011-06-30,30.444839477539062,30.708051796334008,30.130447295544364,30.408282830838292,32214600
2011-07-01,31.351457595825195,31.483063747746456,30.283985164786856,30.36441145641576,42780800
2011-07-05,31.124813079833984,31.43920535652679,30.86160068175683,31.358779036103858,34279200
2011-07-06,30.71536636352539,30.86890876398058,30.24743452560841,30.81772889352677,28177800
2011-07-07,31.16866683959961,31.409942888669807,30.934701002704298,30.97856785393918,22067400
2011-07-08,30.7299861907959,30.89083878823864,30.583759599404438,30.766545627737212,22229800
2011-07-11,29.09222412109375,30.269366556724293,28.9313715281723,30.18162725744348,47287600
2011-07-12,28.565799713134766,29.26038716471974,28.529243066018378,28.86556868203859,43630400
2011-07-13,28.858253479003906,29.406611458225356,28.595041202722744,28.836317263251868,32756100
2011-07-14,28.529254913330078,29.150726539666703,28.514631690592275,29.041056552775004,32718400
2011-07-15,28.061302185058594,29.530900119459425,27.871203219178543,29.3481141540861,69517800
2011-07-18,27.5933780670166,27.966260310623888,26.99383737151587,27.929703665422114,50137500
2011-07-19,27.798099517822266,27.915082464367444,27.359411376457764,27.65918314039157,32172000
2011-07-20,28.23676872253418,28.60234057006758,27.812706829723197,27.907753501935748,31574600
2011-07-21,29.479724884033203,29.52359452665898,28.55848470163532,28.61697476937676,53445100
2011-07-22,29.435867309570312,29.611343162922353,29.128788052571828,29.44318031421927,24164500
2011-07-25,29.179960250854492,29.289632978978993,28.8070779955992,29.01910766003012,21427400
2011-07-26,29.041051864624023,29.311574468866045,28.807085916777822,29.07029551628422,21205600
2011-07-27,27.98088836669922,28.821702508158296,27.79078931621718,28.799769075061803,39694100
2011-07-28,27.9223690032959,28.42698912149228,27.863860867366277,27.96625010524312,23233800
2011-07-29,28.039386749267578,28.35386105315756,27.52745164131957,27.732224568570015,27141900
2011-08-01,28.14177894592285,28.799981760205043,27.73223021816699,28.770727681831954,33848100
2011-08-02,27.088647842407227,28.156396224479685,27.08133293043849,27.973562482762283,41079100
2011-08-03,27.249542236328125,27.395809801613197,26.63522069398824,27.095962548198596,31623100
2011-08-04,25.45777702331543,27.052087838899222,25.413895910931807,26.77417970678056,57091700
2011-08-05,24.45585060119629,25.962402272619677,23.26377471624263,25.57479546946185,103688800
2011-08-08,20.440818786621094,23.709885135770733,19.197548425840306,23.07362431195027,142308300
2011-08-09,23.271085739135742,24.06824121524562,20.83573958957296,21.523195065144392,120458000
2011-08-10,20.835737228393555,22.68601556879707,20.73335075881529,22.678702050268477,99090000
2011-08-11,22.152151107788086,22.67139859970767,20.901566782256605,21.354995368011885,63486600
2011-08-12,21.83035659790039,23.380786483286332,21.574388991895653,22.810345904379396,63917600
2011-08-15,22.86884880065918,22.905414997517102,22.12288666750516,22.371540711889832,45423900
2011-08-16,21.896177291870117,22.459304361797585,21.47200291203694,22.408111118614293,50459800
2011-08-17,21.83035659790039,22.54706477878467,21.720656593873,22.13751744612383,33900900
2011-08-18,20.46276092529297,21.20872325025301,19.570532380381447,20.989323222870105,79479300
2011-08-19,19.577842712402344,20.886931933105576,19.563215674315774,20.045896771883573,56199100
2011-08-22,19.0585994720459,20.360376941039284,19.007406219008278,20.2726160823237,61703800
2011-08-23,19.980073928833008,19.99470096504064,18.575910535852234,19.109784803232234,68228200
2011-08-24,20.80647850036621,20.813790621858008,19.855742291710783,20.067830082649134,54803500
2011-08-25,21.815725326538086,23.095561713366294,21.18677671292529,22.532433368383252,93618100
2011-08-26,21.82303810119629,22.12288536144448,21.245282739555048,21.574384071491313,52076800
2011-08-29,22.88347816467285,22.88347816467285,22.166768637131845,22.356915948935693,35270900
2011-08-30,22.62750816345215,22.883475724932957,22.269154135343417,22.700641951719664,30682600
2011-08-31,22.70795249938965,23.066307897542586,22.495866062532922,22.839593030154255,34079800
2011-09-01,21.940052032470703,22.707953295642803,21.940052032470703,22.620193868663048,32273400
2011-09-02,20.769914627075195,21.230656478324445,20.667528168980194,20.784541662491872,36128000
2011-09-06,20.257980346679688,20.418873546804836,19.453511556232293,19.775299351393418,44663700
2011-09-07,21.194093704223633,21.354988340534103,20.550519343715337,20.71872610448429,35099200
2011-09-08,20.46276092529297,21.091709716327276,20.360374431835794,20.94544210146444,38061800
2011-09-09,19.55590057373047,20.331115395780177,19.482766784123285,20.22141540882491,46652300
2011-09-12,19.716794967651367,19.731422005424992,19.05128009297349,19.197547680887546,44486300
2011-09-13,19.78261947631836,20.22142093905553,19.614412690657723,19.855753285926454,36296700
2011-09-14,20.03127098083496,20.279925064141995,19.526650689633524,20.023957461336376,32634200
2011-09-15,20.90887451171875,20.91618803146911,20.15559871636673,20.41887984773467,40745500
2011-09-16,21.201406478881836,21.413494348419132,20.59439834163223,21.150213240003495,49241900
2011-09-19,20.265296936035156,20.535891563295486,19.980076665474886,20.52857804418995,37811400
2011-09-20,19.694852828979492,20.426187868184606,19.67291227563542,20.331113531937845,35419400
2011-09-21,18.663673400878906,20.133657222769077,18.656359881974645,19.746049090309814,73165300
2011-09-22,17.52278709411621,18.276062696308497,16.95966016685165,17.968901920113776,86914400
2011-09-23,18.268749237060547,18.393076251512415,17.157119624892196,17.20100073228291,56330600
2011-09-26,19.54126739501953,19.629028193947196,18.55396642781914,18.605159645980873,60165600
2011-09-27,19.738733291625977,20.71140887497331,19.563213042929195,20.39693457296664,61327200
2011-09-28,18.956207275390625,19.848435662416488,18.941580237510422,19.70948298728787,41353400
2011-09-29,19.672914505004883,19.92156855810541,18.956206420143857,19.62172126964496,44445900
2011-09-30,18.736806869506836,19.38038117787931,18.729493350729626,19.204860911959546,41243300
2011-10-03,16.901151657104492,18.78068231282764,16.85727055442846,18.400387792433254,69568400
2011-10-04,17.837263107299805,17.939650972506552,15.6505712687245,16.498919895231605,84504100
2011-10-05,18.071285247802734,18.349193299231814,17.032790997979255,17.64711104896263,54164000
2011-10-06,19.029340744018555,19.175606935582586,17.75681776336494,18.078604221752464,69855700
2011-10-07,18.012784957885742,19.32187560605648,17.954278198995556,19.248741808715955,64586100
2011-10-10,19.37306785583496,19.380381374686436,18.583225953719655,18.605166510274085,46194400
2011-10-11,20.36037254333496,20.67484690968344,18.948895352000378,19.029342672204287,80653500
2011-10-12,21.35498809814453,21.91811513410583,20.609025869839012,20.76260559012541,89031000
2011-10-13,20.214096069335938,20.945430964983814,19.92887590640466,20.864985075001766,63361700
2011-10-14,20.769914627075195,20.777228144783535,19.91425258395175,20.6309605804385,48555700
2011-10-17,20.426191329956055,21.567073793894426,20.3896237348519,21.077079178787702,82340000
2011-10-18,21.852296829223633,22.327665861415724,20.484700682047947,20.762607465486916,78304400
2011-10-19,21.493942260742188,22.912733017149282,21.354989569455586,21.91811664421508,75783900
2011-10-20,21.99855613708496,22.086316948423686,20.98931447869888,21.486621093249077,52466000
2011-10-21,22.15945816040039,22.45199338482272,21.713344593487864,22.247219006709354,68536100
2011-10-24,23.110187530517578,23.293021290418967,22.291091672398572,22.291091672398572,58945800
2011-10-25,22.598251342773438,23.037052624119788,22.269151427946788,22.963918844743592,65217200
2011-10-26,22.781089782714844,23.30765198667535,22.13751546054336,23.10287764125614,68002100
2011-10-27,24.989717483520508,25.157927001168524,23.921968973064665,24.40464999764209,104602100
2011-10-28,24.982406616210938,25.150613352491867,24.294952634477305,24.53629176398578,51423800
2011-10-31,23.102874755859375,24.280324653869652,23.066308560667263,24.177938191402998,65573000
2011-11-01,21.333049774169922,22.137518846097365,20.769921284329584,21.150215957591474,90369200
2011-11-02,21.815725326538086,22.217959061576853,21.52319157424526,22.122886115173294,49419600
2011-11-03,22.518041610717773,22.752147077992667,21.427987156607383,22.408303451976344,63378600
2011-11-04,22.196151733398438,22.386362824431913,21.954730232351917,22.34978296343758,39917200
2011-11-07,22.349777221679688,22.422935529494637,21.80109200613555,22.196146031109087,34837700
2011-11-08,22.98625946044922,23.081364311873976,22.40831019328786,22.72289003284363,44373800
2011-11-09,21.106090545654297,22.093724164760555,20.99635378694884,22.0498283449755,62394700
2011-11-10,20.945140838623047,21.77182725892521,20.645193063576354,21.77182725892521,54183800
2011-11-11,21.457252502441406,21.676726058421373,21.296305321081352,21.347515724451423,40412100
2011-11-14,20.762243270874023,21.318244331641438,20.528137854841077,21.29629782099982,41679600
2011-11-15,20.49888038635254,20.886617053170088,20.045299985379984,20.513512327275873,62607800
2011-11-16,19.650243759155273,20.40377043915899,19.606347944402458,20.33061353866116,52980400
2011-11-17,19.021087646484375,19.76729988135272,18.874771029513795,19.76729988135272,60160600
2011-11-18,19.225934982299805,19.547829379878984,18.89672321729952,19.130828741131285,47280700
2011-11-21,18.289512634277344,18.77235565619194,18.09198556293617,18.757723711193538,62290100
2011-11-22,17.894454956054688,18.545562426048598,17.8725084382723,18.30414096279073,44985900
2011-11-23,17.19945526123047,17.631087806094857,17.04582265261794,17.616455863297688,60513700
2011-11-25,17.28724479675293,17.93103635097229,17.214087870691614,17.28724479675293,28169200
2011-11-28,18.32608413696289,18.640663857983903,18.03345232509865,18.457768801146436,63928900
2011-11-29,18.465078353881836,18.874762748118265,17.996867617611635,18.260235459074593,58172500
2011-11-30,20.103830337524414,20.118462281347256,19.21861866692704,19.6575672139595,74290000
2011-12-01,19.745359420776367,19.920938590165736,19.46004344494104,19.81120178371978,41866700
2011-12-02,20.608619689941406,20.996357799877618,20.22819755136764,20.279407955525866,62471900
2011-12-05,21.82304573059082,22.049835289391424,21.15730760334654,21.230465930650322,80804300
2011-12-06,21.764514923095703,21.866935723271425,21.34019838545218,21.61088372283212,42795300
2011-12-07,21.82304573059082,21.947414468393543,21.010990948738968,21.347518696184764,53277800
2011-12-08,20.301353454589844,21.47188222113743,20.05261603937178,21.420671823071128,80314500
2011-12-09,21.047569274902344,21.413359489362048,20.447673546449057,20.623252681944244,59372400
2011-12-12,19.91362190246582,20.411096895574595,19.723410793607812,20.389150372300424,49251600
2011-12-13,19.67951202392578,20.264777167562055,19.26982740014558,20.1550389938073,56573800
2011-12-14,19.05766487121582,19.891667301435202,18.962560053097263,19.350298086242177,68337300
2011-12-15,18.96255874633789,19.679507003912807,18.93329486870047,19.474665441964824,44899200
2011-12-16,19.043033599853516,19.4454021620876,18.801612183437356,19.203980745671444,49643500
2011-12-19,18.157819747924805,19.072294968069112,17.85055601814118,19.057663029655973,72789000
2011-12-20,18.984516143798828,19.130831418984783,18.530935581350242,18.662620305783033,67653700
2011-12-21,19.09424591064453,19.167404218959994,18.589455118184386,19.116192426374102,44246000
2011-12-22,20.228200912475586,20.44035993110203,19.335673188638722,19.386883601306046,64529700
2011-12-23,20.089195251464844,20.43303890062472,19.833143251510148,20.411090988323426,35958100
2011-12-27,19.67951202392578,20.308671599836654,19.64293356292676,19.818512687403988,23916700
2011-12-28,19.116199493408203,19.774623116280154,19.03572658035211,19.745359223983982,30292700
2011-12-29,19.577091217041016,19.61366967804044,19.116194794326727,19.167406593256302,28016100
2011-12-30,19.247882843017578,19.591726576039296,19.23325229329381,19.401515475839407,26210200
2012-01-03,20.72566795349121,20.857352618745253,19.84777111538329,19.84777111538329,58169500
2012-01-04,20.608619689941406,20.76225090241609,20.206251032659175,20.513514852987395,41455000
2012-01-05,20.85735321044922,21.347512036478765,20.096509076454097,20.23550971542986,66793300
2012-01-06,20.88661003112793,21.259716026963243,20.491557526664682,20.967084283772277,48226900
2012-01-09,21.27436065673828,21.493834246240237,20.959780821840837,21.01099123303269,35017900
2012-01-10,21.947410583496094,22.04983138636453,21.6986731519195,21.76451549530029,47710900
2012-01-11,22.87651824951172,23.008202937902862,21.757199793565825,21.779147706757286,72656000
2012-01-12,23.117938995361328,23.476413194086128,22.57656971185579,23.300834080142067,58233900
2012-01-13,22.488780975341797,22.678992043799774,21.85962139470225,22.101042867095284,65632100
2012-01-17,20.64519500732422,21.925460497824076,20.601300581213103,21.34751280199532,116154600
2012-01-18,21.237773895263672,21.281668316944035,20.235508398475545,20.58666656267548,77552100
2012-01-19,21.457252502441406,21.976675298149626,21.28898934983151,21.79378020304004,63977200
2012-01-20,21.684043884277344,21.684043884277344,20.974411356894652,21.391411986149375,55968600
2012-01-23,21.83766746520996,22.188825597633873,21.515771812798853,21.64014049245462,39474700
2012-01-24,21.874252319335938,21.940094662867814,21.14267196487401,21.354830937449787,37257100
2012-01-25,21.918149948120117,22.057150626456455,21.44993889946592,21.5011493084901,39067000
2012-01-26,22.22540855407715,22.642410490704275,21.61088239539113,22.24735646507184,50455500
2012-01-27,22.583887100219727,22.613149590024413,21.96204349385808,21.991305983662766,37713400
2012-01-30,22.11566925048828,22.33514414909857,22.00593249887239,22.261985849561807,34772400
2012-01-31,22.474145889282227,22.605830564056202,22.166882113269168,22.437567433124414,40151200
2012-02-01,23.117938995361328,23.447149310739405,22.781411313767812,22.8765175392659,64155000
2012-02-02,23.41066551208496,23.66679998905634,22.934987995321315,23.161849322549404,41331200
2012-02-03,24.544973373413086,24.588880303584684,23.88634150442879,24.040021343311444,56356700
2012-02-06,24.36933708190918,24.420563694458277,24.105884336433242,24.28152043063087,32026000
2012-02-07,24.20102310180664,24.42056614787939,23.996116631024243,24.252249719502238,32391800
2012-02-08,25.049922943115234,25.086512982622416,24.332747560538397,24.354701025914494,49495300
2012-02-09,24.632795333862305,25.423153746968836,24.588885602586952,25.349970861509913,54651400
2012-02-10,24.09857177734375,24.296161371969745,23.893665290313024,24.12784493024572,40688300
2012-02-13,24.061983108520508,24.58156903986687,24.04734653123223,24.493752367778875,54999100
2012-02-14,23.47652244567871,23.93024495222169,22.942298803584986,23.915608382121555,54665300
2012-02-15,23.213077545166016,23.930254409479918,23.074034261725153,23.659484734719754,49170100
2012-02-16,23.937570571899414,23.944890255439248,22.737399302368047,23.000852076975676,51924500
2012-02-17,24.09124755859375,24.20102046549277,23.8717045364367,24.06197720284287,30968200
2012-02-21,24.413240432739258,24.53764709028289,24.083924586829227,24.12783429683066,45487500
2012-02-22,23.681442260742188,24.215664809684533,23.62289594717169,24.127848130970666,38321200
2012-02-23,23.937570571899414,24.091250426540093,23.47653100797738,23.710710631708313,34682100
2012-02-24,23.674118041992188,24.13516040232097,23.56434791253195,24.010753697271095,26596200
2012-02-27,24.09857177734375,24.171751867957152,23.36675970464371,23.45457637170809,36057200
2012-02-28,24.501060485839844,24.59619680832088,24.105881415510005,24.12783766939989,38179400
2012-02-29,24.383975982666016,24.88160837346665,24.340066257016097,24.530338943191133,43322100
2012-03-01,24.97673988342285,25.210919458291542,24.53033419644168,24.53033419644168,47853800
2012-03-02,24.954782485961914,25.232871765245772,24.940148705888575,25.064555377996246,32112000
2012-03-05,24.647417068481445,24.881596577645738,24.44982758419158,24.837686872812448,33306000
2012-03-06,23.505802154541016,24.113207493191613,23.249669054894024,23.974161417690606,49832100
2012-03-07,24.32543182373047,24.413248481043524,23.652163339953827,23.769253146918302,34763400
2012-03-08,24.881601333618164,24.896237904693624,24.30346933851979,24.647421779691822,35951400
2012-03-09,25.027969360351562,25.532918603120905,24.947469598828686,25.108469121874442,42006000
2012-03-12,25.093828201293945,25.108464772821172,24.54496933140549,24.823055815501093,38513800
2012-03-13,26.674543380737305,26.872132921826115,25.518279279174806,25.591462141600708,91242400
2012-03-14,25.7670955657959,26.41840769084178,25.525599097602164,25.796368710922646,113680500
2012-03-15,26.542816162109375,26.77699573102174,25.671961064694063,25.957367239828464,61559900
2012-03-16,26.850181579589844,26.93068134716561,26.54282187609104,26.703821411242565,46028600
2012-03-19,27.201438903808594,28.101569730101232,26.740399553725073,26.916032794240692,72146000
2012-03-20,27.86740493774414,28.094264892566912,26.872140076875922,26.967273635898987,58269900
2012-03-21,27.662494659423828,28.043037256675586,27.31122521387791,27.962537485305216,46300300
2012-03-22,27.003864288330078,27.442950377717043,26.747728409819956,27.281950842175895,51433700
2012-03-23,27.17218017578125,27.362450066297562,26.828227644555785,26.901407727452547,34154700
2012-03-26,27.391719818115234,27.58198968502819,27.20876684192779,27.516126501935076,27895100
2012-03-27,26.916044235229492,27.603949295964735,26.908727343614554,27.369769681309695,31146600
2012-03-28,27.120954513549805,27.25268090071113,26.72577535206582,26.86481863111775,36305600
2012-03-29,26.71845245361328,26.91604201058014,26.29400298399783,26.80627189558143,32684100
2012-03-30,26.74773597717285,26.930689031451248,26.528192870367192,26.857508926396715,23966200
2012-04-02,26.981908798217773,27.179498381562087,26.462322926261255,26.637959042003317,23825400
2012-04-03,26.616008758544922,26.959961383624442,26.34523902797273,26.857508122956155,30799800
2012-04-04,25.642688751220703,26.264727727859004,25.48168924551353,26.257410837436296,45697800
2012-04-05,25.459733963012695,25.818320192553408,25.269461325931843,25.41582424869237,31465700
2012-04-09,24.85965347290039,25.079196505207214,24.574247251737408,24.88160693863874,34335400
2012-04-10,24.047340393066406,25.17433143182049,23.930250596289422,24.84501550599742,58489800
2012-04-11,24.581565856933594,24.87429178151233,24.354703125803002,24.581565856933594,30680500
2012-04-12,25.342647552490234,25.518280849841233,24.596199059646153,24.73524231935244,36908700
2012-04-13,24.4498348236084,25.364599674524065,24.266881853425264,25.33532652930098,41220900
2012-04-16,24.881601333618164,25.393870154697225,24.705965272353165,25.006008000298824,59668700
2012-04-17,25.671964645385742,25.913461138167435,25.196285759387564,25.481691974330047,52307900
2012-04-18,25.671964645385742,26.337913410798553,25.532918587697107,25.532918587697107,41510700
2012-04-19,25.503650665283203,25.979329648747918,25.218244391861028,25.935419917590032,40303900
2012-04-20,24.801103591918945,25.635368669127274,24.735240412579305,25.58414206204541,37359200
2012-04-23,24.33274269104004,24.376652404646034,23.75461069094341,24.032699960500352,39887900
2012-04-24,24.457151412963867,24.81574045842961,24.14979176682816,24.420561377705916,30282900
2012-04-25,24.647417068481445,24.940142850756786,24.303464693053908,24.91086971420126,32379600
2012-04-26,24.793779373168945,24.984049172999477,24.40591730208227,24.457143894022792,28828900
2012-04-27,24.51569366455078,24.94746270941296,24.435193925258467,24.910872680181985,28829900
2012-04-30,24.17906951904297,24.449839181516225,23.952206790589482,24.40592945585518,26263300
2012-05-01,24.588884353637695,24.8157470995748,23.966845212861255,24.091251924359945,35450300
2012-05-02,23.93025016784668,24.391292455744566,23.900977021266296,24.36201930916418,32805100
2012-05-03,23.776525497436523,24.09130115519546,23.57887547099519,23.996135707095117,31713200
2012-05-04,23.13233757019043,23.82777092315039,23.110375987834615,23.674044035403227,34461400
2012-05-07,23.18357276916504,23.410503465715845,22.737030505026986,22.795593310467435,36302400
2012-05-08,22.9273681640625,23.139659282293557,22.693116858599208,22.75167968496503,27727300
2012-05-09,22.290496826171875,22.69311606889506,22.10748782561627,22.605271134279306,47974900
2012-05-10,22.436901092529297,23.02253067733905,22.297813874152915,22.766317821250265,36923000
2012-05-11,21.485254287719727,21.939115771076604,21.316886363127583,21.492574814386476,59709500
2012-05-14,20.599489212036133,21.353486670925523,20.540926397498446,21.148516121919805,51814200
2012-05-15,20.34328269958496,20.936231514961637,20.240796702129355,20.775182688780536,60977400
2012-05-16,19.706403732299805,20.819098480036786,19.69908320677223,20.570206197089107,54396100
2012-05-17,19.333059310913086,20.057774358372406,19.27449652110568,19.742998839564944,68419000
2012-05-18,19.040246963500977,19.435545478890887,18.90848032628862,19.3769826841573,60358300
2012-05-21,19.215944290161133,19.574641749361067,18.849926303681872,19.17934305001233,47884900
2012-05-22,19.706403732299805,20.27739215722345,19.413589692434144,19.50875373179768,50788200
2012-05-23,19.874773025512695,19.889414077595365,19.09149489030842,19.420911580930582,48579300
2012-05-24,19.516080856323242,20.07974894631314,19.259867961214383,19.955302762760148,40744800
2012-05-25,19.376983642578125,19.713720776137244,19.28914014425643,19.303781192725786,25276300
2012-05-29,19.779603958129883,19.816205182797223,19.52339119671683,19.6478373153319,27076800
2012-05-30,19.03293800354004,19.479480457345534,19.01829694689933,19.420917627030715,33578900
2012-05-31,19.406267166137695,19.603917146262283,18.93044422588199,19.179336483169095,37222100
2012-06-01,18.58638572692871,19.091490744103712,18.48390117710232,18.930443394912633,41527800
2012-06-04,18.169126510620117,18.688872602549235,18.01539967823447,18.63762892884001,38793800
2012-06-05,18.849925994873047,18.945090055449594,18.11056950674771,18.117890033907102,36086100
2012-06-06,19.867450714111328,19.874771239494816,19.04025089324175,19.25986106975652,47077900
2012-06-07,19.699087142944336,20.460405194965254,19.53071921091009,20.328638501634885,44148600
2012-06-08,20.328643798828125,20.343284856623914,19.296472960443086,19.501442184591642,36994900
2012-06-11,19.384302139282227,20.863014370085857,19.34770091818442,20.811772102050092,58250900
2012-06-12,20.21883201599121,20.240792199222877,19.340388384285387,19.51607683137702,43147200
2012-06-13,20.255434036254883,20.570209706404576,19.816212203400603,20.013862237622188,46785400
2012-06-14,20.431123733520508,20.614132725326492,20.182231392964542,20.321318617686476,45508800
2012-06-15,20.723936080932617,20.723936080932617,19.838173306024576,20.570209211071624,60019800
2012-06-18,20.167587280273438,20.58484889116498,20.130986045961635,20.48236292184627,32822200
2012-06-19,20.863019943237305,21.002107133808174,20.409157140649576,20.445759767772152,42654400
2012-06-20,21.126558303833008,21.455973648886314,20.77517998102924,21.009432661647683,47693300
2012-06-21,20.372556686401367,21.37544636783199,20.321314402723804,21.141193734059886,39787200
2012-06-22,20.489681243896484,20.775174750311454,20.35059405522749,20.614127381916653,29956200
2012-06-25,19.58196258544922,20.006543400610916,19.398953589323526,19.955301105095373,43716100
2012-06-26,19.567317962646484,19.838171841872562,19.450192338183204,19.647842353057833,34250300
2012-06-27,19.838172912597656,19.926016437562502,19.39895109903045,19.62588183414524,29528900
2012-06-28,19.31842803955078,19.574640898194893,18.762080556744284,19.369670332030054,68262300
2012-06-29,20.06510353088379,20.196870213811508,19.772289455626442,20.094385636533346,54296400
2012-07-02,20.10170555114746,20.44576332471805,19.743008120428442,20.109026077845527,29971400
2012-07-03,20.24079704284668,20.328641985537626,19.90406112106871,20.05778802546787,14966500
2012-07-05,19.64784049987793,20.218828912466613,19.545355937200775,20.14562505501974,31836300
2012-07-06,19.296470642089844,19.596605309603554,19.10614110235589,19.35503346998891,27552100
2012-07-09,19.11345100402832,19.311099565647677,18.886518950367996,19.186653451018433,27902500
2012-07-10,18.945083618164062,19.479470749239937,18.813318362810403,19.35502462231094,27895100
2012-07-11,18.937767028808594,19.369666872383473,18.827960540254,19.003648967194845,37863200
2012-07-12,18.50587272644043,18.776725295918226,18.410707253517295,18.747444578575124,36919200
2012-07-13,19.508752822875977,19.743004043854633,18.69619407463719,18.725474779135816,48422100
2012-07-16,19.625879287719727,20.1529459541134,19.486793491863597,20.094383146319377,59427600
2012-07-17,20.043134689331055,20.06509626061079,19.4794683222892,19.860125784074665,39561100
2012-07-18,19.838172912597656,20.130986989559904,19.699085702447714,19.904056254445116,32283900
2012-07-19,19.464828491210938,20.021175765508573,19.362343944661742,19.882088597872357,33200800
2012-07-20,18.937767028808594,19.223260548056523,18.92312597750165,19.223260548056523,31663300
2012-07-23,18.549787521362305,18.60835033026272,18.308215760117154,18.37409909466106,39012600
2012-07-24,18.47658348083496,18.659592431393445,18.235011721947657,18.622991199780742,35737900
2012-07-25,18.879207611083984,19.106138362115008,18.6376344098683,18.644954936836754,37005900
2012-07-26,19.23790168762207,19.413590115368926,19.032931157126985,19.37698748693364,29947900
2012-07-27,19.984580993652344,20.20419261768839,19.289147674824314,19.47215666339713,52233900
2012-07-30,19.867450714111328,20.043139134572634,19.75032510047046,19.94797509708222,26263900
2012-07-31,19.860137939453125,19.962623938571216,19.589285375797015,19.750332808342595,24735600
2012-08-01,19.603912353515625,20.0138518668415,19.39894189872919,19.984569774909012,38396000
2012-08-02,19.171859741210938,19.508721384671336,19.040043829676247,19.215797912799406,31938700
2012-08-03,20.065277099609375,20.27032423259632,19.479430143602848,19.655184230404807,39855200
2012-08-06,20.914756774902344,21.039249432951678,20.072601215989504,20.19709387403884,40063000
2012-08-07,21.156414031982422,21.522568661247714,20.922075292735684,20.958691593723653,39406800
2012-08-08,21.134449005126953,21.339494736152513,20.826879011819333,20.96601678736688,21628800
2012-08-09,21.134449005126953,21.22964860927892,20.958694922775354,21.09050943696209,17522000
2012-08-10,21.16373634338379,21.229644285438333,20.760966827956246,20.97333577708944,25277600
2012-08-13,21.075868606567383,21.346822348295124,20.900114488394628,21.11980678691818,22901800
2012-08-14,21.068532943725586,21.37610281869854,21.00262501360504,21.171055769793657,26002900
2012-08-15,21.046566009521484,21.207673528917425,20.914750131484382,20.987981330034877,19283200
2012-08-16,21.105152130126953,21.193029853741873,20.731674249109357,21.06121396670401,21641400
2012-08-17,21.258935928344727,21.310197347293172,21.083181893334814,21.171058212455318,27365000
2012-08-20,21.954627990722656,21.954627990722656,21.134442524578965,21.207672322193723,31880800
2012-08-21,22.503864288330078,22.78946586303339,22.07180169276501,22.137709641021996,64434500
2012-08-22,22.328113555908203,22.643006823048687,22.159682728246334,22.38669825234578,31092000
2012-08-23,21.669034957885742,22.408667609263038,21.56651209027064,22.30614334487862,31208400
2012-08-24,21.844785690307617,21.925340157792657,21.251615566672676,21.478631051585218,29697600
2012-08-27,21.742258071899414,22.027858180524966,21.54453427511151,21.896042315999697,24897100
2012-08-28,21.4859561920166,21.88872577114638,21.463986408934,21.62509535800129,20453900
2012-08-29,21.903371810913086,21.998572805405573,21.383432860329705,21.4346942896245,26634600
2012-08-30,21.712974548339844,21.81549881942051,21.50060553772802,21.771559247484767,21811500
2012-08-31,21.75690460205078,22.10841406247766,21.632413385011347,21.8960437343704,25333200
2012-09-04,21.749588012695312,22.020541687002037,21.625095368704077,21.625095368704077,23189700
2012-09-05,21.800846099853516,21.910692204936876,21.67635347495397,21.764229800313057,18163900
2012-09-06,22.789470672607422,22.81143906214995,21.881405726485166,21.89605225069314,59369400
2012-09-07,23.485158920288086,23.763437235208237,22.994511635657524,22.994511635657524,52132900
2012-09-10,23.30939483642578,23.873271690906464,23.26545668860995,23.529088369042007,32084700
2012-09-11,23.91722297668457,25.257350412249885,22.935928347536695,23.353344448621986,37575500
2012-09-12,24.20282745361328,24.590953372781943,24.034396610537385,24.173534404329054,41363700
2012-09-13,25.228055953979492,25.264670860286742,23.902575114766027,24.144238524762798,62548500
2012-09-14,25.47704315185547,25.81390478498332,25.25002624594488,25.66012049075606,59510200
2012-09-17,24.94245719909668,25.425781253170147,24.788670114157235,25.24270391763416,31628600
2012-09-18,24.85457992553711,24.898519495025777,24.40054888164217,24.70812028098553,37055100
2012-09-19,25.03032875061035,25.29396051032556,24.810636548693644,24.920481252883043,44888800
2012-09-20,24.75937271118164,24.891188578172237,24.356600454522795,24.576295428532216,31832500
2012-09-21,24.656850814819336,25.19143901930669,24.53968144794741,25.147499459152943,30342600
2012-09-24,24.52503776550293,24.737405322782482,24.312667414685315,24.363928838187764,28090000
2012-09-25,24.063684463500977,24.825286819196563,24.056359805992145,24.664177876462176,37088900
2012-09-26,23.807376861572266,24.019747253532188,23.346022563903468,23.829348042714102,46571400
2012-09-27,24.14423942565918,24.407871230569565,23.84399271307533,24.049038430877456,32072500
2012-09-28,23.961156845092773,24.254078835854713,23.82201631545841,23.968478707608266,28952300
2012-10-01,23.983131408691406,24.598271379465032,23.94651649959958,24.16620874768905,33550700
2012-10-02,24.356613159179688,24.44449231203717,24.07101289624061,24.363937818687358,25460500
2012-10-03,24.94245719909668,24.94245719909668,24.202823199149766,24.48842339561975,34206500
2012-10-04,25.601533889770508,25.69673488628703,25.09624145017685,25.198764310946135,39524000
2012-10-05,25.46238136291504,26.172721905879317,25.337887394466073,25.916412108972303,42369700
2012-10-08,25.46971321105957,25.550267670433602,25.06694370772732,25.06694370772732,20622700
2012-10-09,25.33789825439453,25.68940914329957,25.27931496860237,25.499007179014505,29208800
2012-10-10,25.73334503173828,25.762638070404464,25.330575527461022,25.41845184992164,29302200
2012-10-11,26.011619567871094,26.48029694491674,25.89445022360968,26.121464256751313,44125600
2012-10-12,25.447750091552734,26.106829628605468,25.38184213784746,25.491689658535748,42554900
2012-10-15,26.846460342407227,26.875753386510734,25.777289374475185,25.92375180145428,76080200
2012-10-16,27.27851676940918,27.38836426307696,26.546207594391483,26.663376950652804,128150100
2012-10-17,28.142650604248047,28.17926551572085,27.505542205297438,27.58609389312214,69122700
2012-10-18,28.13532257080078,28.35501760036102,27.835075863078583,28.00350946401832,43728600
2012-10-19,27.212604522705078,27.871683793268623,27.102757046432036,27.849712621891594,59598800
2012-10-22,27.62271499633789,27.644683387216435,27.161359233115274,27.249235590168478,35734500
2012-10-23,27.014896392822266,27.31514316924317,26.94898842758163,27.088129017277964,36533100
2012-10-24,27.315147399902344,27.608072356016343,27.110101606746195,27.27853247877295,41788700
2012-10-25,27.395692825317383,27.71058607106551,27.022216283880894,27.622709730763717,32797300
2012-10-26,26.802526473999023,27.322468339982255,26.71465011654597,27.197974272846313,40482500
2012-10-31,27.38104820251465,27.446956160697844,26.905048765448168,27.08080145824424,34193700
2012-11-01,27.798568725585938,27.83519342123052,27.35906399499541,27.520216008973787,36174700
2012-11-02,27.542192459106445,27.952396348108216,27.47626688398626,27.908445033266293,24526300
2012-11-05,27.33709716796875,27.534873931356696,27.066070993379007,27.322446726871206,25782400
2012-11-06,28.17947006225586,28.201444319502457,27.417664142477264,27.432314578736662,39803700
2012-11-07,26.406816482543945,27.681376981157083,26.370191775046926,27.55684962252394,68287600
2012-11-08,26.37018585205078,26.846315325426986,26.33356115278002,26.707137556198482,40321600
2012-11-09,26.31891441345215,26.7510926318767,25.930687516901326,26.062538688236668,37701300
2012-11-12,26.677841186523438,26.91224544888893,26.34088942544478,26.45809015948457,24364200
2012-11-13,26.487384796142578,26.93421336252655,26.31890895532793,26.377507911387905,25977400
2012-11-14,25.652334213256836,26.70714076825734,25.55710774827165,26.58261621690314,49909500
2012-11-15,25.791505813598633,26.223683966429235,25.64500422387403,25.77685537519763,39677700
2012-11-16,25.623029708862305,25.864757748649254,25.029699533800553,25.74755703689099,52828200
2012-11-19,26.44344139099121,26.677842873896683,26.150440934502413,26.1724152003104,34352000
2012-11-20,26.37018585205078,26.65586241836233,26.15043486214078,26.26030895995306,37247900
2012-11-21,26.201709747314453,26.436111173529522,26.062534773713452,26.436111173529522,19638900
2012-11-23,26.392160415649414,26.443435554074032,26.238335000375557,26.340885277224796,13501300
2012-11-26,26.05521011352539,26.2529868556715,25.901384689951403,26.245663033052296,25519300
2012-11-27,25.666982650756836,26.23833580751297,25.652332211572634,26.025908630770363,31273300
2012-11-28,25.688955307006836,25.696281923283852,24.934475899026285,25.46920432154783,48663700
2012-11-29,25.791505813598633,26.106483253506635,25.652330840217235,25.91603314286444,31678000
2012-11-30,25.322710037231445,25.813490080793063,25.066334279294463,25.601062856053165,41674500
2012-12-03,25.066326141357422,25.630355419989403,25.000400568678742,25.608378366239656,38383600
2012-12-04,25.117603302001953,25.278752541546663,24.956451268171737,25.00040258493057,31781900
2012-12-05,26.70713233947754,27.153960848443663,25.71092506590419,25.835452372243303,84672900
2012-12-06,27.117341995239258,27.124665817525635,26.553312673481393,26.802364545500637,44260900
2012-12-07,27.57149887084961,27.652074900426673,27.329773576404374,27.41034681169549,43946600
2012-12-10,27.241865158081055,27.468942757485664,27.12466444742053,27.359065868741578,26715900
2012-12-11,27.102689743041992,27.512893620771283,26.978165212506585,27.417667171706654,29748900
2012-12-12,27.490921020507812,27.703348212725977,27.183270158083516,27.212571038586525,42252800
2012-12-13,27.31513023376465,27.652082086574907,27.263855073305987,27.468955715140638,30445400
2012-12-14,27.542192459106445,27.600794212229008,27.19791693951025,27.329768089750626,24596000
2012-12-17,28.67757225036621,28.714196941997937,27.659387939581062,27.66671455447832,52474700
2012-12-18,28.90464973449707,29.256251836954277,28.40654605744475,28.721523464824454,62611800
2012-12-19,28.8973331451416,29.3807865062966,28.79478285554597,29.07313284322388,45812600
2012-12-20,29.42473793029785,29.432064548439254,28.78745907201454,28.802109514011246,37806600
2012-12-21,28.926637649536133,29.04383839436656,28.201456119826116,28.49445937904527,47568200
2012-12-24,28.846059799194336,28.970584360244196,28.68490773733123,28.816758916258138,8674800
2012-12-26,28.970582962036133,29.117084575360526,28.69955679367181,28.86803267099481,20297700
2012-12-27,28.750829696655273,29.212308764632137,28.26737636639377,29.06580716273473,30332300
2012-12-28,28.575021743774414,28.750824191244543,28.399222090589394,28.435846785479182,24563800
2012-12-31,28.97791290283203,29.007210993428213,28.31133314033227,28.52375757001395,37172800
2013-01-02,30.215845108032227,30.325722026139513,29.812967732115684,29.966793182037,45648500
2013-01-03,30.31839370727539,30.398969736796023,30.062017971787874,30.157241648234127,38343300
2013-01-04,31.08019256591797,31.160768576464875,30.494189026874952,30.589412680898306,46310100
2013-01-07,31.109500885009766,31.1680998557924,30.743248236188972,31.1607760323018,36305100
2013-01-08,31.102153778076172,31.10948039102617,30.787176484044913,30.977629300767315,28185200
2013-01-09,30.794517517089844,31.680848087760538,30.626041666041438,31.131469219186656,44923500
2013-01-10,31.373197555541992,31.54167340816343,30.750566488773615,31.014268795236884,42154200
2013-01-11,31.014259338378906,31.373187989239604,30.70660580988622,31.365861375024405,42517300
2013-01-14,30.92637062072754,31.168095885125922,30.5527914017224,31.02892090224719,26795300
2013-01-15,31.182756423950195,31.307283802045514,30.59675262955416,30.62605351784559,29118700
2013-01-16,31.11680793762207,31.38783396927578,30.94833214528142,31.160759237735288,36165300
2013-01-17,30.208507537841797,30.486857426955154,29.95945572517707,30.420931864947292,80185700
2013-01-18,30.51616668701172,30.574768444589083,30.11328938366695,30.230490104536074,40807100
2013-01-22,30.60406494140625,30.633365818674854,29.900860652672517,30.28908749648241,42035900
2013-01-23,30.77986717224121,30.926368763163634,30.428265030598656,30.65533984195725,32339300
2013-01-24,31.351219177246094,31.644222348568665,30.794516504875602,30.838465024574255,34462600
2013-01-25,31.43179702758789,31.746774477183504,31.219369855667967,31.592949060669973,26707200
2013-01-28,31.014259338378906,31.483062053906238,30.93368334771928,31.483062053906238,27213600
2013-01-29,30.882417678833008,31.204718945847215,30.728592264641144,30.81649210213857,26998900
2013-01-30,30.728595733642578,30.897071605484438,30.589417948083735,30.757896614211365,21801200
2013-01-31,30.889781951904297,30.98503111371948,30.49413416739672,30.684632491027084,21324700
2013-02-01,31.519887924194336,31.65177052263902,30.93374459496899,31.12424012886028,34997400
2013-02-04,30.926420211791992,31.431971169217668,30.89711234282049,31.043648892725788,25691500
2013-02-05,31.446619033813477,31.65177130029666,31.028991726795173,31.080279094677987,24224200
2013-02-06,31.5418701171875,31.5418701171875,31.138896718642545,31.15355065249263,22059300
2013-02-07,31.409982681274414,31.864246175972102,31.00700934464722,31.585827065504432,29381400
2013-02-08,31.27076530456543,31.57116382639433,31.182844535846225,31.46858913039678,17441800
2013-02-11,31.615135192871094,31.798305146955048,31.131566625887526,31.2561208530878,23462700
2013-02-12,32.494354248046875,32.60425735711915,31.505237446205026,31.681081861730238,39087500
2013-02-13,32.237911224365234,32.73613371233792,32.06206684245362,32.58227162501002,26663400
2013-02-14,32.472373962402344,32.545640836718434,32.05474662990602,32.113362365320576,20048500
2013-02-15,32.12068557739258,32.61157974817763,31.966823475649672,32.58960024648633,23244700
2013-02-19,32.60425567626953,32.75811778507693,32.2012822886993,32.23059015560129,23709100
2013-02-20,31.666427612304688,32.58960309850398,31.593157942001795,32.58960309850398,26464100
2013-02-21,31.02898597717285,31.358692420291092,30.691953966408168,31.35136685264465,37602900
2013-02-22,31.351377487182617,31.483260109165133,31.0729583080026,31.35870305731393,23756400
2013-02-25,30.14977264404297,31.776319778417886,30.069177424849116,31.593149842050558,34939800
2013-02-26,30.252349853515625,30.46482766799477,29.512341684454242,30.34027064762878,46233000
2013-02-27,30.889781951904297,31.021664546740155,30.054527381245045,30.259676842122257,29204600
2013-02-28,30.750579833984375,31.27810752208755,30.58938934306134,30.83117507944589,28914100
2013-03-01,30.853147506713867,31.153546119551372,30.054526395274895,30.45017416680283,29850300
2013-03-04,31.461275100708008,31.461275100708008,30.750577471147732,30.76523140510132,27216000
2013-03-05,31.94483184814453,32.25988432347075,31.578492020551355,31.805623719841513,43223400
2013-03-06,32.66286087036133,32.787415072075355,32.16463847360298,32.21592582665594,35986300
2013-03-07,32.97059631347656,33.06584548541319,32.56762291752449,32.64821815570532,40245900
2013-03-08,34.20149612426758,34.21615005687717,33.241684500478236,33.688619662739285,63728900
2013-03-11,34.87556076049805,35.11001809574881,33.996347150783635,34.29674578625817,51807400
2013-03-12,34.399314880371094,34.76565475599815,33.996341576171616,34.68505953616797,35089100
2013-03-13,34.413978576660156,34.43595808105058,33.94506384998289,34.34803726853665,27654300
2013-03-14,34.77297592163086,34.91951241232112,34.472577373443826,34.47990573520144,26017300
2013-03-15,34.62644577026367,34.85357751216383,34.3773345289689,34.81694408152229,48856400
2013-03-18,33.87910842895508,34.11356569462665,33.63732280157129,33.73257193917257,38550200
2013-03-19,33.549400329589844,34.39930857341989,33.2636557261829,34.06960218681536,44416000
2013-03-20,33.76921463012695,34.040305393901505,33.68129383010987,33.80584806388808,24498700
2013-03-21,33.13911819458008,34.03298874641723,33.13179262388829,33.637340850198896,33126900
2013-03-22,33.13911819458008,33.366250015361544,32.93396867577912,33.35892164971719,26449100
2013-03-25,32.5969352722168,33.571398244025644,32.47970658098522,33.52743643670664,32795800
2013-03-26,32.84603500366211,33.036530511606905,32.50167462185448,32.743457489436395,24940500
2013-03-27,32.57494354248047,32.7068261313125,32.35514015941096,32.55296404265901,26298000
2013-03-28,32.413761138916016,32.787426671199924,32.274550164280114,32.56762325250632,25355400
2013-04-01,32.08405685424805,32.758121091314074,31.98880767467922,32.472376347559894,19623400
2013-04-02,32.31850814819336,32.58959890605961,32.149992120603436,32.223258986528876,25145000
2013-04-03,31.138900756835938,32.311187667347596,30.919097310484055,32.21594127739834,47968100
2013-04-04,31.336719512939453,31.490581620436792,30.882458759634545,31.160875107976782,38527900
2013-04-05,31.512554168701172,31.622457246918227,30.479475854276107,30.58937893249316,32561500
2013-04-08,31.915538787841797,31.959497794914938,31.168204923124947,31.549198822487583,23502800
2013-04-09,32.15730667114258,32.443051263279465,32.00344462844592,32.01077019454779,26793500
2013-04-10,33.01454162597656,33.15374973470246,32.369782837500026,32.406416256117296,28334200
2013-04-11,32.875343322753906,33.373565832769295,32.71415566006782,33.043859348942675,28399900
2013-04-12,32.80940246582031,32.83138476167128,32.28187487957763,32.57494513972316,24702000
2013-04-15,32.875343322753906,33.91575013894548,32.846038253598465,33.776539181912156,56796300
2013-04-16,34.18684768676758,34.27476850160544,33.57872475795655,33.61535819789297,40230100
2013-04-17,33.51277160644531,33.857129174112636,33.021874740906945,33.813170179702645,36241300
2013-04-18,33.036529541015625,33.52009805692401,32.87533910406236,33.52009805692401,29877900
2013-04-19,32.99258041381836,33.33694091768251,32.90465959398479,33.29297911028949,23630500
2013-04-22,33.08049774169922,33.16109018084123,32.618908634130555,33.087823310729604,19919400
2013-04-23,34.040313720703125,34.15754241438584,33.263674673162335,33.285654179805185,28837900
2013-04-24,34.52387237548828,34.75100412613191,33.996344805049205,34.003670373478876,23560500
2013-04-25,34.516536712646484,34.934163864794606,34.362674666055256,34.57514962779752,25633900
2013-04-26,34.3773307800293,34.59713692981135,34.06228107490771,34.43594649862486,14989200
2013-04-29,34.30406188964844,34.648422228569856,34.2234666788412,34.575152584676395,14224700
2013-04-30,34.18684768676758,34.58249554596645,34.05496506703462,34.3260558765069,18085000
2013-05-01,33.608028411865234,34.12823329879456,33.43951235932133,34.05496362706752,21943100
2013-05-02,34.106346130371094,34.21627036233684,33.33686532436912,33.70328502204248,19996300
2013-05-03,34.42146301269531,34.809866949340304,34.34817740493959,34.531387230988756,20347400
2013-05-06,34.79521942138672,35.212937716305596,34.36284400087549,34.38482829148358,29160400
2013-05-07,35.25690841674805,35.396146913863035,34.70727879760247,35.0224000028908,27492800
2013-05-08,36.12165832519531,36.24623969383995,35.08102481897684,35.21293614787159,34220900
2013-05-09,35.61600875854492,36.158311373546965,35.38883023779081,36.114339984580866,27058600
2013-05-10,35.725929260253906,35.821199187705034,35.491420820036616,35.579360786227824,18476600
2013-05-13,35.85051727294922,35.887161494900184,35.469443083826256,35.54272593660491,17096400
2013-05-14,36.70793914794922,36.78855195886401,35.92380092542413,35.94578522092399,35998300
2013-05-15,37.623985290527344,37.7045980940629,36.5686972697121,36.612665856686974,40824400
2013-05-16,37.08901596069336,37.63864571044741,37.00840315010626,37.37482298327563,25290000
2013-05-17,37.70459747314453,37.74123889354059,37.22092345545753,37.4774161937911,23610900
2013-05-20,37.814517974853516,38.18093773350737,37.55802526202018,37.71192088972018,24697300
2013-05-21,37.858497619628906,38.23957458731376,37.66796053356723,37.66796053356723,28171000
2013-05-22,37.37480926513672,38.75987527884917,37.25755507338224,37.99039447073786,44035800
2013-05-23,37.03038787841797,37.30886773763945,36.04105543551954,36.055712564485034,42219400
2013-05-24,37.02305603027344,37.03771315738559,36.64197911204087,36.70060762048949,23094900
2013-05-28,37.95376968383789,37.96109685097417,37.43345415475027,37.602006954501405,28201000
2013-05-29,38.312862396240234,38.54004373202572,37.59467975494783,37.68994970809167,30015100
2013-05-30,39.038368225097656,39.250892393085,38.283544285318015,38.30552858008864,30310100
2013-05-31,38.100345611572266,39.162961173799374,38.100345611572266,39.038379739272635,34618000
2013-06-03,38.07834243774414,38.27620945218266,37.08901016111258,38.15162807025528,35191300
2013-06-04,37.54336929321289,38.56201580637337,37.37481653450499,38.027043277719336,27899200
2013-06-05,36.663970947265625,37.726589119223775,36.466103883889,37.45543920077213,38307500
2013-06-06,37.250244140625,37.272228437545614,36.37083592149877,36.539388720867365,35143600
2013-06-07,37.814517974853516,37.96841639811442,37.26488833687273,37.57268238783364,30885500
2013-06-10,38.05635452270508,38.195593017878814,37.52870920110227,38.107653062798605,22354400
2013-06-11,36.6053352355957,37.26488913801558,36.51006531354048,37.15496488539275,51536900
2013-06-12,36.23158645629883,36.971755969574495,36.026392276251414,36.883816006062894,38569300
2013-06-13,36.8545036315918,36.8545036315918,35.76257141305056,36.1143340805881,34191300
2013-06-14,36.07035827636719,36.89846483409219,36.04837119209759,36.80319771931289,27362500
2013-06-17,36.17295837402344,36.92778216875789,35.94577712132316,36.502736710020336,32128600
2013-06-18,36.64931869506836,36.82520148444437,36.268244443284175,36.29022874362039,19535800
2013-06-19,36.29756164550781,36.861848739623966,36.20962163470969,36.63467014543194,32511000
2013-06-20,35.10302734375,35.91647716897133,34.83920456992169,35.83586713968999,48678600
2013-06-21,34.34819030761719,35.425465384036954,33.35152803223035,35.34485258300403,76788800
2013-06-24,33.300228118896484,33.73260356487223,33.021751102923716,33.54206651207186,50809800
2013-06-25,34.443458557128906,34.6926241138327,33.798558975855364,33.82787322854075,38838900
2013-06-26,34.89049530029297,35.04439095196128,34.48010410028279,35.029733823865065,30623500
2013-06-27,35.38149642944336,35.6819605658158,35.03706370444555,35.27889932856906,29309200
2013-06-28,35.15431213378906,35.462103385634,34.934458044687396,35.264236382779025,28063600
2013-07-01,35.35951232910156,36.055710540289404,34.22361145588,35.5427222375425,27234700
2013-07-02,35.28623962402344,36.026406636776855,35.007759700410304,35.3741796225889,26615400
2013-07-03,34.93445587158203,35.007741495244126,34.553381810781914,34.78789021537923,15269700
2013-07-05,35.564693450927734,35.601337655586896,35.00773676416848,35.35949932352595,21649800
2013-07-08,36.290218353271484,36.47342825845022,35.76257293177711,35.85051290350574,26617000
2013-07-09,36.795875549316406,36.82518980417482,36.202277264020225,36.64197990465156,29512900
2013-07-10,36.37083053588867,36.817863144157926,36.29021773170094,36.57602473159472,23768300
2013-07-11,36.671287536621094,37.110990097841494,36.312194968361226,37.09633297305938,31097900
2013-07-12,37.23557662963867,37.257560920430116,36.59067707600092,36.75190266330058,26672500
2013-07-15,37.96842575073242,38.22491852674665,37.382151756022886,38.136978545764855,57329500
2013-07-16,37.98307418823242,38.42277678808286,37.74856296667644,38.10765556648436,33099000
2013-07-17,37.95376968383789,38.39347239661809,37.946439721139946,38.100338186618515,34814200
2013-07-18,38.613319396972656,38.6206493588437,38.144302477434614,38.22491528464797,33211400
2013-07-19,38.36415481567383,38.584008948592306,38.21758912114342,38.569351820026974,21762600
2013-07-22,38.84051513671875,38.84051513671875,38.22492950197468,38.38615517636744,20047200
2013-07-23,38.752567291259766,39.06035864858773,38.59134164948122,38.96508869703115,19492100
2013-07-24,38.246891021728516,38.96507336852925,38.18826531768393,38.82583487530771,22674500
2013-07-25,38.591339111328125,38.62065337073474,37.66796230451293,38.09300788366226,23057000
2013-07-26,38.26155471801758,38.44476461740923,37.97574772225639,38.415450362571875,16248100
2013-07-29,37.84383773803711,38.07101902789099,37.59467215404171,38.034377605801346,16327800
2013-07-30,37.946434020996094,38.10765962939235,37.733912659227954,37.97574827626109,16099700
2013-07-31,38.210269927978516,38.81119839071099,37.895148563916095,37.895148563916095,27860500
2013-08-01,38.74534606933594,38.994559527972655,38.65738920043429,38.73068612516926,20583300
2013-08-02,38.84796142578125,38.88460988677458,38.48147122365123,38.730684672943575,15440000
2013-08-05,38.75265121459961,38.9285676421472,38.66469439887419,38.796631020510695,10699700
2013-08-06,37.73381423950195,38.62071946656978,37.67517728698444,38.54742257689861,23692600
2013-08-07,37.74848937988281,37.851106185190275,37.23540255724728,37.38932776520847,18613400
2013-08-08,37.9537239074707,38.20293735328056,37.433308498781926,38.1809488362115,18623800
2013-08-09,37.61655044555664,38.1149772954153,37.5579134729193,37.90974369703753,15613000
2013-08-12,37.30868148803711,37.469935179644445,37.125436496044976,37.381978366395295,17413200
2013-08-13,37.946388244628906,38.22492152522717,37.19141947458649,37.41131299249131,23814200
2013-08-14,37.81444549560547,38.43747749552663,37.80711692449582,38.07831879311002,17240200
2013-08-15,37.27937316894531,37.45528684994895,36.8908945603062,37.39664988831359,26231400
2013-08-16,36.90555953979492,37.44063765637938,36.81027410739332,37.15477297088015,23497000
2013-08-19,36.15791702270508,36.74430066264349,36.13592571389018,36.69299226890499,22958800
2013-08-20,36.59037780761719,36.83226266575823,35.74745208098509,36.11394225676378,29313400
2013-08-21,36.03330612182617,36.60502977675483,35.93801791397222,36.50241299726482,30669600
2013-08-22,36.583038330078125,36.84691162536177,36.12126006333175,36.39979329680863,22411800
2013-08-23,36.52442169189453,36.89091196231162,36.4218020674547,36.729655348576465,15302800
2013-08-26,36.35580825805664,36.898214708875706,36.35580825805664,36.502404822826406,16604100
2013-08-27,35.358970642089844,36.16524784771757,35.300330876394334,35.798757700414434,29854200
2013-08-28,35.41027069091797,35.86471758352885,34.9191725553391,35.21969429343461,29616600
2013-08-29,35.527549743652344,35.84273144052,35.38095315039571,35.47624135542714,17293800
2013-08-30,35.424930572509766,35.70346100516177,35.03644920722605,35.70346100516177,24902000
2013-09-03,36.18724060058594,36.53174227415532,35.44693164660082,36.18724060058594,28906900
2013-09-04,36.35580825805664,36.61235294542796,36.003978180267346,36.143246175042236,18949600
2013-09-05,36.546390533447266,36.795603894975564,36.37047406809309,36.53905916617144,17765800
2013-09-06,36.077274322509766,36.7809344090786,35.83538959494737,36.7809344090786,24627200
2013-09-09,36.71498489379883,36.73697340897875,36.179909587669044,36.275197813612124,22388100
2013-09-10,37.44795227050781,37.77046249800587,37.04481378711096,37.19141036182721,24843900
2013-09-11,37.184085845947266,37.46994768145706,36.83958425130849,37.41131071842568,22251600
2013-09-12,36.839603424072266,37.206093721071426,36.627041176848046,37.13279678011122,21341600
2013-09-13,37.008174896240234,37.10346031772151,36.81026988869803,36.861578283679584,12571800
2013-09-16,37.38198471069336,37.711826311477736,37.19141111696081,37.52124992164803,19369100
2013-09-17,37.5285758972168,37.587212842212104,37.28669115935717,37.49192745708263,15469000
2013-09-18,38.26888656616211,38.598728137768994,37.36732146783457,37.396641339998936,31901700
2013-09-19,38.07831954956055,38.759991316290055,38.041671101089605,38.6647031133877,25368500
2013-09-20,37.53591537475586,38.18826730544662,37.46994704490525,38.13695891512921,28157600
2013-09-23,36.33383560180664,36.773622691866414,36.12860199925849,36.6123689167635,34571800
2013-09-24,35.886714935302734,36.26786502809164,35.86472642098155,36.231216572190355,26564600
2013-09-25,36.10659408569336,36.31183038997209,35.674135767669505,35.94534038473481,26930400
2013-09-26,35.864715576171875,36.2751854280027,35.54953391774942,36.11392891548039,23345400
2013-09-27,35.83541488647461,36.062639839756415,35.68881823261856,35.74012664205339,20243100
2013-09-30,35.55686950683594,35.813414263405924,35.05844552593222,35.38095581853996,23789300
2013-10-01,35.62284469604492,35.98933487932151,35.490908006377495,35.80608978768321,21040400
2013-10-02,35.70347595214844,35.952689409340195,35.30033727624666,35.49091095711168,23568300
2013-10-03,35.476261138916016,35.9013884207271,35.20505631151861,35.7767830644356,22013300
2013-10-04,36.018653869628906,36.05530232782585,35.46159003518023,35.51289843587558,18436000
2013-10-07,35.31498336791992,35.674142070695574,35.300323429588644,35.63749362291605,19144300
2013-10-08,34.941162109375,35.51288852282884,34.90451366140808,35.34430342530314,24655300
2013-10-09,35.14638900756836,35.46157060837371,34.88984434853559,35.168377511221,22597700
2013-10-10,36.11394500732422,36.18724192962324,35.60085816293599,35.76944332110243,23989600
2013-10-11,36.077274322509766,36.17989106895564,35.696124409927485,36.172559703582856,22990000
2013-10-14,36.35580825805664,36.57570450325974,35.586179788136505,35.79141609725294,24765900
2013-10-15,35.813419342041016,36.64168789717467,35.65949414392977,36.4217915614751,49035600
2013-10-16,37.264705657958984,37.30868546732272,36.1139272091959,36.231203904735544,41564100
2013-10-17,37.46995162963867,37.54325133627344,36.86157944310854,36.92754778103088,28304600
2013-10-18,37.491939544677734,37.65319329247644,37.24272615688229,37.65319329247644,24565300
2013-10-21,37.40399932861328,37.79980952585024,37.38201080524426,37.52127611341322,18703100
2013-10-22,37.206085205078125,37.667863656509674,37.07415130076754,37.61655525036155,27816600
2013-10-23,36.78828048706055,37.03749390250763,36.59037546925568,36.993516873727415,19530800
2013-10-24,36.75895690917969,36.87623362538202,36.48042365966259,36.84691374730707,20034600
2013-10-25,36.69298553466797,36.83957932067501,36.61235727470575,36.67099422988912,16736600
2013-10-28,36.75895690917969,36.89089356441949,36.6196888863724,36.65633733591736,15543300
2013-10-29,36.81025695800781,36.986170594407476,36.7003088381854,36.84690539924968,16416100
2013-10-30,36.568382263183594,37.01550063907076,36.34848875920071,37.01550063907076,22429200
2013-10-31,35.76194763183594,36.465751942325106,35.75461758960502,36.465751942325106,25056900
2013-11-01,35.73261260986328,35.93788728297168,35.63730531306681,35.82791711000208,19004100
2013-11-04,35.65196990966797,36.02586348182346,35.61531411579512,35.80592592192859,16513900
2013-11-05,35.46868896484375,35.644637898170224,35.358718784021306,35.55666343150699,18394200
2013-11-06,35.6446533203125,35.79127935929622,35.476034354311906,35.74729070860338,17621500
2013-11-07,35.44670104980469,36.018542200579105,35.44670104980469,35.87191619277391,26954900
2013-11-08,36.61237335205078,36.78099228162067,35.5346782111773,35.5346782111773,35134400
2013-11-11,36.7809944152832,36.87630174505877,36.18716310640604,36.50240806156791,16831200
2013-11-12,36.3044548034668,36.663685521047036,36.179821740571015,36.65635548048045,21627500
2013-11-13,36.649024963378906,36.649024963378906,35.937890781373675,36.128502596864195,23536400
2013-11-14,36.8103141784668,36.868965693895454,36.326450362813134,36.663688186553344,21758300
2013-11-15,36.949615478515625,37.22820182715842,36.68568921419416,36.79565662655571,22217400
2013-11-18,37.235530853271484,37.68273888906256,37.07424197566597,37.2428608946816,26353400
2013-11-19,37.51411437988281,37.71205904311546,37.10356497168896,37.213532364601704,20113300
2013-11-20,37.22086715698242,37.60209362508327,37.110896961635895,37.42614187186047,18347200
2013-11-21,37.9246711730957,38.100622938365156,37.22819974708588,37.28685126772851,22868900
2013-11-22,38.423187255859375,38.51849455214245,38.0053050754782,38.078616659291235,26051300
2013-11-25,39.06834030151367,39.354259397223956,38.47450639735237,38.48183923381851,32610000
2013-11-26,38.86307144165039,39.19297923928579,38.82641564117053,38.92905300117747,17661000
2013-11-27,38.89239501953125,39.04635105090749,38.78242762425886,38.83374630138427,13075200
2013-11-29,38.797080993652344,39.28827755685523,38.75309516181705,38.93637691888455,10952100
2013-12-02,38.577144622802734,39.15631566402406,38.51116307637679,38.82640793189433,19854900
2013-12-03,38.217918395996094,38.67978647824242,37.92466642283117,38.46718173418885,20588400
2013-12-04,38.15194320678711,38.34988790219799,37.42614599028054,37.492127555417504,32155300
2013-12-05,37.43345642089844,37.975968701351775,37.35281202326586,37.836675612404434,23556900
2013-12-06,37.748722076416016,38.115285689213515,37.536114509795446,37.93200388281476,19714300
2013-12-09,38.203250885009766,38.459844232920084,38.06395495615181,38.078617832697795,16653500
2013-12-10,37.9320182800293,38.56983842531919,37.89535966750892,38.085974384640735,20025700
2013-12-11,37.17687225341797,37.86601347434064,37.044909159907576,37.84401776098373,24600000
2013-12-12,37.3234977722168,37.49211665707238,36.85429691059122,37.389479318174004,27240800
2013-12-13,37.367488861083984,37.52877491997174,37.15488133271158,37.37481890149155,16743600
2013-12-16,37.316162109375,37.83668156201625,37.257510612180724,37.67539274138932,20312000
2013-12-17,37.16222381591797,37.42615010548592,37.059586435899064,37.389494297859,17951700
2013-12-18,38.09328079223633,38.17392521508605,36.898285716041656,37.25018636393865,32921300
2013-12-19,38.03464126586914,38.21792307235914,37.719396334973666,37.92467106331177,20127100
2013-12-20,38.27656936645508,38.44518828212328,38.049301730695355,38.14460625042636,27871300
2013-12-23,38.423187255859375,38.591806135955494,38.283894127951534,38.48183876023593,13627500
2013-12-24,38.43785858154297,38.46718434017777,38.18126518513411,38.3865399022612,5302600
2013-12-26,38.37920379638672,38.6284671302419,38.269236405857036,38.57714845532978,8882900
2013-12-27,38.313236236572266,38.42320646392447,38.26191754291698,38.38655065369342,11814500
2013-12-30,38.06396484375,38.44519134300071,37.99798607714088,38.30589817461733,11506000
2013-12-31,38.203250885009766,38.21058092495388,37.98331333013553,38.09328070924378,10706800
2014-01-02,38.32056427001953,38.41587160199299,37.983326383539534,38.14461248765766,16479700
2014-01-03,39.14899444580078,39.20031312717859,38.34988566864269,38.40853439164945,26884900
2014-01-06,39.44956588745117,39.80146652086757,39.17097683724991,39.31026996402172,28503100
2014-01-07,39.720829010009766,40.11671834020715,39.42757703282841,40.0214110281245,28840400
2014-01-08,40.18270492553711,40.32199809397379,39.73549686284768,39.80147842614052,25989800
2014-01-09,40.4686164855957,40.52726519934265,40.14603877168469,40.32199050624142,21803700
2014-01-10,40.11671447753906,40.387970712485924,39.80879965148064,40.34398208114676,22485900
2014-01-13,39.38359832763672,40.07273696318406,39.1783207877637,39.92611094803437,21110300
2014-01-14,39.552215576171875,39.882123396997144,39.317615080620236,39.68417870450198,17771000
2014-01-15,40.314659118652344,40.446619419338,39.852788277950076,39.97008849818232,33688100
2014-01-16,38.562477111816406,39.26628112133042,38.379195371177246,39.26628112133042,62946800
2014-01-17,38.32056427001953,38.79709533656943,38.2179268955829,38.599153426818035,33934500
2014-01-21,38.01264953613281,38.855747053118684,37.80004474375562,38.48918340167417,27567400
2014-01-22,38.04929733276367,38.217916228942045,37.76337541664425,38.129938963986255,20841100
2014-01-23,37.184207916259766,37.86601635233144,37.05957485329048,37.86601635233144,34832200
2014-01-24,36.165164947509766,36.780989090779805,35.98188315344371,36.6930146126924,59057100
2014-01-27,35.783939361572266,36.407096358081226,35.45403156479646,35.99654412246485,39675300
2014-01-28,36.36310577392578,36.5537204003784,36.13583814570832,36.13583814570832,24780900
2014-01-29,35.24876403808594,36.187166143373126,34.970174864331725,35.8645883221865,54018100
2014-01-30,35.41741180419922,35.710724826728026,35.03610599380789,35.53473645376268,39940700
2014-01-31,34.77945327758789,35.34407893165078,34.67679457634733,34.838114193765435,33425100
2014-02-03,33.98017883300781,35.0947642281522,33.870185767453094,35.08009829959558,42977600
2014-02-04,34.30282211303711,34.83078437125502,34.22949526483571,34.46414453576813,31286900
2014-02-05,34.50814437866211,34.735459299971424,33.958184592670996,34.28815822647357,32535500
2014-02-06,35.38074493408203,35.395410863505894,34.6621311757529,34.75745831838799,33905600
2014-02-07,36.18000411987305,36.21666752881603,35.57871526204399,35.99668427791934,37875700
2014-02-10,36.165367126464844,36.46601179587285,35.80606151527141,36.334021180304354,19630100
2014-02-11,36.414676666259766,36.56133319340079,35.90138021988646,36.10670047678014,22982800
2014-02-12,36.634647369384766,36.77397228066971,36.40733248842869,36.502656820398826,23626300
2014-02-13,36.56132125854492,36.61265060670255,35.9673637762699,35.98202970392061,20639800
2014-02-14,36.31201171875,36.53199507317363,36.231350502771974,36.34867514494725,18780600
2014-02-18,36.2093391418457,36.59797634575853,36.1946732175344,36.326663739097064,16217800
2014-02-19,35.33674621582031,36.15802145850221,35.33674621582031,35.93803532017388,30294400
2014-02-20,35.29274368286133,35.593388170781644,35.11675536926047,35.54939039307159,25234100
2014-02-21,35.3880729675293,35.56406130580744,35.27074834109045,35.35874390884939,26881700
2014-02-24,35.91604232788086,36.28268220807226,35.424746231099725,35.439412161976215,23874000
2014-02-25,35.490753173828125,35.97471786268754,35.417423495369896,35.88672224853767,20495500
2014-02-26,35.43206787109375,35.64471961336486,34.962769403488196,35.512729069695865,28822100
2014-02-27,35.703392028808594,35.703392028808594,35.16809811686716,35.26342527295658,18598300
2014-02-28,35.65938949584961,36.14335394390924,35.27808374931175,35.39540837922802,31732000
2014-03-03,34.91144943237305,35.38074802598833,34.86745164025651,35.050771578215,28678000
2014-03-04,35.80603790283203,35.901362220026456,35.30007327773291,35.439398167421864,23940500
2014-03-05,36.23868179321289,36.605321646874245,35.90137379918207,35.96003751844313,23620700
2014-03-06,36.45133590698242,36.80330985330099,36.42933840947509,36.59066085050287,26967000
2014-03-07,36.38533401489258,36.96462558688539,36.20201410962192,36.81796910322091,25775500
2014-03-10,36.34868240356445,36.3780142692757,35.98937683894402,36.04803777312584,15397100
2014-03-11,35.51273727416992,36.53199564346145,35.4907397775562,36.50266378314971,33244300
2014-03-12,35.18275833129883,35.300082966943926,35.02143590832183,35.28541703783329,25822400
2014-03-13,34.70613098144531,35.417410417788226,34.51547668509264,35.32208326961189,38925400
2014-03-14,34.376155853271484,35.06543781908583,34.31016056313307,34.73546136839375,26135900
2014-03-17,34.999446868896484,35.05077623456453,34.691470674888194,34.80879533887811,18928200
2014-03-18,35.300079345703125,35.300079345703125,34.83078085126548,35.01410075048266,19517200
2014-03-19,35.8867073059082,36.31201087215291,35.21209132843873,35.35874782704863,30308800
2014-03-20,36.825294494628906,37.00127999436146,35.93802424337057,36.143344389377326,33885600
2014-03-21,36.722652435302734,37.39726848490407,36.561329989858784,37.39726848490407,38388600
2014-03-24,36.700645446777344,37.14061490941166,36.50265960817787,36.81063851174588,21170300
2014-03-25,36.883968353271484,37.07462264173998,36.70064842825796,36.817973068377015,17484200
2014-03-26,36.78129577636719,37.0892745888475,36.42932198870327,37.052608379875814,36784700
2014-03-27,34.79411315917969,35.344072789312435,34.54479801496327,34.77944723337409,112601000
2014-03-28,34.64745330810547,35.014093025651555,34.48613093726869,34.99209553771529,39796000
2014-03-31,34.904109954833984,35.12409608594769,34.80878561507389,34.85278060350474,25651000
2014-04-01,35.05077362060547,35.38075008760636,34.94078332976546,34.99211269160555,26810400
2014-04-02,35.373416900634766,35.46140968872551,34.99944265607856,35.307421610256625,22354300
2014-04-03,34.96278381347656,35.19743314399058,34.735466050748315,35.15343534555395,29237100
2014-04-04,34.5448112487793,35.04344172823312,34.354156937507916,34.999443933961174,33010000
2014-04-07,34.1341667175293,34.588799311568,33.94351524171947,34.552135888978405,30145300
2014-04-08,34.170833587646484,34.35415351632965,33.81885966024362,34.11950423139441,26874900
2014-04-09,34.58147048950195,34.603467985352935,33.96551543051377,34.30282342068252,22373200
2014-04-10,33.89952850341797,34.662140249656254,33.81886726909113,34.64014274838193,27170000
2014-04-11,33.496212005615234,34.038837337553296,33.129572209404245,33.510877933132434,31063200
2014-04-14,34.95543670654297,35.050763836453484,34.449474796537274,34.75745367884831,51962300
2014-04-15,35.42473602294922,35.53472627696718,34.93343727050263,35.16808650242833,36511600
2014-04-16,35.329410552978516,35.65205256267727,34.889443921822064,35.6080575779054,24654500
2014-04-17,35.35874557495117,35.52006519563112,35.190091591325846,35.336745283354915,21360900
2014-04-21,35.08008575439453,35.35873270284198,35.02875642142248,35.32940085621827,17044500
2014-04-22,35.21208953857422,35.6007268624816,35.08743054205832,35.12409676277706,18584800
2014-04-23,35.490753173828125,35.56408005504513,35.13144474248586,35.19744005447765,13497900
2014-04-24,35.43941879272461,35.62273876711965,35.2047666520374,35.5274115972068,14699100
2014-04-25,35.01409912109375,35.5053950854582,34.96276977548073,35.28541177608248,18117600
2014-04-28,34.684120178222656,35.17541890327843,34.50080030117366,34.933435322898866,25780300
2014-04-29,35.31474304199219,35.34407489535116,34.757451814369134,34.90410548668502,16942400
2014-04-30,35.13141632080078,35.4393951266848,35.0800869860266,35.29273868565617,17077200
2014-05-01,35.02874755859375,35.307452792153256,34.90406533173689,35.06542143503302,10931500
2014-05-02,35.00674819946289,35.35879561769208,34.830725889260385,35.080093160234085,15358500
2014-05-05,34.603355407714844,34.69870244320184,34.324650195119496,34.618024397622364,16845800
2014-05-06,34.001922607421875,34.50798989809718,33.97992053325146,34.47865193398846,21786700
2014-05-07,34.25130081176758,34.346647827123505,33.97259565801655,34.13395171510764,17502000
2014-05-08,34.57402801513672,34.830731220390156,34.25131853182267,34.25131853182267,16065700
2014-05-09,34.46400451660156,34.640026801459626,34.25864145383546,34.50067559279501,15185800
2014-05-12,34.66937255859375,34.76471961634403,34.50068333200443,34.632701474174226,13305600
2014-05-13,34.77937698364258,34.8307198461866,34.640025779090784,34.72803691892225,12615200
2014-05-14,34.559356689453125,34.84539506638545,34.45667653340812,34.8380619685927,12405600
2014-05-15,34.119293212890625,34.42733363709769,33.84792386806669,34.36132457507846,21174400
2014-05-16,34.06061935424805,34.23664446312772,33.86259215594249,34.06061935424805,17186900
2014-05-19,34.30265426635742,34.317323258897964,33.79658661391782,33.81125280863411,13621000
2014-05-20,34.141292572021484,34.43466677928493,34.01661035251998,34.19263263861902,11789800
2014-05-21,34.3613166809082,34.53734173846082,34.243967575147586,34.34665049078358,12822600
2014-05-22,34.57402801513672,34.581363911248744,34.30265861330844,34.309991711595856,12711900
2014-05-23,34.68404006958008,34.7647181305496,34.537352940346786,34.640033091462804,9571800
2014-05-27,34.88938903808594,35.46146557865152,34.77203993238471,34.92606010902569,24503800
2014-05-28,34.706031799316406,35.12408817424774,34.69869870406474,34.82338090810725,14178100
2014-05-29,34.676692962646484,34.83804903241589,34.62535290368774,34.72803302160523,15552800
2014-05-30,34.88938903808594,34.91139112108511,34.58134868480397,34.61068386286175,11538700
2014-06-02,35.02874755859375,35.17543467087896,34.78671620147351,34.91139842833037,11887400
2014-06-03,35.34413146972656,35.395471550390866,34.808725772924134,34.8453968594237,16105800
2014-06-04,35.116756439208984,35.35145466588147,35.07274947252406,35.23410555254523,13075300
2014-06-05,35.66684341430664,35.7915256668116,35.1241018265524,35.21211299289852,17048300
2014-06-06,35.88685989379883,36.08488704561966,35.65949476441413,35.71817071954187,19149500
2014-06-09,36.36359786987305,36.37093096648821,35.90153444404672,35.930872426155304,14235700
2014-06-10,36.18023681640625,36.30491903376885,35.930869583857316,36.297585937733764,12769300
2014-06-11,35.79884338378906,36.13622168164615,35.67415839677564,35.960196640516344,13944200
2014-06-12,35.402801513671875,35.72551093774359,35.278116483078286,35.65950187397618,15670200
2014-06-13,34.90406799316406,35.69617398338377,34.559353672683024,35.30745548433863,34838700
2014-06-16,34.940738677978516,35.04341882389483,34.500680110387385,34.81605644302988,12790900
2014-06-17,35.05075454711914,35.24144584605491,34.72804232116368,34.82338936954362,13946300
2014-06-18,35.15343475341797,35.204774826213594,34.77204935706175,35.03608561591022,14468500
2014-06-19,34.882076263427734,35.182783696826895,34.72072009990745,35.168114700340965,15747900
2014-06-20,34.720706939697266,35.072754328447964,34.52267975893301,35.03608325004509,18832900
2014-06-23,35.248779296875,35.336790444294934,34.544681724043755,34.56668660926668,18431400
2014-06-24,35.065425872802734,35.55682454365051,34.992080908465844,35.09476106071318,16916400
2014-06-25,35.07275390625,35.25611209388109,34.882062622156184,34.96273787454178,12704600
2014-06-26,34.64002227783203,35.01407448049967,34.493335194390276,34.9920695993982,18875700
2014-06-27,34.57402801513672,34.7207151613066,34.412671874567394,34.63270399273451,19162000
2014-06-30,34.544673919677734,34.69136099745389,34.47866487456963,34.58868088235757,12290400
2014-07-01,34.80873489379883,35.13144725433373,34.63271251334824,34.779396897781965,16699800
2014-07-02,35.21210861206055,35.388133720677544,34.838059103257685,34.86739708766455,16774600
2014-07-03,35.380802154541016,35.72551369385391,35.256117114328376,35.48348230658419,13643100
2014-07-07,35.190093994140625,35.28544101060499,34.904055742570726,35.24143404966224,12052300
2014-07-08,34.77937698364258,35.00674212584952,34.654694768699976,34.984740040347575,13808800
2014-07-09,34.750038146972656,34.962731479374,34.61802005220029,34.81604719435884,14195300
2014-07-10,34.397987365722656,34.50800056841448,34.14128429712884,34.25863339202732,18671600
2014-07-11,34.47133255004883,34.47866564508103,34.15595630502039,34.33931445688235,15205700
2014-07-14,35.512813568115234,35.81352369131539,35.461473497769845,35.69617176158421,36149700
2014-07-15,36.15089416503906,36.27557636628967,35.806179941637104,35.806179941637104,34419100
2014-07-16,36.53962326049805,36.57629434232655,36.23158281574961,36.29759188217059,23590400
2014-07-17,36.07021713256836,36.65696267969326,36.05554814416231,36.30491535141832,23847600
2014-07-18,36.34893035888672,36.53228855779546,36.16557215997797,36.297590287018195,15453900
2014-07-21,36.19490051269531,36.28291444598985,35.989540263988495,36.05554931504763,10920200
2014-07-22,36.37825393676758,36.54694588802247,36.21690067573296,36.37825393676758,13125500
2014-07-23,36.80366134643555,37.1043687088205,36.202246621665644,36.38560483770097,20099200
2014-07-24,36.73765182495117,37.016357093288164,36.64230477039457,36.83299887950778,13282600
2014-07-25,36.693634033203125,36.81831903669908,36.62762498378138,36.6642988539895,10082900
2014-07-28,36.45160675048828,36.730311967531875,36.33425762717894,36.634964930523104,12070400
2014-07-29,36.246246337890625,36.57629164566224,36.246246337890625,36.47361150498307,13165800
2014-07-30,36.671634674072266,36.8696618370511,36.40026536087477,36.42960054226802,15327600
2014-07-31,35.87937545776367,36.620289567415185,35.87937545776367,36.356203281682845,23550900
2014-08-01,35.28517532348633,35.9674045305554,35.138461651828216,35.64463053517008,21822700
2014-08-04,35.46123123168945,35.57860383343141,35.255829878236916,35.54192542008396,14277000
2014-08-05,35.13111877441406,35.57126811544651,34.95506127670786,35.40254238243482,15912700
2014-08-06,35.31450271606445,35.60059816017792,35.028407271951,35.028407271951,13038300
2014-08-07,35.255828857421875,35.67396891391953,35.13111889759121,35.57860280327061,12377000
2014-08-08,35.54192352294922,35.57860193433886,35.05042385550104,35.2558279963732,12001500
2014-08-11,35.497901916503906,35.65195289805363,35.38052934031607,35.61527449269174,9130300
2014-08-12,35.53459167480469,35.71065199452739,35.24849610384117,35.36586871752836,9238600
2014-08-13,35.76198959350586,35.864690244084414,35.6006012578065,35.666623504375984,8602600
2014-08-14,36.0407600402832,36.05543196544675,35.75466449555304,35.820686759597194,9693100
2014-08-15,35.739994049072266,36.297513236435485,35.44656113042823,36.15813413919061,16215300
2014-08-18,36.31951904296875,36.370872181391995,35.92338824814673,35.98207315174184,13199700
2014-08-19,36.45889663696289,36.86236474614956,36.32685212146423,36.3341866841549,13073300
2014-08-20,36.53225326538086,36.62028200912283,36.282836159459194,36.40754611161168,9039500
2014-08-21,37.46390151977539,37.573939554373474,36.532255301564234,36.65696526066763,24162400
2014-08-22,37.361202239990234,37.90404947501459,37.214485787848886,37.368536803324695,20002900
2014-08-25,37.87470626831055,38.13879530746221,37.61795179207603,37.61795179207603,17502900
2014-08-26,38.241493225097656,38.43222262942775,37.749993593536345,37.79400936302015,18384700
2014-08-27,38.043426513671875,38.34419394294425,37.91138200341735,38.23415591827108,13398400
2014-08-28,37.69864273071289,37.86736564711637,37.61794855365401,37.7940088307264,10255900
2014-08-29,37.889373779296875,38.02141828349259,37.74999191465523,37.80134224424434,8981300
2014-09-02,38.11678695678711,38.131458881364644,37.735325312921674,37.984742433972784,11452100
2014-09-03,38.31485366821289,38.53492693969081,38.175474582566345,38.32219102967945,15116800
2014-09-04,38.49091339111328,38.791680843942736,38.30751853454938,38.32952502185435,15694900
2014-09-05,38.3662109375,38.50559284671552,37.940736242212964,38.373548300292384,17484800
2014-09-08,38.18281173706055,38.71098986316101,38.08011105662627,38.263505928368524,13557800
2014-09-09,37.60328674316406,37.98474844741952,37.50058605324604,37.882047757501496,14584100
2014-09-10,38.021427154541016,38.138799763613015,37.54459935609518,37.58861513389108,13013600
2014-09-11,38.31485366821289,38.33686015584564,37.79401293942566,37.86003520070739,14084300
2014-09-12,38.424903869628906,38.777021775161444,38.21216509387455,38.29285930525616,18329200
2014-09-15,38.3735466003418,38.52759763154967,38.08744823017651,38.41755958161042,12805700
2014-09-16,38.41022872924805,38.44690714997755,38.080117345914275,38.234168392008655,13221300
2014-09-17,38.432228088378906,38.91639042793887,38.307520921369395,38.38087774921221,20379900
2014-09-18,39.3638801574707,39.53994048798922,38.49825602905471,38.65964443216468,27307100
2014-09-19,39.23183822631836,39.70866610456099,39.070449812442234,39.59862804084832,22153100
2014-09-22,38.9090690612793,39.42257542549555,38.85038134039307,39.202499270556764,16654900
2014-09-23,38.76233673095703,39.06310418173553,38.696314471108906,38.696314471108906,14586000
2014-09-24,39.07044982910156,39.11446561428224,38.505595977062676,38.80636351317012,15606000
2014-09-25,38.11678695678711,39.077777028739476,38.11678695678711,39.04843317958441,19262500
2014-09-26,38.50559997558594,38.57895682678709,38.11680082874321,38.13881012281115,10474200
2014-09-29,38.18281173706055,38.34420011967651,37.64729904737921,37.962738450646576,13006900
2014-09-30,38.01408767700195,38.505587374029126,37.874708585979945,38.20481990512005,21787700
2014-10-01,37.48590850830078,38.03609309187692,37.3318574965115,37.91138592949041,20757500
2014-10-02,37.595947265625,37.79401405531822,37.16313527297319,37.368536625966065,18393400
2014-10-03,38.38087463378906,38.461568816896275,37.882040409474804,37.93339074447333,17716300
2014-10-06,38.351531982421875,38.63762751445066,38.24149674615575,38.56427069027324,12675100
2014-10-07,37.610618591308594,38.1974815893538,37.610618591308594,38.13879668874103,16837100
2014-10-08,38.54227066040039,38.58628364292777,37.544602013482105,37.566608504745794,23356300
2014-10-09,37.515254974365234,38.49825161085324,37.41988885634627,38.49825161085324,22423700
2014-10-10,36.75966262817383,37.62528650746078,36.75966262817383,37.36119748688059,27764500
2014-10-13,36.605613708496094,37.317183833881344,36.576269860459924,36.78167119994638,26025900
2014-10-14,37.7573356628418,37.87470826438572,37.00174691691825,37.522590459753964,41368500
2014-10-15,36.44422149658203,37.36119566306531,35.29250216734968,37.339189178552296,55398300
2014-10-16,36.495582580566406,36.83302850165901,35.754668467003626,35.930725991754585,28295100
2014-10-17,36.730323791503906,37.207151565740375,36.4882440218766,37.03842862366472,21969900
2014-10-20,37.067771911621094,37.13379417975354,36.64963181291017,36.700982154970546,13796700
2014-10-21,37.610618591308594,37.77200696516484,37.22915694298334,37.441895654269565,17798300
2014-10-22,37.19247055053711,37.999406649920566,37.177798628935946,37.61061052183,16664500
2014-10-23,37.71332550048828,38.07278072030257,37.4785802624649,37.59595288147659,15167500
2014-10-24,37.99941635131836,38.05076669084091,37.683976952317785,37.735327291840335,13284400
2014-10-27,37.84535217285156,37.88936793358692,37.537247444469386,37.76465801069474,12134600
2014-10-28,38.46891784667969,38.52760556496768,37.88205465572197,37.88205465572197,16529200
2014-10-29,38.62297439575195,38.696331250332385,38.21216873430152,38.49826438490367,16322200
2014-10-30,38.99716567993164,39.18059542856929,38.402852286735936,38.60829270955704,21027700
2014-10-31,39.27596664428711,39.54744461672209,38.87976061768775,39.180585215078715,27639400
2014-11-03,39.23195266723633,39.43739307504402,38.901778584034226,39.195264481057265,12123000
2014-11-04,39.026493072509766,39.121877278473455,38.615612429431366,39.09252786142086,13618000
2014-11-05,39.635501861572266,39.7015366854377,39.07787383806061,39.320002458539186,18546200
2014-11-06,39.61347961425781,39.840930653080825,39.48141000510859,39.59880490225066,13621300
2014-11-07,39.4373893737793,39.62815504899481,39.28330908238422,39.51809889753349,13479200
2014-11-10,39.54011154174805,39.54011154174805,39.283311043271,39.305321714878886,11235500
2014-11-11,39.481414794921875,39.686855190115374,39.444726610995495,39.54744960750771,9524300
2014-11-12,39.195255279541016,39.341999593060514,38.938454830068125,39.1365592334822,10271800
2014-11-13,39.20993423461914,39.31265722444136,38.872424236234835,39.23928366028263,12668400
2014-11-14,39.16590881347656,39.32732503997367,39.077860545661785,39.114548723375435,11345500
2014-11-17,39.30532455444336,39.356684657849215,38.923790358488624,38.931129115498436,10191900
2014-11-18,39.481414794921875,39.74555124634975,39.26129688702545,39.29798507095183,12907700
2014-11-19,39.37135696411133,39.496090635405245,39.16591656305727,39.496090635405245,8664900
2014-11-20,39.26864242553711,39.305327816884024,38.96781773822686,39.07053795356462,9721900
2014-11-21,39.37135696411133,39.87762200910119,39.33467157805389,39.67218160804713,15142200
2014-11-24,39.91428756713867,39.980322344173935,39.44470537549126,39.57677492956179,13733900
2014-11-25,39.86294174194336,40.00234729932032,39.664837340040336,39.91430183144619,13212100
2014-11-26,39.71620178222656,39.97300225788465,39.62081754887559,39.950991588232604,8704200
2014-11-28,39.59880828857422,39.7528885794529,39.49608809465509,39.62081895900964,5876800
2014-12-01,39.143890380859375,39.55477384845436,38.923775337078524,39.47406434598797,13825700
2014-12-02,39.88494873046875,39.96565823479052,39.261286160019004,39.261286160019004,15964300
2014-12-03,40.50863265991211,40.55999277530718,39.848287119582764,39.96568206890241,21221500
2014-12-04,40.486610412597656,40.670040143427144,40.12708690864901,40.33253011044062,13407400
2014-12-05,41.146949768066406,41.44777435036945,40.69204211762573,40.73606625122434,21945900
2014-12-08,41.35972213745117,41.785280324894494,40.90481732932342,41.073572293646386,21799300
2014-12-09,40.97818374633789,41.190962817560106,40.12707026036343,40.677359224542975,26262900
2014-12-10,39.96565246582031,41.02954218146661,39.877604219861794,40.72871767172741,22464100
2014-12-11,39.99500274658203,40.523281075077016,39.92896795552016,40.09772570961182,20641300
2014-12-12,39.180580139160156,39.87761067284885,39.05584650332503,39.6061355344991,23137300
2014-12-15,38.73302459716797,39.67952272796821,38.534920141959844,39.67952272796821,20956200
2014-12-16,37.54439163208008,38.76970354812152,37.50770624992883,38.27077451390186,34745200
2014-12-17,38.48354721069336,38.50555787651875,37.50036401938081,37.57373477140863,26918800
2014-12-18,39.694190979003906,39.694190979003906,38.98248555628466,39.18058999320098,23478100
2014-12-19,39.62815856933594,39.973007365496315,39.43739287717388,39.61348665363669,22986200
2014-12-22,39.59147262573242,39.81892650069223,39.268637305490145,39.65017148336679,11742300
2014-12-23,39.92898178100586,40.25181989305368,39.56946108211781,39.63549589604436,12277000
2014-12-24,40.017032623291016,40.28117189588024,39.85561355694966,40.11975282953889,6237400
2014-12-26,39.936309814453125,40.18577428909176,39.92163510430794,40.08305411699022,6415100
2014-12-29,40.156436920166016,40.41324022640397,39.642833106605714,39.72354263716863,9887500
2014-12-30,40.23713302612305,40.31784252975826,39.80423888755526,39.995004515217396,8188600
2014-12-31,39.7015266418457,40.40589605227678,39.694187886097225,40.317850575701705,10193000
